ISO-10303-21;
HEADER;
/* Generated by software containing ST-Developer
 * from STEP Tools, Inc. (www.steptools.com) 
 */

FILE_DESCRIPTION(
/* description */ ('STEP AP242 Edition 2'),
/* implementation_level */ '2;1');

FILE_NAME(
/* name */ 'BPL-700-Assembly-SIMS.step',
/* time_stamp */ '2026-09-04T15:11:10-07:00',
/* author */ (''),
/* organization */ (''),
/* preprocessor_version */ 'ST-DEVELOPER v20.1',
/* originating_system */ 'Autodesk Translation Framework v15.8.0.0',
/* authorisation */ '');

FILE_SCHEMA (('AUTOMOTIVE_DESIGN { 1 0 10303 214 3 1 1 }'));
ENDSEC;

DATA;
#10=MECHANICAL_DESIGN_GEOMETRIC_PRESENTATION_REPRESENTATION('',(#59,#60,
#61,#62,#63,#64),#3633);
#11=ITEM_DEFINED_TRANSFORMATION($,$,#2345,#2361);
#12=ITEM_DEFINED_TRANSFORMATION($,$,#2087,#2362);
#13=ITEM_DEFINED_TRANSFORMATION($,$,#2102,#2363);
#14=ITEM_DEFINED_TRANSFORMATION($,$,#2128,#2364);
#15=ITEM_DEFINED_TRANSFORMATION($,$,#2256,#2365);
#16=ITEM_DEFINED_TRANSFORMATION($,$,#2295,#2366);
#17=ITEM_DEFINED_TRANSFORMATION($,$,#2345,#2367);
#18=ITEM_DEFINED_TRANSFORMATION($,$,#2345,#2368);
#19=ITEM_DEFINED_TRANSFORMATION($,$,#2345,#2369);
#20=(
REPRESENTATION_RELATIONSHIP($,$,#3666,#3660)
REPRESENTATION_RELATIONSHIP_WITH_TRANSFORMATION(#11)
SHAPE_REPRESENTATION_RELATIONSHIP()
);
#21=(
REPRESENTATION_RELATIONSHIP($,$,#3661,#3660)
REPRESENTATION_RELATIONSHIP_WITH_TRANSFORMATION(#12)
SHAPE_REPRESENTATION_RELATIONSHIP()
);
#22=(
REPRESENTATION_RELATIONSHIP($,$,#3662,#3660)
REPRESENTATION_RELATIONSHIP_WITH_TRANSFORMATION(#13)
SHAPE_REPRESENTATION_RELATIONSHIP()
);
#23=(
REPRESENTATION_RELATIONSHIP($,$,#3663,#3660)
REPRESENTATION_RELATIONSHIP_WITH_TRANSFORMATION(#14)
SHAPE_REPRESENTATION_RELATIONSHIP()
);
#24=(
REPRESENTATION_RELATIONSHIP($,$,#3664,#3660)
REPRESENTATION_RELATIONSHIP_WITH_TRANSFORMATION(#15)
SHAPE_REPRESENTATION_RELATIONSHIP()
);
#25=(
REPRESENTATION_RELATIONSHIP($,$,#3665,#3660)
REPRESENTATION_RELATIONSHIP_WITH_TRANSFORMATION(#16)
SHAPE_REPRESENTATION_RELATIONSHIP()
);
#26=(
REPRESENTATION_RELATIONSHIP($,$,#3666,#3660)
REPRESENTATION_RELATIONSHIP_WITH_TRANSFORMATION(#17)
SHAPE_REPRESENTATION_RELATIONSHIP()
);
#27=(
REPRESENTATION_RELATIONSHIP($,$,#3666,#3660)
REPRESENTATION_RELATIONSHIP_WITH_TRANSFORMATION(#18)
SHAPE_REPRESENTATION_RELATIONSHIP()
);
#28=(
REPRESENTATION_RELATIONSHIP($,$,#3666,#3660)
REPRESENTATION_RELATIONSHIP_WITH_TRANSFORMATION(#19)
SHAPE_REPRESENTATION_RELATIONSHIP()
);
#29=CONTEXT_DEPENDENT_SHAPE_REPRESENTATION(#20,#3651);
#30=CONTEXT_DEPENDENT_SHAPE_REPRESENTATION(#21,#3652);
#31=CONTEXT_DEPENDENT_SHAPE_REPRESENTATION(#22,#3653);
#32=CONTEXT_DEPENDENT_SHAPE_REPRESENTATION(#23,#3654);
#33=CONTEXT_DEPENDENT_SHAPE_REPRESENTATION(#24,#3655);
#34=CONTEXT_DEPENDENT_SHAPE_REPRESENTATION(#25,#3656);
#35=CONTEXT_DEPENDENT_SHAPE_REPRESENTATION(#26,#3657);
#36=CONTEXT_DEPENDENT_SHAPE_REPRESENTATION(#27,#3658);
#37=CONTEXT_DEPENDENT_SHAPE_REPRESENTATION(#28,#3659);
#38=NEXT_ASSEMBLY_USAGE_OCCURRENCE('Part 1 (2):1','Part 1 (2):1',
'Part 1 (2):1',#3668,#3674,'Part 1 (2):1');
#39=NEXT_ASSEMBLY_USAGE_OCCURRENCE('Part 1 (3):1','Part 1 (3):1',
'Part 1 (3):1',#3668,#3669,'Part 1 (3):1');
#40=NEXT_ASSEMBLY_USAGE_OCCURRENCE('Part 1 (4):1','Part 1 (4):1',
'Part 1 (4):1',#3668,#3670,'Part 1 (4):1');
#41=NEXT_ASSEMBLY_USAGE_OCCURRENCE('Part 1 (8):1','Part 1 (8):1',
'Part 1 (8):1',#3668,#3671,'Part 1 (8):1');
#42=NEXT_ASSEMBLY_USAGE_OCCURRENCE('Part 1 (5):1','Part 1 (5):1',
'Part 1 (5):1',#3668,#3672,'Part 1 (5):1');
#43=NEXT_ASSEMBLY_USAGE_OCCURRENCE('Part 1 (7):1','Part 1 (7):1',
'Part 1 (7):1',#3668,#3673,'Part 1 (7):1');
#44=NEXT_ASSEMBLY_USAGE_OCCURRENCE('Part 1 (2):2','Part 1 (2):2',
'Part 1 (2):2',#3668,#3674,'Part 1 (2):2');
#45=NEXT_ASSEMBLY_USAGE_OCCURRENCE('Part 1 (2):3','Part 1 (2):3',
'Part 1 (2):3',#3668,#3674,'Part 1 (2):3');
#46=NEXT_ASSEMBLY_USAGE_OCCURRENCE('Part 1 (2):4','Part 1 (2):4',
'Part 1 (2):4',#3668,#3674,'Part 1 (2):4');
#47=SHAPE_REPRESENTATION_RELATIONSHIP('SRR','None',#3661,#53);
#48=SHAPE_REPRESENTATION_RELATIONSHIP('SRR','None',#3662,#54);
#49=SHAPE_REPRESENTATION_RELATIONSHIP('SRR','None',#3663,#55);
#50=SHAPE_REPRESENTATION_RELATIONSHIP('SRR','None',#3664,#56);
#51=SHAPE_REPRESENTATION_RELATIONSHIP('SRR','None',#3665,#57);
#52=SHAPE_REPRESENTATION_RELATIONSHIP('SRR','None',#3666,#58);
#53=ADVANCED_BREP_SHAPE_REPRESENTATION('',(#65),#3627);
#54=ADVANCED_BREP_SHAPE_REPRESENTATION('',(#66),#3628);
#55=ADVANCED_BREP_SHAPE_REPRESENTATION('',(#67),#3629);
#56=ADVANCED_BREP_SHAPE_REPRESENTATION('',(#68),#3630);
#57=ADVANCED_BREP_SHAPE_REPRESENTATION('',(#69),#3631);
#58=ADVANCED_BREP_SHAPE_REPRESENTATION('',(#70),#3632);
#59=STYLED_ITEM('',(#3700),#65);
#60=STYLED_ITEM('',(#3700),#66);
#61=STYLED_ITEM('',(#3701),#67);
#62=STYLED_ITEM('',(#3702),#68);
#63=STYLED_ITEM('',(#3700),#69);
#64=STYLED_ITEM('',(#3700),#70);
#65=MANIFOLD_SOLID_BREP('Body1',#2013);
#66=MANIFOLD_SOLID_BREP('Body1',#2014);
#67=MANIFOLD_SOLID_BREP('Body1',#2015);
#68=MANIFOLD_SOLID_BREP('Body1',#2016);
#69=MANIFOLD_SOLID_BREP('Body1',#2017);
#70=MANIFOLD_SOLID_BREP('Body1',#2018);
#71=CYLINDRICAL_SURFACE('',#2094,0.0025527);
#72=CYLINDRICAL_SURFACE('',#2095,0.015875);
#73=CYLINDRICAL_SURFACE('',#2101,0.0307975);
#74=CYLINDRICAL_SURFACE('',#2110,0.0035687);
#75=CYLINDRICAL_SURFACE('',#2113,0.0035687);
#76=CYLINDRICAL_SURFACE('',#2116,0.0035687);
#77=CYLINDRICAL_SURFACE('',#2119,0.0035687);
#78=CYLINDRICAL_SURFACE('',#2127,0.0555625);
#79=CYLINDRICAL_SURFACE('',#2132,0.00135255);
#80=CYLINDRICAL_SURFACE('',#2137,0.00135255);
#81=CYLINDRICAL_SURFACE('',#2142,0.00135255);
#82=CYLINDRICAL_SURFACE('',#2206,0.0447675);
#83=CYLINDRICAL_SURFACE('',#2212,0.0415925);
#84=CYLINDRICAL_SURFACE('',#2213,0.0015875);
#85=CYLINDRICAL_SURFACE('',#2215,0.0015875);
#86=CYLINDRICAL_SURFACE('',#2217,0.0015875);
#87=CYLINDRICAL_SURFACE('',#2219,0.0015875);
#88=CYLINDRICAL_SURFACE('',#2221,0.0015875);
#89=CYLINDRICAL_SURFACE('',#2223,0.0015875);
#90=CYLINDRICAL_SURFACE('',#2225,0.0015875);
#91=CYLINDRICAL_SURFACE('',#2227,0.0015875);
#92=CYLINDRICAL_SURFACE('',#2229,0.04953);
#93=CYLINDRICAL_SURFACE('',#2239,0.03683);
#94=CYLINDRICAL_SURFACE('',#2242,0.0015875);
#95=CYLINDRICAL_SURFACE('',#2244,0.0015875);
#96=CYLINDRICAL_SURFACE('',#2246,0.00635);
#97=CYLINDRICAL_SURFACE('',#2248,0.00635);
#98=CYLINDRICAL_SURFACE('',#2255,0.00135255);
#99=CYLINDRICAL_SURFACE('',#2257,0.0555625);
#100=CYLINDRICAL_SURFACE('',#2271,0.03556);
#101=CYLINDRICAL_SURFACE('',#2274,0.0508);
#102=CYLINDRICAL_SURFACE('',#2285,0.0307975);
#103=CYLINDRICAL_SURFACE('',#2286,0.0619125);
#104=CYLINDRICAL_SURFACE('',#2289,0.00635);
#105=CYLINDRICAL_SURFACE('',#2290,0.00635);
#106=CYLINDRICAL_SURFACE('',#2291,0.0018288);
#107=CYLINDRICAL_SURFACE('',#2292,0.0018288);
#108=CYLINDRICAL_SURFACE('',#2293,0.0018288);
#109=CYLINDRICAL_SURFACE('',#2294,0.0018288);
#110=CYLINDRICAL_SURFACE('',#2303,0.0035687);
#111=CYLINDRICAL_SURFACE('',#2306,0.0035687);
#112=CYLINDRICAL_SURFACE('',#2309,0.0035687);
#113=CYLINDRICAL_SURFACE('',#2312,0.0035687);
#114=CYLINDRICAL_SURFACE('',#2315,0.0035687);
#115=CYLINDRICAL_SURFACE('',#2337,0.0015875);
#116=CYLINDRICAL_SURFACE('',#2338,0.0015875);
#117=CYLINDRICAL_SURFACE('',#2339,0.009525);
#118=CYLINDRICAL_SURFACE('',#2340,0.009525);
#119=CYLINDRICAL_SURFACE('',#2341,0.0079375);
#120=CYLINDRICAL_SURFACE('',#2342,0.0079375);
#121=CYLINDRICAL_SURFACE('',#2343,0.0079375);
#122=CYLINDRICAL_SURFACE('',#2344,0.0079375);
#123=CYLINDRICAL_SURFACE('',#2346,0.015875);
#124=CYLINDRICAL_SURFACE('',#2356,0.0025527);
#125=CYLINDRICAL_SURFACE('',#2360,0.0025527);
#126=LINE('',#3058,#236);
#127=LINE('',#3063,#237);
#128=LINE('',#3066,#238);
#129=LINE('',#3075,#239);
#130=LINE('',#3080,#240);
#131=LINE('',#3082,#241);
#132=LINE('',#3084,#242);
#133=LINE('',#3085,#243);
#134=LINE('',#3088,#244);
#135=LINE('',#3090,#245);
#136=LINE('',#3091,#246);
#137=LINE('',#3094,#247);
#138=LINE('',#3096,#248);
#139=LINE('',#3097,#249);
#140=LINE('',#3100,#250);
#141=LINE('',#3102,#251);
#142=LINE('',#3103,#252);
#143=LINE('',#3106,#253);
#144=LINE('',#3108,#254);
#145=LINE('',#3109,#255);
#146=LINE('',#3112,#256);
#147=LINE('',#3114,#257);
#148=LINE('',#3115,#258);
#149=LINE('',#3118,#259);
#150=LINE('',#3120,#260);
#151=LINE('',#3121,#261);
#152=LINE('',#3126,#262);
#153=LINE('',#3132,#263);
#154=LINE('',#3138,#264);
#155=LINE('',#3144,#265);
#156=LINE('',#3147,#266);
#157=LINE('',#3148,#267);
#158=LINE('',#3156,#268);
#159=LINE('',#3161,#269);
#160=LINE('',#3168,#270);
#161=LINE('',#3172,#271);
#162=LINE('',#3179,#272);
#163=LINE('',#3183,#273);
#164=LINE('',#3190,#274);
#165=LINE('',#3291,#275);
#166=LINE('',#3297,#276);
#167=LINE('',#3300,#277);
#168=LINE('',#3304,#278);
#169=LINE('',#3308,#279);
#170=LINE('',#3312,#280);
#171=LINE('',#3316,#281);
#172=LINE('',#3320,#282);
#173=LINE('',#3324,#283);
#174=LINE('',#3328,#284);
#175=LINE('',#3333,#285);
#176=LINE('',#3348,#286);
#177=LINE('',#3353,#287);
#178=LINE('',#3357,#288);
#179=LINE('',#3360,#289);
#180=LINE('',#3364,#290);
#181=LINE('',#3371,#291);
#182=LINE('',#3376,#292);
#183=LINE('',#3382,#293);
#184=LINE('',#3408,#294);
#185=LINE('',#3413,#295);
#186=LINE('',#3431,#296);
#187=LINE('',#3434,#297);
#188=LINE('',#3438,#298);
#189=LINE('',#3440,#299);
#190=LINE('',#3442,#300);
#191=LINE('',#3444,#301);
#192=LINE('',#3446,#302);
#193=LINE('',#3448,#303);
#194=LINE('',#3453,#304);
#195=LINE('',#3455,#305);
#196=LINE('',#3457,#306);
#197=LINE('',#3458,#307);
#198=LINE('',#3461,#308);
#199=LINE('',#3463,#309);
#200=LINE('',#3464,#310);
#201=LINE('',#3467,#311);
#202=LINE('',#3469,#312);
#203=LINE('',#3470,#313);
#204=LINE('',#3473,#314);
#205=LINE('',#3475,#315);
#206=LINE('',#3476,#316);
#207=LINE('',#3479,#317);
#208=LINE('',#3481,#318);
#209=LINE('',#3482,#319);
#210=LINE('',#3485,#320);
#211=LINE('',#3487,#321);
#212=LINE('',#3488,#322);
#213=LINE('',#3491,#323);
#214=LINE('',#3493,#324);
#215=LINE('',#3494,#325);
#216=LINE('',#3499,#326);
#217=LINE('',#3505,#327);
#218=LINE('',#3511,#328);
#219=LINE('',#3517,#329);
#220=LINE('',#3523,#330);
#221=LINE('',#3526,#331);
#222=LINE('',#3527,#332);
#223=LINE('',#3563,#333);
#224=LINE('',#3565,#334);
#225=LINE('',#3567,#335);
#226=LINE('',#3569,#336);
#227=LINE('',#3571,#337);
#228=LINE('',#3573,#338);
#229=LINE('',#3575,#339);
#230=LINE('',#3577,#340);
#231=LINE('',#3583,#341);
#232=LINE('',#3594,#342);
#233=LINE('',#3599,#343);
#234=LINE('',#3603,#344);
#235=LINE('',#3608,#345);
#236=VECTOR('',#2382,0.0025527);
#237=VECTOR('',#2389,0.0025527);
#238=VECTOR('',#2392,0.015875);
#239=VECTOR('',#2405,0.0307975);
#240=VECTOR('',#2410,1.);
#241=VECTOR('',#2411,1.);
#242=VECTOR('',#2412,1.);
#243=VECTOR('',#2413,1.);
#244=VECTOR('',#2416,1.);
#245=VECTOR('',#2417,1.);
#246=VECTOR('',#2418,1.);
#247=VECTOR('',#2421,1.);
#248=VECTOR('',#2422,1.);
#249=VECTOR('',#2423,1.);
#250=VECTOR('',#2426,1.);
#251=VECTOR('',#2427,1.);
#252=VECTOR('',#2428,1.);
#253=VECTOR('',#2431,1.);
#254=VECTOR('',#2432,1.);
#255=VECTOR('',#2433,1.);
#256=VECTOR('',#2436,1.);
#257=VECTOR('',#2437,1.);
#258=VECTOR('',#2438,1.);
#259=VECTOR('',#2441,1.);
#260=VECTOR('',#2442,1.);
#261=VECTOR('',#2443,1.);
#262=VECTOR('',#2448,0.0035687);
#263=VECTOR('',#2455,0.0035687);
#264=VECTOR('',#2462,0.0035687);
#265=VECTOR('',#2469,0.0035687);
#266=VECTOR('',#2474,1.);
#267=VECTOR('',#2475,1.);
#268=VECTOR('',#2486,0.0555625);
#269=VECTOR('',#2491,0.00135255);
#270=VECTOR('',#2500,0.00135255);
#271=VECTOR('',#2503,0.00135255);
#272=VECTOR('',#2512,0.00135255);
#273=VECTOR('',#2515,0.00135255);
#274=VECTOR('',#2524,0.00135255);
#275=VECTOR('',#2653,0.0447675);
#276=VECTOR('',#2664,0.0415925);
#277=VECTOR('',#2667,0.0015875);
#278=VECTOR('',#2672,0.0015875);
#279=VECTOR('',#2677,0.0015875);
#280=VECTOR('',#2682,0.0015875);
#281=VECTOR('',#2687,0.0015875);
#282=VECTOR('',#2692,0.0015875);
#283=VECTOR('',#2697,0.0015875);
#284=VECTOR('',#2702,0.0015875);
#285=VECTOR('',#2709,0.04953);
#286=VECTOR('',#2730,0.03683);
#287=VECTOR('',#2737,0.0015875);
#288=VECTOR('',#2742,0.0015875);
#289=VECTOR('',#2745,0.00635);
#290=VECTOR('',#2750,0.00635);
#291=VECTOR('',#2759,0.00135255);
#292=VECTOR('',#2766,0.00135255);
#293=VECTOR('',#2773,0.0555625);
#294=VECTOR('',#2802,0.03556);
#295=VECTOR('',#2809,0.0508);
#296=VECTOR('',#2830,0.0307975);
#297=VECTOR('',#2833,0.0619125);
#298=VECTOR('',#2840,0.00635);
#299=VECTOR('',#2843,0.00635);
#300=VECTOR('',#2846,0.0018288);
#301=VECTOR('',#2849,0.0018288);
#302=VECTOR('',#2852,0.0018288);
#303=VECTOR('',#2855,0.0018288);
#304=VECTOR('',#2860,1.);
#305=VECTOR('',#2861,1.);
#306=VECTOR('',#2862,1.);
#307=VECTOR('',#2863,1.);
#308=VECTOR('',#2866,1.);
#309=VECTOR('',#2867,1.);
#310=VECTOR('',#2868,1.);
#311=VECTOR('',#2871,1.);
#312=VECTOR('',#2872,1.);
#313=VECTOR('',#2873,1.);
#314=VECTOR('',#2876,1.);
#315=VECTOR('',#2877,1.);
#316=VECTOR('',#2878,1.);
#317=VECTOR('',#2881,1.);
#318=VECTOR('',#2882,1.);
#319=VECTOR('',#2883,1.);
#320=VECTOR('',#2886,1.);
#321=VECTOR('',#2887,1.);
#322=VECTOR('',#2888,1.);
#323=VECTOR('',#2891,1.);
#324=VECTOR('',#2892,1.);
#325=VECTOR('',#2893,1.);
#326=VECTOR('',#2898,0.0035687);
#327=VECTOR('',#2905,0.0035687);
#328=VECTOR('',#2912,0.0035687);
#329=VECTOR('',#2919,0.0035687);
#330=VECTOR('',#2926,0.0035687);
#331=VECTOR('',#2931,1.);
#332=VECTOR('',#2932,1.);
#333=VECTOR('',#2971,0.0015875);
#334=VECTOR('',#2974,0.0015875);
#335=VECTOR('',#2977,0.009525);
#336=VECTOR('',#2980,0.009525);
#337=VECTOR('',#2983,0.0079375);
#338=VECTOR('',#2986,0.0079375);
#339=VECTOR('',#2989,0.0079375);
#340=VECTOR('',#2992,0.0079375);
#341=VECTOR('',#2999,0.015875);
#342=VECTOR('',#3012,0.0025527);
#343=VECTOR('',#3019,0.0025527);
#344=VECTOR('',#3022,0.0025527);
#345=VECTOR('',#3029,0.0025527);
#346=CONICAL_SURFACE('',#2091,0.0025527,1.02974425867665);
#347=CONICAL_SURFACE('',#2129,0.00135255,1.02974425867665);
#348=CONICAL_SURFACE('',#2134,0.00135255,1.02974425867665);
#349=CONICAL_SURFACE('',#2139,0.00135255,1.02974425867665);
#350=CONICAL_SURFACE('',#2252,0.00135255,1.02974425867665);
#351=CONICAL_SURFACE('',#2353,0.0025527,1.02974425867666);
#352=CONICAL_SURFACE('',#2357,0.0025527,1.02974425867665);
#353=FACE_BOUND('',#533,.T.);
#354=FACE_BOUND('',#538,.T.);
#355=FACE_BOUND('',#554,.T.);
#356=FACE_BOUND('',#555,.T.);
#357=FACE_BOUND('',#556,.T.);
#358=FACE_BOUND('',#557,.T.);
#359=FACE_BOUND('',#558,.T.);
#360=FACE_BOUND('',#560,.T.);
#361=FACE_BOUND('',#561,.T.);
#362=FACE_BOUND('',#562,.T.);
#363=FACE_BOUND('',#563,.T.);
#364=FACE_BOUND('',#564,.T.);
#365=FACE_BOUND('',#573,.T.);
#366=FACE_BOUND('',#574,.T.);
#367=FACE_BOUND('',#597,.T.);
#368=FACE_BOUND('',#598,.T.);
#369=FACE_BOUND('',#601,.T.);
#370=FACE_BOUND('',#602,.T.);
#371=FACE_BOUND('',#603,.T.);
#372=FACE_BOUND('',#604,.T.);
#373=FACE_BOUND('',#605,.T.);
#374=FACE_BOUND('',#606,.T.);
#375=FACE_BOUND('',#607,.T.);
#376=FACE_BOUND('',#608,.T.);
#377=FACE_BOUND('',#609,.T.);
#378=FACE_BOUND('',#615,.T.);
#379=FACE_BOUND('',#617,.T.);
#380=FACE_BOUND('',#622,.T.);
#381=FACE_BOUND('',#624,.T.);
#382=FACE_BOUND('',#625,.T.);
#383=FACE_BOUND('',#626,.T.);
#384=FACE_BOUND('',#627,.T.);
#385=FACE_BOUND('',#628,.T.);
#386=FACE_BOUND('',#629,.T.);
#387=FACE_BOUND('',#630,.T.);
#388=FACE_BOUND('',#634,.T.);
#389=FACE_BOUND('',#635,.T.);
#390=FACE_BOUND('',#636,.T.);
#391=FACE_BOUND('',#637,.T.);
#392=FACE_BOUND('',#638,.T.);
#393=FACE_BOUND('',#639,.T.);
#394=FACE_BOUND('',#640,.T.);
#395=FACE_BOUND('',#642,.T.);
#396=FACE_BOUND('',#646,.T.);
#397=FACE_BOUND('',#667,.T.);
#398=FACE_BOUND('',#668,.T.);
#399=FACE_BOUND('',#669,.T.);
#400=FACE_BOUND('',#670,.T.);
#401=FACE_BOUND('',#671,.T.);
#402=FACE_BOUND('',#672,.T.);
#403=FACE_BOUND('',#673,.T.);
#404=FACE_BOUND('',#674,.T.);
#405=FACE_BOUND('',#675,.T.);
#406=FACE_BOUND('',#676,.T.);
#407=FACE_BOUND('',#677,.T.);
#408=FACE_BOUND('',#678,.T.);
#409=FACE_BOUND('',#679,.T.);
#410=FACE_BOUND('',#681,.T.);
#411=FACE_BOUND('',#682,.T.);
#412=FACE_BOUND('',#683,.T.);
#413=FACE_BOUND('',#684,.T.);
#414=FACE_BOUND('',#685,.T.);
#415=FACE_BOUND('',#686,.T.);
#416=FACE_BOUND('',#687,.T.);
#417=FACE_BOUND('',#688,.T.);
#418=FACE_BOUND('',#689,.T.);
#419=FACE_BOUND('',#690,.T.);
#420=FACE_BOUND('',#691,.T.);
#421=FACE_BOUND('',#692,.T.);
#422=FACE_BOUND('',#693,.T.);
#423=FACE_BOUND('',#704,.T.);
#424=FACE_BOUND('',#706,.T.);
#425=FACE_OUTER_BOUND('',#532,.T.);
#426=FACE_OUTER_BOUND('',#534,.T.);
#427=FACE_OUTER_BOUND('',#535,.T.);
#428=FACE_OUTER_BOUND('',#536,.T.);
#429=FACE_OUTER_BOUND('',#537,.T.);
#430=FACE_OUTER_BOUND('',#539,.T.);
#431=FACE_OUTER_BOUND('',#540,.T.);
#432=FACE_OUTER_BOUND('',#541,.T.);
#433=FACE_OUTER_BOUND('',#542,.T.);
#434=FACE_OUTER_BOUND('',#543,.T.);
#435=FACE_OUTER_BOUND('',#544,.T.);
#436=FACE_OUTER_BOUND('',#545,.T.);
#437=FACE_OUTER_BOUND('',#546,.T.);
#438=FACE_OUTER_BOUND('',#547,.T.);
#439=FACE_OUTER_BOUND('',#548,.T.);
#440=FACE_OUTER_BOUND('',#549,.T.);
#441=FACE_OUTER_BOUND('',#550,.T.);
#442=FACE_OUTER_BOUND('',#551,.T.);
#443=FACE_OUTER_BOUND('',#552,.T.);
#444=FACE_OUTER_BOUND('',#553,.T.);
#445=FACE_OUTER_BOUND('',#559,.T.);
#446=FACE_OUTER_BOUND('',#565,.T.);
#447=FACE_OUTER_BOUND('',#566,.T.);
#448=FACE_OUTER_BOUND('',#567,.T.);
#449=FACE_OUTER_BOUND('',#568,.T.);
#450=FACE_OUTER_BOUND('',#569,.T.);
#451=FACE_OUTER_BOUND('',#570,.T.);
#452=FACE_OUTER_BOUND('',#571,.T.);
#453=FACE_OUTER_BOUND('',#572,.T.);
#454=FACE_OUTER_BOUND('',#575,.T.);
#455=FACE_OUTER_BOUND('',#576,.T.);
#456=FACE_OUTER_BOUND('',#577,.T.);
#457=FACE_OUTER_BOUND('',#578,.T.);
#458=FACE_OUTER_BOUND('',#579,.T.);
#459=FACE_OUTER_BOUND('',#580,.T.);
#460=FACE_OUTER_BOUND('',#581,.T.);
#461=FACE_OUTER_BOUND('',#582,.T.);
#462=FACE_OUTER_BOUND('',#583,.T.);
#463=FACE_OUTER_BOUND('',#584,.T.);
#464=FACE_OUTER_BOUND('',#585,.T.);
#465=FACE_OUTER_BOUND('',#586,.T.);
#466=FACE_OUTER_BOUND('',#587,.T.);
#467=FACE_OUTER_BOUND('',#588,.T.);
#468=FACE_OUTER_BOUND('',#589,.T.);
#469=FACE_OUTER_BOUND('',#590,.T.);
#470=FACE_OUTER_BOUND('',#591,.T.);
#471=FACE_OUTER_BOUND('',#592,.T.);
#472=FACE_OUTER_BOUND('',#593,.T.);
#473=FACE_OUTER_BOUND('',#594,.T.);
#474=FACE_OUTER_BOUND('',#595,.T.);
#475=FACE_OUTER_BOUND('',#596,.T.);
#476=FACE_OUTER_BOUND('',#599,.T.);
#477=FACE_OUTER_BOUND('',#600,.T.);
#478=FACE_OUTER_BOUND('',#610,.T.);
#479=FACE_OUTER_BOUND('',#611,.T.);
#480=FACE_OUTER_BOUND('',#612,.T.);
#481=FACE_OUTER_BOUND('',#613,.T.);
#482=FACE_OUTER_BOUND('',#614,.T.);
#483=FACE_OUTER_BOUND('',#616,.T.);
#484=FACE_OUTER_BOUND('',#618,.T.);
#485=FACE_OUTER_BOUND('',#619,.T.);
#486=FACE_OUTER_BOUND('',#620,.T.);
#487=FACE_OUTER_BOUND('',#621,.T.);
#488=FACE_OUTER_BOUND('',#623,.T.);
#489=FACE_OUTER_BOUND('',#631,.T.);
#490=FACE_OUTER_BOUND('',#632,.T.);
#491=FACE_OUTER_BOUND('',#633,.T.);
#492=FACE_OUTER_BOUND('',#641,.T.);
#493=FACE_OUTER_BOUND('',#643,.T.);
#494=FACE_OUTER_BOUND('',#644,.T.);
#495=FACE_OUTER_BOUND('',#645,.T.);
#496=FACE_OUTER_BOUND('',#647,.T.);
#497=FACE_OUTER_BOUND('',#648,.T.);
#498=FACE_OUTER_BOUND('',#649,.T.);
#499=FACE_OUTER_BOUND('',#650,.T.);
#500=FACE_OUTER_BOUND('',#651,.T.);
#501=FACE_OUTER_BOUND('',#652,.T.);
#502=FACE_OUTER_BOUND('',#653,.T.);
#503=FACE_OUTER_BOUND('',#654,.T.);
#504=FACE_OUTER_BOUND('',#655,.T.);
#505=FACE_OUTER_BOUND('',#656,.T.);
#506=FACE_OUTER_BOUND('',#657,.T.);
#507=FACE_OUTER_BOUND('',#658,.T.);
#508=FACE_OUTER_BOUND('',#659,.T.);
#509=FACE_OUTER_BOUND('',#660,.T.);
#510=FACE_OUTER_BOUND('',#661,.T.);
#511=FACE_OUTER_BOUND('',#662,.T.);
#512=FACE_OUTER_BOUND('',#663,.T.);
#513=FACE_OUTER_BOUND('',#664,.T.);
#514=FACE_OUTER_BOUND('',#665,.T.);
#515=FACE_OUTER_BOUND('',#666,.T.);
#516=FACE_OUTER_BOUND('',#680,.T.);
#517=FACE_OUTER_BOUND('',#694,.T.);
#518=FACE_OUTER_BOUND('',#695,.T.);
#519=FACE_OUTER_BOUND('',#696,.T.);
#520=FACE_OUTER_BOUND('',#697,.T.);
#521=FACE_OUTER_BOUND('',#698,.T.);
#522=FACE_OUTER_BOUND('',#699,.T.);
#523=FACE_OUTER_BOUND('',#700,.T.);
#524=FACE_OUTER_BOUND('',#701,.T.);
#525=FACE_OUTER_BOUND('',#702,.T.);
#526=FACE_OUTER_BOUND('',#703,.T.);
#527=FACE_OUTER_BOUND('',#705,.T.);
#528=FACE_OUTER_BOUND('',#707,.T.);
#529=FACE_OUTER_BOUND('',#708,.T.);
#530=FACE_OUTER_BOUND('',#709,.T.);
#531=FACE_OUTER_BOUND('',#710,.T.);
#532=EDGE_LOOP('',(#1319));
#533=EDGE_LOOP('',(#1320));
#534=EDGE_LOOP('',(#1321,#1322,#1323,#1324));
#535=EDGE_LOOP('',(#1325,#1326,#1327,#1328,#1329));
#536=EDGE_LOOP('',(#1330,#1331,#1332,#1333));
#537=EDGE_LOOP('',(#1334));
#538=EDGE_LOOP('',(#1335));
#539=EDGE_LOOP('',(#1336));
#540=EDGE_LOOP('',(#1337,#1338,#1339,#1340));
#541=EDGE_LOOP('',(#1341,#1342,#1343,#1344));
#542=EDGE_LOOP('',(#1345,#1346,#1347,#1348));
#543=EDGE_LOOP('',(#1349,#1350,#1351,#1352));
#544=EDGE_LOOP('',(#1353,#1354,#1355,#1356));
#545=EDGE_LOOP('',(#1357,#1358,#1359,#1360));
#546=EDGE_LOOP('',(#1361,#1362,#1363,#1364));
#547=EDGE_LOOP('',(#1365,#1366,#1367,#1368));
#548=EDGE_LOOP('',(#1369,#1370,#1371,#1372));
#549=EDGE_LOOP('',(#1373,#1374,#1375,#1376));
#550=EDGE_LOOP('',(#1377,#1378,#1379,#1380));
#551=EDGE_LOOP('',(#1381,#1382,#1383,#1384));
#552=EDGE_LOOP('',(#1385,#1386,#1387,#1388));
#553=EDGE_LOOP('',(#1389,#1390,#1391,#1392,#1393,#1394,#1395,#1396));
#554=EDGE_LOOP('',(#1397));
#555=EDGE_LOOP('',(#1398));
#556=EDGE_LOOP('',(#1399));
#557=EDGE_LOOP('',(#1400));
#558=EDGE_LOOP('',(#1401));
#559=EDGE_LOOP('',(#1402,#1403,#1404,#1405,#1406,#1407,#1408,#1409));
#560=EDGE_LOOP('',(#1410));
#561=EDGE_LOOP('',(#1411));
#562=EDGE_LOOP('',(#1412));
#563=EDGE_LOOP('',(#1413));
#564=EDGE_LOOP('',(#1414));
#565=EDGE_LOOP('',(#1415,#1416,#1417,#1418));
#566=EDGE_LOOP('',(#1419,#1420,#1421,#1422));
#567=EDGE_LOOP('',(#1423,#1424,#1425,#1426,#1427));
#568=EDGE_LOOP('',(#1428,#1429,#1430,#1431));
#569=EDGE_LOOP('',(#1432,#1433,#1434,#1435,#1436));
#570=EDGE_LOOP('',(#1437,#1438,#1439,#1440));
#571=EDGE_LOOP('',(#1441,#1442,#1443,#1444,#1445));
#572=EDGE_LOOP('',(#1446,#1447,#1448,#1449,#1450,#1451));
#573=EDGE_LOOP('',(#1452));
#574=EDGE_LOOP('',(#1453));
#575=EDGE_LOOP('',(#1454,#1455,#1456,#1457,#1458,#1459));
#576=EDGE_LOOP('',(#1460,#1461,#1462,#1463,#1464));
#577=EDGE_LOOP('',(#1465,#1466,#1467,#1468,#1469));
#578=EDGE_LOOP('',(#1470,#1471,#1472,#1473,#1474));
#579=EDGE_LOOP('',(#1475,#1476,#1477,#1478,#1479));
#580=EDGE_LOOP('',(#1480,#1481,#1482,#1483));
#581=EDGE_LOOP('',(#1484,#1485,#1486,#1487,#1488));
#582=EDGE_LOOP('',(#1489,#1490,#1491,#1492,#1493));
#583=EDGE_LOOP('',(#1494,#1495,#1496,#1497,#1498,#1499));
#584=EDGE_LOOP('',(#1500,#1501,#1502,#1503,#1504,#1505,#1506,#1507,#1508,
#1509,#1510,#1511,#1512));
#585=EDGE_LOOP('',(#1513,#1514,#1515,#1516));
#586=EDGE_LOOP('',(#1517,#1518,#1519,#1520,#1521,#1522,#1523,#1524,#1525,
#1526,#1527,#1528,#1529));
#587=EDGE_LOOP('',(#1530,#1531,#1532,#1533,#1534,#1535));
#588=EDGE_LOOP('',(#1536,#1537,#1538,#1539,#1540,#1541));
#589=EDGE_LOOP('',(#1542,#1543,#1544,#1545,#1546,#1547));
#590=EDGE_LOOP('',(#1548,#1549,#1550,#1551,#1552));
#591=EDGE_LOOP('',(#1553,#1554,#1555,#1556,#1557,#1558));
#592=EDGE_LOOP('',(#1559,#1560,#1561,#1562,#1563,#1564));
#593=EDGE_LOOP('',(#1565,#1566,#1567,#1568,#1569,#1570));
#594=EDGE_LOOP('',(#1571,#1572,#1573,#1574,#1575));
#595=EDGE_LOOP('',(#1576,#1577,#1578,#1579,#1580,#1581));
#596=EDGE_LOOP('',(#1582,#1583,#1584,#1585,#1586,#1587));
#597=EDGE_LOOP('',(#1588));
#598=EDGE_LOOP('',(#1589));
#599=EDGE_LOOP('',(#1590,#1591,#1592,#1593,#1594,#1595));
#600=EDGE_LOOP('',(#1596));
#601=EDGE_LOOP('',(#1597));
#602=EDGE_LOOP('',(#1598));
#603=EDGE_LOOP('',(#1599));
#604=EDGE_LOOP('',(#1600));
#605=EDGE_LOOP('',(#1601));
#606=EDGE_LOOP('',(#1602));
#607=EDGE_LOOP('',(#1603));
#608=EDGE_LOOP('',(#1604));
#609=EDGE_LOOP('',(#1605));
#610=EDGE_LOOP('',(#1606,#1607,#1608,#1609,#1610,#1611));
#611=EDGE_LOOP('',(#1612,#1613,#1614,#1615,#1616,#1617));
#612=EDGE_LOOP('',(#1618,#1619,#1620,#1621,#1622,#1623));
#613=EDGE_LOOP('',(#1624,#1625,#1626,#1627,#1628,#1629));
#614=EDGE_LOOP('',(#1630));
#615=EDGE_LOOP('',(#1631));
#616=EDGE_LOOP('',(#1632));
#617=EDGE_LOOP('',(#1633));
#618=EDGE_LOOP('',(#1634,#1635,#1636,#1637));
#619=EDGE_LOOP('',(#1638,#1639,#1640,#1641,#1642));
#620=EDGE_LOOP('',(#1643,#1644,#1645,#1646));
#621=EDGE_LOOP('',(#1647));
#622=EDGE_LOOP('',(#1648));
#623=EDGE_LOOP('',(#1649));
#624=EDGE_LOOP('',(#1650));
#625=EDGE_LOOP('',(#1651));
#626=EDGE_LOOP('',(#1652));
#627=EDGE_LOOP('',(#1653));
#628=EDGE_LOOP('',(#1654));
#629=EDGE_LOOP('',(#1655));
#630=EDGE_LOOP('',(#1656));
#631=EDGE_LOOP('',(#1657,#1658,#1659,#1660));
#632=EDGE_LOOP('',(#1661,#1662,#1663,#1664));
#633=EDGE_LOOP('',(#1665));
#634=EDGE_LOOP('',(#1666));
#635=EDGE_LOOP('',(#1667));
#636=EDGE_LOOP('',(#1668));
#637=EDGE_LOOP('',(#1669));
#638=EDGE_LOOP('',(#1670));
#639=EDGE_LOOP('',(#1671));
#640=EDGE_LOOP('',(#1672));
#641=EDGE_LOOP('',(#1673));
#642=EDGE_LOOP('',(#1674));
#643=EDGE_LOOP('',(#1675,#1676,#1677,#1678));
#644=EDGE_LOOP('',(#1679,#1680,#1681,#1682));
#645=EDGE_LOOP('',(#1683));
#646=EDGE_LOOP('',(#1684));
#647=EDGE_LOOP('',(#1685,#1686,#1687,#1688));
#648=EDGE_LOOP('',(#1689,#1690,#1691,#1692));
#649=EDGE_LOOP('',(#1693,#1694,#1695,#1696));
#650=EDGE_LOOP('',(#1697,#1698,#1699,#1700));
#651=EDGE_LOOP('',(#1701,#1702,#1703,#1704));
#652=EDGE_LOOP('',(#1705,#1706,#1707,#1708));
#653=EDGE_LOOP('',(#1709,#1710,#1711,#1712));
#654=EDGE_LOOP('',(#1713,#1714,#1715,#1716));
#655=EDGE_LOOP('',(#1717,#1718,#1719,#1720));
#656=EDGE_LOOP('',(#1721,#1722,#1723,#1724));
#657=EDGE_LOOP('',(#1725,#1726,#1727,#1728));
#658=EDGE_LOOP('',(#1729,#1730,#1731,#1732));
#659=EDGE_LOOP('',(#1733,#1734,#1735,#1736));
#660=EDGE_LOOP('',(#1737,#1738,#1739,#1740));
#661=EDGE_LOOP('',(#1741,#1742,#1743,#1744));
#662=EDGE_LOOP('',(#1745,#1746,#1747,#1748));
#663=EDGE_LOOP('',(#1749,#1750,#1751,#1752));
#664=EDGE_LOOP('',(#1753,#1754,#1755,#1756));
#665=EDGE_LOOP('',(#1757,#1758,#1759,#1760));
#666=EDGE_LOOP('',(#1761,#1762,#1763,#1764,#1765,#1766,#1767,#1768));
#667=EDGE_LOOP('',(#1769));
#668=EDGE_LOOP('',(#1770));
#669=EDGE_LOOP('',(#1771));
#670=EDGE_LOOP('',(#1772));
#671=EDGE_LOOP('',(#1773));
#672=EDGE_LOOP('',(#1774));
#673=EDGE_LOOP('',(#1775));
#674=EDGE_LOOP('',(#1776));
#675=EDGE_LOOP('',(#1777));
#676=EDGE_LOOP('',(#1778));
#677=EDGE_LOOP('',(#1779));
#678=EDGE_LOOP('',(#1780));
#679=EDGE_LOOP('',(#1781));
#680=EDGE_LOOP('',(#1782,#1783,#1784,#1785,#1786,#1787,#1788,#1789));
#681=EDGE_LOOP('',(#1790));
#682=EDGE_LOOP('',(#1791));
#683=EDGE_LOOP('',(#1792));
#684=EDGE_LOOP('',(#1793));
#685=EDGE_LOOP('',(#1794));
#686=EDGE_LOOP('',(#1795));
#687=EDGE_LOOP('',(#1796));
#688=EDGE_LOOP('',(#1797));
#689=EDGE_LOOP('',(#1798));
#690=EDGE_LOOP('',(#1799));
#691=EDGE_LOOP('',(#1800));
#692=EDGE_LOOP('',(#1801));
#693=EDGE_LOOP('',(#1802));
#694=EDGE_LOOP('',(#1803,#1804,#1805,#1806));
#695=EDGE_LOOP('',(#1807,#1808,#1809,#1810));
#696=EDGE_LOOP('',(#1811,#1812,#1813,#1814));
#697=EDGE_LOOP('',(#1815,#1816,#1817,#1818));
#698=EDGE_LOOP('',(#1819,#1820,#1821,#1822));
#699=EDGE_LOOP('',(#1823,#1824,#1825,#1826));
#700=EDGE_LOOP('',(#1827,#1828,#1829,#1830));
#701=EDGE_LOOP('',(#1831,#1832,#1833,#1834));
#702=EDGE_LOOP('',(#1835,#1836,#1837,#1838));
#703=EDGE_LOOP('',(#1839));
#704=EDGE_LOOP('',(#1840));
#705=EDGE_LOOP('',(#1841));
#706=EDGE_LOOP('',(#1842));
#707=EDGE_LOOP('',(#1843,#1844,#1845,#1846));
#708=EDGE_LOOP('',(#1847,#1848,#1849,#1850,#1851));
#709=EDGE_LOOP('',(#1852,#1853,#1854,#1855));
#710=EDGE_LOOP('',(#1856,#1857,#1858,#1859,#1860));
#711=CIRCLE('',#2089,0.015875);
#712=CIRCLE('',#2090,0.0025527);
#713=CIRCLE('',#2092,0.0025527);
#714=CIRCLE('',#2093,0.0025527);
#715=CIRCLE('',#2096,0.015875);
#716=CIRCLE('',#2098,0.0307975);
#717=CIRCLE('',#2100,0.0307975);
#718=CIRCLE('',#2111,0.0035687);
#719=CIRCLE('',#2112,0.0035687);
#720=CIRCLE('',#2114,0.0035687);
#721=CIRCLE('',#2115,0.0035687);
#722=CIRCLE('',#2117,0.0035687);
#723=CIRCLE('',#2118,0.0035687);
#724=CIRCLE('',#2120,0.0035687);
#725=CIRCLE('',#2121,0.0035687);
#726=CIRCLE('',#2124,0.0555625);
#727=CIRCLE('',#2126,0.0555625);
#728=CIRCLE('',#2130,0.00135255);
#729=CIRCLE('',#2131,0.00135255);
#730=CIRCLE('',#2133,0.00135255);
#731=CIRCLE('',#2135,0.00135255);
#732=CIRCLE('',#2136,0.00135255);
#733=CIRCLE('',#2138,0.00135255);
#734=CIRCLE('',#2140,0.00135255);
#735=CIRCLE('',#2141,0.00135255);
#736=CIRCLE('',#2143,0.00135255);
#737=CIRCLE('',#2145,0.00635);
#738=CIRCLE('',#2146,0.04953);
#739=CIRCLE('',#2147,0.04953);
#740=CIRCLE('',#2148,0.00635);
#741=CIRCLE('',#2149,0.03683);
#742=CIRCLE('',#2150,0.03683);
#743=CIRCLE('',#2152,0.0015875);
#744=CIRCLE('',#2153,0.0415925);
#745=CIRCLE('',#2154,0.0015875);
#746=CIRCLE('',#2155,0.0015875);
#747=CIRCLE('',#2156,0.0447675);
#748=CIRCLE('',#2157,0.0015875);
#749=CIRCLE('',#2159,0.0415925);
#750=CIRCLE('',#2160,0.0015875);
#751=CIRCLE('',#2161,0.0447675);
#752=CIRCLE('',#2162,0.0015875);
#753=CIRCLE('',#2163,0.0015875);
#754=CIRCLE('',#2165,0.0447675);
#755=CIRCLE('',#2166,0.0015875);
#756=CIRCLE('',#2167,0.0415925);
#757=CIRCLE('',#2168,0.0015875);
#758=CIRCLE('',#2169,0.0015875);
#759=CIRCLE('',#2171,0.0415925);
#760=CIRCLE('',#2172,0.0015875);
#761=CIRCLE('',#2173,0.0447675);
#762=CIRCLE('',#2174,0.0015875);
#763=CIRCLE('',#2175,0.0015875);
#764=CIRCLE('',#2177,0.0415925);
#765=CIRCLE('',#2178,0.0015875);
#766=CIRCLE('',#2179,0.0447675);
#767=CIRCLE('',#2180,0.0015875);
#768=CIRCLE('',#2181,0.0015875);
#769=CIRCLE('',#2183,0.0415925);
#770=CIRCLE('',#2184,0.0015875);
#771=CIRCLE('',#2185,0.0447675);
#772=CIRCLE('',#2186,0.0015875);
#773=CIRCLE('',#2188,0.0415925);
#774=CIRCLE('',#2189,0.0015875);
#775=CIRCLE('',#2190,0.0015875);
#776=CIRCLE('',#2191,0.0447675);
#777=CIRCLE('',#2192,0.0015875);
#778=CIRCLE('',#2194,0.0415925);
#779=CIRCLE('',#2195,0.0015875);
#780=CIRCLE('',#2196,0.0015875);
#781=CIRCLE('',#2197,0.0447675);
#782=CIRCLE('',#2198,0.0015875);
#783=CIRCLE('',#2200,0.0015875);
#784=CIRCLE('',#2201,0.0447675);
#785=CIRCLE('',#2202,0.0447675);
#786=CIRCLE('',#2203,0.0015875);
#787=CIRCLE('',#2204,0.0415925);
#788=CIRCLE('',#2205,0.0415925);
#789=CIRCLE('',#2207,0.0447675);
#790=CIRCLE('',#2209,0.0415925);
#791=CIRCLE('',#2210,0.0015875);
#792=CIRCLE('',#2211,0.0015875);
#793=CIRCLE('',#2214,0.0015875);
#794=CIRCLE('',#2216,0.0015875);
#795=CIRCLE('',#2218,0.0015875);
#796=CIRCLE('',#2220,0.0015875);
#797=CIRCLE('',#2222,0.0015875);
#798=CIRCLE('',#2224,0.0015875);
#799=CIRCLE('',#2226,0.0015875);
#800=CIRCLE('',#2228,0.0015875);
#801=CIRCLE('',#2230,0.04953);
#802=CIRCLE('',#2231,0.04953);
#803=CIRCLE('',#2233,0.00635);
#804=CIRCLE('',#2234,0.03683);
#805=CIRCLE('',#2235,0.00635);
#806=CIRCLE('',#2236,0.00635);
#807=CIRCLE('',#2237,0.00635);
#808=CIRCLE('',#2238,0.00135255);
#809=CIRCLE('',#2240,0.03683);
#810=CIRCLE('',#2243,0.0015875);
#811=CIRCLE('',#2245,0.0015875);
#812=CIRCLE('',#2247,0.00635);
#813=CIRCLE('',#2249,0.00635);
#814=CIRCLE('',#2253,0.00135255);
#815=CIRCLE('',#2254,0.00135255);
#816=CIRCLE('',#2258,0.0555625);
#817=CIRCLE('',#2259,0.0555625);
#818=CIRCLE('',#2261,0.0508);
#819=CIRCLE('',#2263,0.0619125);
#820=CIRCLE('',#2264,0.0018288);
#821=CIRCLE('',#2265,0.0018288);
#822=CIRCLE('',#2266,0.0018288);
#823=CIRCLE('',#2267,0.0018288);
#824=CIRCLE('',#2268,0.00635);
#825=CIRCLE('',#2269,0.00635);
#826=CIRCLE('',#2270,0.0307975);
#827=CIRCLE('',#2272,0.03556);
#828=CIRCLE('',#2273,0.03556);
#829=CIRCLE('',#2275,0.0508);
#830=CIRCLE('',#2277,0.0018288);
#831=CIRCLE('',#2278,0.0018288);
#832=CIRCLE('',#2279,0.0018288);
#833=CIRCLE('',#2280,0.0018288);
#834=CIRCLE('',#2281,0.00635);
#835=CIRCLE('',#2282,0.00635);
#836=CIRCLE('',#2284,0.0307975);
#837=CIRCLE('',#2287,0.0619125);
#838=CIRCLE('',#2304,0.0035687);
#839=CIRCLE('',#2305,0.0035687);
#840=CIRCLE('',#2307,0.0035687);
#841=CIRCLE('',#2308,0.0035687);
#842=CIRCLE('',#2310,0.0035687);
#843=CIRCLE('',#2311,0.0035687);
#844=CIRCLE('',#2313,0.0035687);
#845=CIRCLE('',#2314,0.0035687);
#846=CIRCLE('',#2316,0.0035687);
#847=CIRCLE('',#2317,0.0035687);
#848=CIRCLE('',#2320,0.0079375);
#849=CIRCLE('',#2321,0.0079375);
#850=CIRCLE('',#2322,0.0079375);
#851=CIRCLE('',#2323,0.0079375);
#852=CIRCLE('',#2324,0.009525);
#853=CIRCLE('',#2325,0.009525);
#854=CIRCLE('',#2326,0.0015875);
#855=CIRCLE('',#2327,0.0015875);
#856=CIRCLE('',#2329,0.0079375);
#857=CIRCLE('',#2330,0.0079375);
#858=CIRCLE('',#2331,0.0079375);
#859=CIRCLE('',#2332,0.0079375);
#860=CIRCLE('',#2333,0.009525);
#861=CIRCLE('',#2334,0.009525);
#862=CIRCLE('',#2335,0.0015875);
#863=CIRCLE('',#2336,0.0015875);
#864=CIRCLE('',#2347,0.015875);
#865=CIRCLE('',#2348,0.015875);
#866=CIRCLE('',#2350,0.0025527);
#867=CIRCLE('',#2352,0.0025527);
#868=CIRCLE('',#2354,0.0025527);
#869=CIRCLE('',#2355,0.0025527);
#870=CIRCLE('',#2358,0.0025527);
#871=CIRCLE('',#2359,0.0025527);
#872=VERTEX_POINT('',#3051);
#873=VERTEX_POINT('',#3053);
#874=VERTEX_POINT('',#3056);
#875=VERTEX_POINT('',#3057);
#876=VERTEX_POINT('',#3059);
#877=VERTEX_POINT('',#3065);
#878=VERTEX_POINT('',#3069);
#879=VERTEX_POINT('',#3072);
#880=VERTEX_POINT('',#3078);
#881=VERTEX_POINT('',#3079);
#882=VERTEX_POINT('',#3081);
#883=VERTEX_POINT('',#3083);
#884=VERTEX_POINT('',#3087);
#885=VERTEX_POINT('',#3089);
#886=VERTEX_POINT('',#3093);
#887=VERTEX_POINT('',#3095);
#888=VERTEX_POINT('',#3099);
#889=VERTEX_POINT('',#3101);
#890=VERTEX_POINT('',#3105);
#891=VERTEX_POINT('',#3107);
#892=VERTEX_POINT('',#3111);
#893=VERTEX_POINT('',#3113);
#894=VERTEX_POINT('',#3117);
#895=VERTEX_POINT('',#3119);
#896=VERTEX_POINT('',#3123);
#897=VERTEX_POINT('',#3125);
#898=VERTEX_POINT('',#3129);
#899=VERTEX_POINT('',#3131);
#900=VERTEX_POINT('',#3135);
#901=VERTEX_POINT('',#3137);
#902=VERTEX_POINT('',#3141);
#903=VERTEX_POINT('',#3143);
#904=VERTEX_POINT('',#3150);
#905=VERTEX_POINT('',#3153);
#906=VERTEX_POINT('',#3159);
#907=VERTEX_POINT('',#3160);
#908=VERTEX_POINT('',#3162);
#909=VERTEX_POINT('',#3166);
#910=VERTEX_POINT('',#3170);
#911=VERTEX_POINT('',#3171);
#912=VERTEX_POINT('',#3173);
#913=VERTEX_POINT('',#3177);
#914=VERTEX_POINT('',#3181);
#915=VERTEX_POINT('',#3182);
#916=VERTEX_POINT('',#3184);
#917=VERTEX_POINT('',#3188);
#918=VERTEX_POINT('',#3192);
#919=VERTEX_POINT('',#3193);
#920=VERTEX_POINT('',#3195);
#921=VERTEX_POINT('',#3197);
#922=VERTEX_POINT('',#3199);
#923=VERTEX_POINT('',#3201);
#924=VERTEX_POINT('',#3205);
#925=VERTEX_POINT('',#3206);
#926=VERTEX_POINT('',#3208);
#927=VERTEX_POINT('',#3210);
#928=VERTEX_POINT('',#3212);
#929=VERTEX_POINT('',#3214);
#930=VERTEX_POINT('',#3218);
#931=VERTEX_POINT('',#3219);
#932=VERTEX_POINT('',#3221);
#933=VERTEX_POINT('',#3223);
#934=VERTEX_POINT('',#3225);
#935=VERTEX_POINT('',#3229);
#936=VERTEX_POINT('',#3232);
#937=VERTEX_POINT('',#3234);
#938=VERTEX_POINT('',#3238);
#939=VERTEX_POINT('',#3241);
#940=VERTEX_POINT('',#3243);
#941=VERTEX_POINT('',#3247);
#942=VERTEX_POINT('',#3250);
#943=VERTEX_POINT('',#3252);
#944=VERTEX_POINT('',#3256);
#945=VERTEX_POINT('',#3259);
#946=VERTEX_POINT('',#3263);
#947=VERTEX_POINT('',#3264);
#948=VERTEX_POINT('',#3266);
#949=VERTEX_POINT('',#3268);
#950=VERTEX_POINT('',#3270);
#951=VERTEX_POINT('',#3275);
#952=VERTEX_POINT('',#3282);
#953=VERTEX_POINT('',#3286);
#954=VERTEX_POINT('',#3299);
#955=VERTEX_POINT('',#3303);
#956=VERTEX_POINT('',#3307);
#957=VERTEX_POINT('',#3311);
#958=VERTEX_POINT('',#3315);
#959=VERTEX_POINT('',#3319);
#960=VERTEX_POINT('',#3323);
#961=VERTEX_POINT('',#3327);
#962=VERTEX_POINT('',#3332);
#963=VERTEX_POINT('',#3336);
#964=VERTEX_POINT('',#3339);
#965=VERTEX_POINT('',#3343);
#966=VERTEX_POINT('',#3346);
#967=VERTEX_POINT('',#3351);
#968=VERTEX_POINT('',#3355);
#969=VERTEX_POINT('',#3359);
#970=VERTEX_POINT('',#3363);
#971=VERTEX_POINT('',#3369);
#972=VERTEX_POINT('',#3370);
#973=VERTEX_POINT('',#3372);
#974=VERTEX_POINT('',#3379);
#975=VERTEX_POINT('',#3381);
#976=VERTEX_POINT('',#3385);
#977=VERTEX_POINT('',#3388);
#978=VERTEX_POINT('',#3390);
#979=VERTEX_POINT('',#3392);
#980=VERTEX_POINT('',#3394);
#981=VERTEX_POINT('',#3396);
#982=VERTEX_POINT('',#3398);
#983=VERTEX_POINT('',#3400);
#984=VERTEX_POINT('',#3402);
#985=VERTEX_POINT('',#3405);
#986=VERTEX_POINT('',#3407);
#987=VERTEX_POINT('',#3411);
#988=VERTEX_POINT('',#3415);
#989=VERTEX_POINT('',#3417);
#990=VERTEX_POINT('',#3419);
#991=VERTEX_POINT('',#3421);
#992=VERTEX_POINT('',#3423);
#993=VERTEX_POINT('',#3425);
#994=VERTEX_POINT('',#3428);
#995=VERTEX_POINT('',#3433);
#996=VERTEX_POINT('',#3451);
#997=VERTEX_POINT('',#3452);
#998=VERTEX_POINT('',#3454);
#999=VERTEX_POINT('',#3456);
#1000=VERTEX_POINT('',#3460);
#1001=VERTEX_POINT('',#3462);
#1002=VERTEX_POINT('',#3466);
#1003=VERTEX_POINT('',#3468);
#1004=VERTEX_POINT('',#3472);
#1005=VERTEX_POINT('',#3474);
#1006=VERTEX_POINT('',#3478);
#1007=VERTEX_POINT('',#3480);
#1008=VERTEX_POINT('',#3484);
#1009=VERTEX_POINT('',#3486);
#1010=VERTEX_POINT('',#3490);
#1011=VERTEX_POINT('',#3492);
#1012=VERTEX_POINT('',#3496);
#1013=VERTEX_POINT('',#3498);
#1014=VERTEX_POINT('',#3502);
#1015=VERTEX_POINT('',#3504);
#1016=VERTEX_POINT('',#3508);
#1017=VERTEX_POINT('',#3510);
#1018=VERTEX_POINT('',#3514);
#1019=VERTEX_POINT('',#3516);
#1020=VERTEX_POINT('',#3520);
#1021=VERTEX_POINT('',#3522);
#1022=VERTEX_POINT('',#3529);
#1023=VERTEX_POINT('',#3531);
#1024=VERTEX_POINT('',#3533);
#1025=VERTEX_POINT('',#3535);
#1026=VERTEX_POINT('',#3537);
#1027=VERTEX_POINT('',#3539);
#1028=VERTEX_POINT('',#3541);
#1029=VERTEX_POINT('',#3543);
#1030=VERTEX_POINT('',#3546);
#1031=VERTEX_POINT('',#3548);
#1032=VERTEX_POINT('',#3550);
#1033=VERTEX_POINT('',#3552);
#1034=VERTEX_POINT('',#3554);
#1035=VERTEX_POINT('',#3556);
#1036=VERTEX_POINT('',#3558);
#1037=VERTEX_POINT('',#3560);
#1038=VERTEX_POINT('',#3580);
#1039=VERTEX_POINT('',#3582);
#1040=VERTEX_POINT('',#3586);
#1041=VERTEX_POINT('',#3589);
#1042=VERTEX_POINT('',#3592);
#1043=VERTEX_POINT('',#3593);
#1044=VERTEX_POINT('',#3595);
#1045=VERTEX_POINT('',#3601);
#1046=VERTEX_POINT('',#3602);
#1047=VERTEX_POINT('',#3604);
#1048=EDGE_CURVE('',#872,#872,#711,.T.);
#1049=EDGE_CURVE('',#873,#873,#712,.T.);
#1050=EDGE_CURVE('',#874,#875,#126,.T.);
#1051=EDGE_CURVE('',#876,#875,#713,.T.);
#1052=EDGE_CURVE('',#875,#876,#714,.T.);
#1053=EDGE_CURVE('',#873,#876,#127,.T.);
#1054=EDGE_CURVE('',#872,#877,#128,.T.);
#1055=EDGE_CURVE('',#877,#877,#715,.T.);
#1056=EDGE_CURVE('',#878,#878,#716,.T.);
#1057=EDGE_CURVE('',#879,#879,#717,.T.);
#1058=EDGE_CURVE('',#878,#879,#129,.T.);
#1059=EDGE_CURVE('',#880,#881,#130,.T.);
#1060=EDGE_CURVE('',#882,#881,#131,.T.);
#1061=EDGE_CURVE('',#883,#882,#132,.T.);
#1062=EDGE_CURVE('',#883,#880,#133,.T.);
#1063=EDGE_CURVE('',#881,#884,#134,.T.);
#1064=EDGE_CURVE('',#885,#884,#135,.T.);
#1065=EDGE_CURVE('',#882,#885,#136,.T.);
#1066=EDGE_CURVE('',#886,#884,#137,.T.);
#1067=EDGE_CURVE('',#887,#886,#138,.T.);
#1068=EDGE_CURVE('',#887,#885,#139,.T.);
#1069=EDGE_CURVE('',#888,#886,#140,.T.);
#1070=EDGE_CURVE('',#889,#888,#141,.T.);
#1071=EDGE_CURVE('',#889,#887,#142,.T.);
#1072=EDGE_CURVE('',#890,#888,#143,.T.);
#1073=EDGE_CURVE('',#891,#890,#144,.T.);
#1074=EDGE_CURVE('',#891,#889,#145,.T.);
#1075=EDGE_CURVE('',#890,#892,#146,.T.);
#1076=EDGE_CURVE('',#893,#892,#147,.T.);
#1077=EDGE_CURVE('',#891,#893,#148,.T.);
#1078=EDGE_CURVE('',#892,#894,#149,.T.);
#1079=EDGE_CURVE('',#895,#894,#150,.T.);
#1080=EDGE_CURVE('',#893,#895,#151,.T.);
#1081=EDGE_CURVE('',#896,#896,#718,.T.);
#1082=EDGE_CURVE('',#896,#897,#152,.T.);
#1083=EDGE_CURVE('',#897,#897,#719,.T.);
#1084=EDGE_CURVE('',#898,#898,#720,.T.);
#1085=EDGE_CURVE('',#898,#899,#153,.T.);
#1086=EDGE_CURVE('',#899,#899,#721,.T.);
#1087=EDGE_CURVE('',#900,#900,#722,.T.);
#1088=EDGE_CURVE('',#900,#901,#154,.T.);
#1089=EDGE_CURVE('',#901,#901,#723,.T.);
#1090=EDGE_CURVE('',#902,#902,#724,.T.);
#1091=EDGE_CURVE('',#902,#903,#155,.T.);
#1092=EDGE_CURVE('',#903,#903,#725,.T.);
#1093=EDGE_CURVE('',#880,#894,#156,.T.);
#1094=EDGE_CURVE('',#883,#895,#157,.T.);
#1095=EDGE_CURVE('',#904,#904,#726,.T.);
#1096=EDGE_CURVE('',#905,#905,#727,.T.);
#1097=EDGE_CURVE('',#905,#904,#158,.T.);
#1098=EDGE_CURVE('',#906,#907,#159,.T.);
#1099=EDGE_CURVE('',#908,#907,#728,.T.);
#1100=EDGE_CURVE('',#907,#908,#729,.T.);
#1101=EDGE_CURVE('',#909,#909,#730,.T.);
#1102=EDGE_CURVE('',#909,#908,#160,.T.);
#1103=EDGE_CURVE('',#910,#911,#161,.T.);
#1104=EDGE_CURVE('',#912,#911,#731,.T.);
#1105=EDGE_CURVE('',#911,#912,#732,.T.);
#1106=EDGE_CURVE('',#913,#913,#733,.T.);
#1107=EDGE_CURVE('',#913,#912,#162,.T.);
#1108=EDGE_CURVE('',#914,#915,#163,.T.);
#1109=EDGE_CURVE('',#916,#915,#734,.T.);
#1110=EDGE_CURVE('',#915,#916,#735,.T.);
#1111=EDGE_CURVE('',#917,#917,#736,.T.);
#1112=EDGE_CURVE('',#917,#916,#164,.T.);
#1113=EDGE_CURVE('',#918,#919,#737,.T.);
#1114=EDGE_CURVE('',#918,#920,#738,.T.);
#1115=EDGE_CURVE('',#920,#921,#739,.T.);
#1116=EDGE_CURVE('',#922,#921,#740,.T.);
#1117=EDGE_CURVE('',#923,#922,#741,.T.);
#1118=EDGE_CURVE('',#919,#923,#742,.T.);
#1119=EDGE_CURVE('',#924,#925,#743,.T.);
#1120=EDGE_CURVE('',#924,#926,#744,.T.);
#1121=EDGE_CURVE('',#927,#926,#745,.T.);
#1122=EDGE_CURVE('',#928,#927,#746,.T.);
#1123=EDGE_CURVE('',#929,#928,#747,.T.);
#1124=EDGE_CURVE('',#925,#929,#748,.T.);
#1125=EDGE_CURVE('',#930,#931,#749,.T.);
#1126=EDGE_CURVE('',#930,#932,#750,.T.);
#1127=EDGE_CURVE('',#932,#933,#751,.T.);
#1128=EDGE_CURVE('',#933,#934,#752,.T.);
#1129=EDGE_CURVE('',#934,#931,#753,.T.);
#1130=EDGE_CURVE('',#935,#932,#754,.T.);
#1131=EDGE_CURVE('',#932,#930,#755,.T.);
#1132=EDGE_CURVE('',#936,#930,#756,.T.);
#1133=EDGE_CURVE('',#936,#937,#757,.T.);
#1134=EDGE_CURVE('',#937,#935,#758,.T.);
#1135=EDGE_CURVE('',#931,#938,#759,.T.);
#1136=EDGE_CURVE('',#931,#933,#760,.T.);
#1137=EDGE_CURVE('',#933,#939,#761,.T.);
#1138=EDGE_CURVE('',#939,#940,#762,.T.);
#1139=EDGE_CURVE('',#940,#938,#763,.T.);
#1140=EDGE_CURVE('',#938,#941,#764,.T.);
#1141=EDGE_CURVE('',#938,#939,#765,.T.);
#1142=EDGE_CURVE('',#939,#942,#766,.T.);
#1143=EDGE_CURVE('',#942,#943,#767,.T.);
#1144=EDGE_CURVE('',#943,#941,#768,.T.);
#1145=EDGE_CURVE('',#941,#944,#769,.T.);
#1146=EDGE_CURVE('',#941,#942,#770,.T.);
#1147=EDGE_CURVE('',#942,#945,#771,.T.);
#1148=EDGE_CURVE('',#945,#944,#772,.T.);
#1149=EDGE_CURVE('',#946,#947,#773,.T.);
#1150=EDGE_CURVE('',#946,#948,#774,.T.);
#1151=EDGE_CURVE('',#948,#949,#775,.T.);
#1152=EDGE_CURVE('',#949,#950,#776,.T.);
#1153=EDGE_CURVE('',#950,#947,#777,.T.);
#1154=EDGE_CURVE('',#947,#936,#778,.T.);
#1155=EDGE_CURVE('',#947,#951,#779,.T.);
#1156=EDGE_CURVE('',#951,#950,#780,.T.);
#1157=EDGE_CURVE('',#950,#935,#781,.T.);
#1158=EDGE_CURVE('',#935,#936,#782,.T.);
#1159=EDGE_CURVE('',#929,#924,#783,.T.);
#1160=EDGE_CURVE('',#952,#929,#784,.T.);
#1161=EDGE_CURVE('',#928,#952,#785,.T.);
#1162=EDGE_CURVE('',#926,#928,#786,.T.);
#1163=EDGE_CURVE('',#926,#953,#787,.T.);
#1164=EDGE_CURVE('',#953,#924,#788,.T.);
#1165=EDGE_CURVE('',#945,#949,#789,.T.);
#1166=EDGE_CURVE('',#945,#952,#165,.T.);
#1167=EDGE_CURVE('',#944,#946,#790,.T.);
#1168=EDGE_CURVE('',#944,#945,#791,.T.);
#1169=EDGE_CURVE('',#949,#946,#792,.T.);
#1170=EDGE_CURVE('',#953,#944,#166,.T.);
#1171=EDGE_CURVE('',#937,#954,#167,.T.);
#1172=EDGE_CURVE('',#954,#954,#793,.T.);
#1173=EDGE_CURVE('',#951,#955,#168,.T.);
#1174=EDGE_CURVE('',#955,#955,#794,.T.);
#1175=EDGE_CURVE('',#948,#956,#169,.T.);
#1176=EDGE_CURVE('',#956,#956,#795,.T.);
#1177=EDGE_CURVE('',#944,#957,#170,.T.);
#1178=EDGE_CURVE('',#957,#957,#796,.T.);
#1179=EDGE_CURVE('',#943,#958,#171,.T.);
#1180=EDGE_CURVE('',#958,#958,#797,.T.);
#1181=EDGE_CURVE('',#940,#959,#172,.T.);
#1182=EDGE_CURVE('',#959,#959,#798,.T.);
#1183=EDGE_CURVE('',#934,#960,#173,.T.);
#1184=EDGE_CURVE('',#960,#960,#799,.T.);
#1185=EDGE_CURVE('',#932,#961,#174,.T.);
#1186=EDGE_CURVE('',#961,#961,#800,.T.);
#1187=EDGE_CURVE('',#921,#918,#801,.T.);
#1188=EDGE_CURVE('',#920,#962,#175,.T.);
#1189=EDGE_CURVE('',#962,#962,#802,.T.);
#1190=EDGE_CURVE('',#919,#963,#803,.T.);
#1191=EDGE_CURVE('',#922,#919,#804,.T.);
#1192=EDGE_CURVE('',#964,#922,#805,.T.);
#1193=EDGE_CURVE('',#921,#964,#806,.T.);
#1194=EDGE_CURVE('',#963,#918,#807,.T.);
#1195=EDGE_CURVE('',#965,#965,#808,.T.);
#1196=EDGE_CURVE('',#966,#966,#809,.T.);
#1197=EDGE_CURVE('',#966,#923,#176,.T.);
#1198=EDGE_CURVE('',#967,#967,#810,.T.);
#1199=EDGE_CURVE('',#967,#927,#177,.T.);
#1200=EDGE_CURVE('',#968,#968,#811,.T.);
#1201=EDGE_CURVE('',#968,#925,#178,.T.);
#1202=EDGE_CURVE('',#964,#969,#179,.T.);
#1203=EDGE_CURVE('',#969,#969,#812,.T.);
#1204=EDGE_CURVE('',#963,#970,#180,.T.);
#1205=EDGE_CURVE('',#970,#970,#813,.T.);
#1206=EDGE_CURVE('',#971,#972,#181,.T.);
#1207=EDGE_CURVE('',#973,#972,#814,.T.);
#1208=EDGE_CURVE('',#972,#973,#815,.T.);
#1209=EDGE_CURVE('',#965,#973,#182,.T.);
#1210=EDGE_CURVE('',#974,#974,#816,.T.);
#1211=EDGE_CURVE('',#974,#975,#183,.T.);
#1212=EDGE_CURVE('',#975,#975,#817,.T.);
#1213=EDGE_CURVE('',#976,#976,#818,.T.);
#1214=EDGE_CURVE('',#977,#977,#819,.T.);
#1215=EDGE_CURVE('',#978,#978,#820,.T.);
#1216=EDGE_CURVE('',#979,#979,#821,.T.);
#1217=EDGE_CURVE('',#980,#980,#822,.T.);
#1218=EDGE_CURVE('',#981,#981,#823,.T.);
#1219=EDGE_CURVE('',#982,#982,#824,.T.);
#1220=EDGE_CURVE('',#983,#983,#825,.T.);
#1221=EDGE_CURVE('',#984,#984,#826,.T.);
#1222=EDGE_CURVE('',#985,#985,#827,.T.);
#1223=EDGE_CURVE('',#985,#986,#184,.T.);
#1224=EDGE_CURVE('',#986,#986,#828,.T.);
#1225=EDGE_CURVE('',#987,#987,#829,.T.);
#1226=EDGE_CURVE('',#987,#976,#185,.T.);
#1227=EDGE_CURVE('',#988,#988,#830,.T.);
#1228=EDGE_CURVE('',#989,#989,#831,.T.);
#1229=EDGE_CURVE('',#990,#990,#832,.T.);
#1230=EDGE_CURVE('',#991,#991,#833,.T.);
#1231=EDGE_CURVE('',#992,#992,#834,.T.);
#1232=EDGE_CURVE('',#993,#993,#835,.T.);
#1233=EDGE_CURVE('',#994,#994,#836,.T.);
#1234=EDGE_CURVE('',#984,#994,#186,.T.);
#1235=EDGE_CURVE('',#977,#995,#187,.T.);
#1236=EDGE_CURVE('',#995,#995,#837,.T.);
#1237=EDGE_CURVE('',#993,#983,#188,.T.);
#1238=EDGE_CURVE('',#992,#982,#189,.T.);
#1239=EDGE_CURVE('',#991,#981,#190,.T.);
#1240=EDGE_CURVE('',#990,#980,#191,.T.);
#1241=EDGE_CURVE('',#989,#979,#192,.T.);
#1242=EDGE_CURVE('',#988,#978,#193,.T.);
#1243=EDGE_CURVE('',#996,#997,#194,.T.);
#1244=EDGE_CURVE('',#998,#997,#195,.T.);
#1245=EDGE_CURVE('',#999,#998,#196,.T.);
#1246=EDGE_CURVE('',#999,#996,#197,.T.);
#1247=EDGE_CURVE('',#997,#1000,#198,.T.);
#1248=EDGE_CURVE('',#1001,#1000,#199,.T.);
#1249=EDGE_CURVE('',#998,#1001,#200,.T.);
#1250=EDGE_CURVE('',#1002,#1000,#201,.T.);
#1251=EDGE_CURVE('',#1003,#1002,#202,.T.);
#1252=EDGE_CURVE('',#1003,#1001,#203,.T.);
#1253=EDGE_CURVE('',#1004,#1002,#204,.T.);
#1254=EDGE_CURVE('',#1005,#1004,#205,.T.);
#1255=EDGE_CURVE('',#1005,#1003,#206,.T.);
#1256=EDGE_CURVE('',#1006,#1004,#207,.T.);
#1257=EDGE_CURVE('',#1007,#1006,#208,.T.);
#1258=EDGE_CURVE('',#1007,#1005,#209,.T.);
#1259=EDGE_CURVE('',#1006,#1008,#210,.T.);
#1260=EDGE_CURVE('',#1009,#1008,#211,.T.);
#1261=EDGE_CURVE('',#1007,#1009,#212,.T.);
#1262=EDGE_CURVE('',#1008,#1010,#213,.T.);
#1263=EDGE_CURVE('',#1011,#1010,#214,.T.);
#1264=EDGE_CURVE('',#1009,#1011,#215,.T.);
#1265=EDGE_CURVE('',#1012,#1012,#838,.T.);
#1266=EDGE_CURVE('',#1012,#1013,#216,.T.);
#1267=EDGE_CURVE('',#1013,#1013,#839,.T.);
#1268=EDGE_CURVE('',#1014,#1014,#840,.T.);
#1269=EDGE_CURVE('',#1014,#1015,#217,.T.);
#1270=EDGE_CURVE('',#1015,#1015,#841,.T.);
#1271=EDGE_CURVE('',#1016,#1016,#842,.T.);
#1272=EDGE_CURVE('',#1016,#1017,#218,.T.);
#1273=EDGE_CURVE('',#1017,#1017,#843,.T.);
#1274=EDGE_CURVE('',#1018,#1018,#844,.T.);
#1275=EDGE_CURVE('',#1018,#1019,#219,.T.);
#1276=EDGE_CURVE('',#1019,#1019,#845,.T.);
#1277=EDGE_CURVE('',#1020,#1020,#846,.T.);
#1278=EDGE_CURVE('',#1020,#1021,#220,.T.);
#1279=EDGE_CURVE('',#1021,#1021,#847,.T.);
#1280=EDGE_CURVE('',#996,#1010,#221,.T.);
#1281=EDGE_CURVE('',#999,#1011,#222,.T.);
#1282=EDGE_CURVE('',#1022,#1022,#848,.T.);
#1283=EDGE_CURVE('',#1023,#1023,#849,.T.);
#1284=EDGE_CURVE('',#1024,#1024,#850,.T.);
#1285=EDGE_CURVE('',#1025,#1025,#851,.T.);
#1286=EDGE_CURVE('',#1026,#1026,#852,.T.);
#1287=EDGE_CURVE('',#1027,#1027,#853,.T.);
#1288=EDGE_CURVE('',#1028,#1028,#854,.T.);
#1289=EDGE_CURVE('',#1029,#1029,#855,.T.);
#1290=EDGE_CURVE('',#1030,#1030,#856,.T.);
#1291=EDGE_CURVE('',#1031,#1031,#857,.T.);
#1292=EDGE_CURVE('',#1032,#1032,#858,.T.);
#1293=EDGE_CURVE('',#1033,#1033,#859,.T.);
#1294=EDGE_CURVE('',#1034,#1034,#860,.T.);
#1295=EDGE_CURVE('',#1035,#1035,#861,.T.);
#1296=EDGE_CURVE('',#1036,#1036,#862,.T.);
#1297=EDGE_CURVE('',#1037,#1037,#863,.T.);
#1298=EDGE_CURVE('',#1037,#1029,#223,.T.);
#1299=EDGE_CURVE('',#1036,#1028,#224,.T.);
#1300=EDGE_CURVE('',#1027,#1035,#225,.T.);
#1301=EDGE_CURVE('',#1026,#1034,#226,.T.);
#1302=EDGE_CURVE('',#1025,#1033,#227,.T.);
#1303=EDGE_CURVE('',#1024,#1032,#228,.T.);
#1304=EDGE_CURVE('',#1023,#1031,#229,.T.);
#1305=EDGE_CURVE('',#1022,#1030,#230,.T.);
#1306=EDGE_CURVE('',#1038,#1038,#864,.T.);
#1307=EDGE_CURVE('',#1038,#1039,#231,.T.);
#1308=EDGE_CURVE('',#1039,#1039,#865,.T.);
#1309=EDGE_CURVE('',#1040,#1040,#866,.T.);
#1310=EDGE_CURVE('',#1041,#1041,#867,.T.);
#1311=EDGE_CURVE('',#1042,#1043,#232,.T.);
#1312=EDGE_CURVE('',#1044,#1043,#868,.T.);
#1313=EDGE_CURVE('',#1043,#1044,#869,.T.);
#1314=EDGE_CURVE('',#1040,#1044,#233,.T.);
#1315=EDGE_CURVE('',#1045,#1046,#234,.T.);
#1316=EDGE_CURVE('',#1047,#1046,#870,.T.);
#1317=EDGE_CURVE('',#1046,#1047,#871,.T.);
#1318=EDGE_CURVE('',#1041,#1047,#235,.T.);
#1319=ORIENTED_EDGE('',*,*,#1048,.T.);
#1320=ORIENTED_EDGE('',*,*,#1049,.T.);
#1321=ORIENTED_EDGE('',*,*,#1050,.T.);
#1322=ORIENTED_EDGE('',*,*,#1051,.F.);
#1323=ORIENTED_EDGE('',*,*,#1052,.F.);
#1324=ORIENTED_EDGE('',*,*,#1050,.F.);
#1325=ORIENTED_EDGE('',*,*,#1049,.F.);
#1326=ORIENTED_EDGE('',*,*,#1053,.T.);
#1327=ORIENTED_EDGE('',*,*,#1051,.T.);
#1328=ORIENTED_EDGE('',*,*,#1052,.T.);
#1329=ORIENTED_EDGE('',*,*,#1053,.F.);
#1330=ORIENTED_EDGE('',*,*,#1048,.F.);
#1331=ORIENTED_EDGE('',*,*,#1054,.T.);
#1332=ORIENTED_EDGE('',*,*,#1055,.T.);
#1333=ORIENTED_EDGE('',*,*,#1054,.F.);
#1334=ORIENTED_EDGE('',*,*,#1056,.F.);
#1335=ORIENTED_EDGE('',*,*,#1055,.F.);
#1336=ORIENTED_EDGE('',*,*,#1057,.T.);
#1337=ORIENTED_EDGE('',*,*,#1056,.T.);
#1338=ORIENTED_EDGE('',*,*,#1058,.T.);
#1339=ORIENTED_EDGE('',*,*,#1057,.F.);
#1340=ORIENTED_EDGE('',*,*,#1058,.F.);
#1341=ORIENTED_EDGE('',*,*,#1059,.T.);
#1342=ORIENTED_EDGE('',*,*,#1060,.F.);
#1343=ORIENTED_EDGE('',*,*,#1061,.F.);
#1344=ORIENTED_EDGE('',*,*,#1062,.T.);
#1345=ORIENTED_EDGE('',*,*,#1063,.T.);
#1346=ORIENTED_EDGE('',*,*,#1064,.F.);
#1347=ORIENTED_EDGE('',*,*,#1065,.F.);
#1348=ORIENTED_EDGE('',*,*,#1060,.T.);
#1349=ORIENTED_EDGE('',*,*,#1066,.F.);
#1350=ORIENTED_EDGE('',*,*,#1067,.F.);
#1351=ORIENTED_EDGE('',*,*,#1068,.T.);
#1352=ORIENTED_EDGE('',*,*,#1064,.T.);
#1353=ORIENTED_EDGE('',*,*,#1069,.F.);
#1354=ORIENTED_EDGE('',*,*,#1070,.F.);
#1355=ORIENTED_EDGE('',*,*,#1071,.T.);
#1356=ORIENTED_EDGE('',*,*,#1067,.T.);
#1357=ORIENTED_EDGE('',*,*,#1072,.F.);
#1358=ORIENTED_EDGE('',*,*,#1073,.F.);
#1359=ORIENTED_EDGE('',*,*,#1074,.T.);
#1360=ORIENTED_EDGE('',*,*,#1070,.T.);
#1361=ORIENTED_EDGE('',*,*,#1075,.T.);
#1362=ORIENTED_EDGE('',*,*,#1076,.F.);
#1363=ORIENTED_EDGE('',*,*,#1077,.F.);
#1364=ORIENTED_EDGE('',*,*,#1073,.T.);
#1365=ORIENTED_EDGE('',*,*,#1078,.T.);
#1366=ORIENTED_EDGE('',*,*,#1079,.F.);
#1367=ORIENTED_EDGE('',*,*,#1080,.F.);
#1368=ORIENTED_EDGE('',*,*,#1076,.T.);
#1369=ORIENTED_EDGE('',*,*,#1081,.T.);
#1370=ORIENTED_EDGE('',*,*,#1082,.T.);
#1371=ORIENTED_EDGE('',*,*,#1083,.F.);
#1372=ORIENTED_EDGE('',*,*,#1082,.F.);
#1373=ORIENTED_EDGE('',*,*,#1084,.T.);
#1374=ORIENTED_EDGE('',*,*,#1085,.T.);
#1375=ORIENTED_EDGE('',*,*,#1086,.F.);
#1376=ORIENTED_EDGE('',*,*,#1085,.F.);
#1377=ORIENTED_EDGE('',*,*,#1087,.T.);
#1378=ORIENTED_EDGE('',*,*,#1088,.T.);
#1379=ORIENTED_EDGE('',*,*,#1089,.F.);
#1380=ORIENTED_EDGE('',*,*,#1088,.F.);
#1381=ORIENTED_EDGE('',*,*,#1090,.T.);
#1382=ORIENTED_EDGE('',*,*,#1091,.T.);
#1383=ORIENTED_EDGE('',*,*,#1092,.F.);
#1384=ORIENTED_EDGE('',*,*,#1091,.F.);
#1385=ORIENTED_EDGE('',*,*,#1093,.F.);
#1386=ORIENTED_EDGE('',*,*,#1062,.F.);
#1387=ORIENTED_EDGE('',*,*,#1094,.T.);
#1388=ORIENTED_EDGE('',*,*,#1079,.T.);
#1389=ORIENTED_EDGE('',*,*,#1061,.T.);
#1390=ORIENTED_EDGE('',*,*,#1065,.T.);
#1391=ORIENTED_EDGE('',*,*,#1068,.F.);
#1392=ORIENTED_EDGE('',*,*,#1071,.F.);
#1393=ORIENTED_EDGE('',*,*,#1074,.F.);
#1394=ORIENTED_EDGE('',*,*,#1077,.T.);
#1395=ORIENTED_EDGE('',*,*,#1080,.T.);
#1396=ORIENTED_EDGE('',*,*,#1094,.F.);
#1397=ORIENTED_EDGE('',*,*,#1095,.F.);
#1398=ORIENTED_EDGE('',*,*,#1090,.F.);
#1399=ORIENTED_EDGE('',*,*,#1087,.F.);
#1400=ORIENTED_EDGE('',*,*,#1084,.F.);
#1401=ORIENTED_EDGE('',*,*,#1081,.F.);
#1402=ORIENTED_EDGE('',*,*,#1059,.F.);
#1403=ORIENTED_EDGE('',*,*,#1093,.T.);
#1404=ORIENTED_EDGE('',*,*,#1078,.F.);
#1405=ORIENTED_EDGE('',*,*,#1075,.F.);
#1406=ORIENTED_EDGE('',*,*,#1072,.T.);
#1407=ORIENTED_EDGE('',*,*,#1069,.T.);
#1408=ORIENTED_EDGE('',*,*,#1066,.T.);
#1409=ORIENTED_EDGE('',*,*,#1063,.F.);
#1410=ORIENTED_EDGE('',*,*,#1096,.T.);
#1411=ORIENTED_EDGE('',*,*,#1092,.T.);
#1412=ORIENTED_EDGE('',*,*,#1089,.T.);
#1413=ORIENTED_EDGE('',*,*,#1086,.T.);
#1414=ORIENTED_EDGE('',*,*,#1083,.T.);
#1415=ORIENTED_EDGE('',*,*,#1096,.F.);
#1416=ORIENTED_EDGE('',*,*,#1097,.T.);
#1417=ORIENTED_EDGE('',*,*,#1095,.T.);
#1418=ORIENTED_EDGE('',*,*,#1097,.F.);
#1419=ORIENTED_EDGE('',*,*,#1098,.T.);
#1420=ORIENTED_EDGE('',*,*,#1099,.F.);
#1421=ORIENTED_EDGE('',*,*,#1100,.F.);
#1422=ORIENTED_EDGE('',*,*,#1098,.F.);
#1423=ORIENTED_EDGE('',*,*,#1101,.F.);
#1424=ORIENTED_EDGE('',*,*,#1102,.T.);
#1425=ORIENTED_EDGE('',*,*,#1099,.T.);
#1426=ORIENTED_EDGE('',*,*,#1100,.T.);
#1427=ORIENTED_EDGE('',*,*,#1102,.F.);
#1428=ORIENTED_EDGE('',*,*,#1103,.T.);
#1429=ORIENTED_EDGE('',*,*,#1104,.F.);
#1430=ORIENTED_EDGE('',*,*,#1105,.F.);
#1431=ORIENTED_EDGE('',*,*,#1103,.F.);
#1432=ORIENTED_EDGE('',*,*,#1106,.F.);
#1433=ORIENTED_EDGE('',*,*,#1107,.T.);
#1434=ORIENTED_EDGE('',*,*,#1104,.T.);
#1435=ORIENTED_EDGE('',*,*,#1105,.T.);
#1436=ORIENTED_EDGE('',*,*,#1107,.F.);
#1437=ORIENTED_EDGE('',*,*,#1108,.T.);
#1438=ORIENTED_EDGE('',*,*,#1109,.F.);
#1439=ORIENTED_EDGE('',*,*,#1110,.F.);
#1440=ORIENTED_EDGE('',*,*,#1108,.F.);
#1441=ORIENTED_EDGE('',*,*,#1111,.F.);
#1442=ORIENTED_EDGE('',*,*,#1112,.T.);
#1443=ORIENTED_EDGE('',*,*,#1109,.T.);
#1444=ORIENTED_EDGE('',*,*,#1110,.T.);
#1445=ORIENTED_EDGE('',*,*,#1112,.F.);
#1446=ORIENTED_EDGE('',*,*,#1113,.F.);
#1447=ORIENTED_EDGE('',*,*,#1114,.T.);
#1448=ORIENTED_EDGE('',*,*,#1115,.T.);
#1449=ORIENTED_EDGE('',*,*,#1116,.F.);
#1450=ORIENTED_EDGE('',*,*,#1117,.F.);
#1451=ORIENTED_EDGE('',*,*,#1118,.F.);
#1452=ORIENTED_EDGE('',*,*,#1101,.T.);
#1453=ORIENTED_EDGE('',*,*,#1106,.T.);
#1454=ORIENTED_EDGE('',*,*,#1119,.F.);
#1455=ORIENTED_EDGE('',*,*,#1120,.T.);
#1456=ORIENTED_EDGE('',*,*,#1121,.F.);
#1457=ORIENTED_EDGE('',*,*,#1122,.F.);
#1458=ORIENTED_EDGE('',*,*,#1123,.F.);
#1459=ORIENTED_EDGE('',*,*,#1124,.F.);
#1460=ORIENTED_EDGE('',*,*,#1125,.F.);
#1461=ORIENTED_EDGE('',*,*,#1126,.T.);
#1462=ORIENTED_EDGE('',*,*,#1127,.T.);
#1463=ORIENTED_EDGE('',*,*,#1128,.T.);
#1464=ORIENTED_EDGE('',*,*,#1129,.T.);
#1465=ORIENTED_EDGE('',*,*,#1130,.T.);
#1466=ORIENTED_EDGE('',*,*,#1131,.T.);
#1467=ORIENTED_EDGE('',*,*,#1132,.F.);
#1468=ORIENTED_EDGE('',*,*,#1133,.T.);
#1469=ORIENTED_EDGE('',*,*,#1134,.T.);
#1470=ORIENTED_EDGE('',*,*,#1135,.F.);
#1471=ORIENTED_EDGE('',*,*,#1136,.T.);
#1472=ORIENTED_EDGE('',*,*,#1137,.T.);
#1473=ORIENTED_EDGE('',*,*,#1138,.T.);
#1474=ORIENTED_EDGE('',*,*,#1139,.T.);
#1475=ORIENTED_EDGE('',*,*,#1140,.F.);
#1476=ORIENTED_EDGE('',*,*,#1141,.T.);
#1477=ORIENTED_EDGE('',*,*,#1142,.T.);
#1478=ORIENTED_EDGE('',*,*,#1143,.T.);
#1479=ORIENTED_EDGE('',*,*,#1144,.T.);
#1480=ORIENTED_EDGE('',*,*,#1145,.F.);
#1481=ORIENTED_EDGE('',*,*,#1146,.T.);
#1482=ORIENTED_EDGE('',*,*,#1147,.T.);
#1483=ORIENTED_EDGE('',*,*,#1148,.T.);
#1484=ORIENTED_EDGE('',*,*,#1149,.F.);
#1485=ORIENTED_EDGE('',*,*,#1150,.T.);
#1486=ORIENTED_EDGE('',*,*,#1151,.T.);
#1487=ORIENTED_EDGE('',*,*,#1152,.T.);
#1488=ORIENTED_EDGE('',*,*,#1153,.T.);
#1489=ORIENTED_EDGE('',*,*,#1154,.F.);
#1490=ORIENTED_EDGE('',*,*,#1155,.T.);
#1491=ORIENTED_EDGE('',*,*,#1156,.T.);
#1492=ORIENTED_EDGE('',*,*,#1157,.T.);
#1493=ORIENTED_EDGE('',*,*,#1158,.T.);
#1494=ORIENTED_EDGE('',*,*,#1159,.F.);
#1495=ORIENTED_EDGE('',*,*,#1160,.F.);
#1496=ORIENTED_EDGE('',*,*,#1161,.F.);
#1497=ORIENTED_EDGE('',*,*,#1162,.F.);
#1498=ORIENTED_EDGE('',*,*,#1163,.T.);
#1499=ORIENTED_EDGE('',*,*,#1164,.T.);
#1500=ORIENTED_EDGE('',*,*,#1127,.F.);
#1501=ORIENTED_EDGE('',*,*,#1130,.F.);
#1502=ORIENTED_EDGE('',*,*,#1157,.F.);
#1503=ORIENTED_EDGE('',*,*,#1152,.F.);
#1504=ORIENTED_EDGE('',*,*,#1165,.F.);
#1505=ORIENTED_EDGE('',*,*,#1166,.T.);
#1506=ORIENTED_EDGE('',*,*,#1160,.T.);
#1507=ORIENTED_EDGE('',*,*,#1123,.T.);
#1508=ORIENTED_EDGE('',*,*,#1161,.T.);
#1509=ORIENTED_EDGE('',*,*,#1166,.F.);
#1510=ORIENTED_EDGE('',*,*,#1147,.F.);
#1511=ORIENTED_EDGE('',*,*,#1142,.F.);
#1512=ORIENTED_EDGE('',*,*,#1137,.F.);
#1513=ORIENTED_EDGE('',*,*,#1167,.F.);
#1514=ORIENTED_EDGE('',*,*,#1168,.T.);
#1515=ORIENTED_EDGE('',*,*,#1165,.T.);
#1516=ORIENTED_EDGE('',*,*,#1169,.T.);
#1517=ORIENTED_EDGE('',*,*,#1163,.F.);
#1518=ORIENTED_EDGE('',*,*,#1120,.F.);
#1519=ORIENTED_EDGE('',*,*,#1164,.F.);
#1520=ORIENTED_EDGE('',*,*,#1170,.T.);
#1521=ORIENTED_EDGE('',*,*,#1167,.T.);
#1522=ORIENTED_EDGE('',*,*,#1149,.T.);
#1523=ORIENTED_EDGE('',*,*,#1154,.T.);
#1524=ORIENTED_EDGE('',*,*,#1132,.T.);
#1525=ORIENTED_EDGE('',*,*,#1125,.T.);
#1526=ORIENTED_EDGE('',*,*,#1135,.T.);
#1527=ORIENTED_EDGE('',*,*,#1140,.T.);
#1528=ORIENTED_EDGE('',*,*,#1145,.T.);
#1529=ORIENTED_EDGE('',*,*,#1170,.F.);
#1530=ORIENTED_EDGE('',*,*,#1158,.F.);
#1531=ORIENTED_EDGE('',*,*,#1134,.F.);
#1532=ORIENTED_EDGE('',*,*,#1171,.T.);
#1533=ORIENTED_EDGE('',*,*,#1172,.T.);
#1534=ORIENTED_EDGE('',*,*,#1171,.F.);
#1535=ORIENTED_EDGE('',*,*,#1133,.F.);
#1536=ORIENTED_EDGE('',*,*,#1153,.F.);
#1537=ORIENTED_EDGE('',*,*,#1156,.F.);
#1538=ORIENTED_EDGE('',*,*,#1173,.T.);
#1539=ORIENTED_EDGE('',*,*,#1174,.T.);
#1540=ORIENTED_EDGE('',*,*,#1173,.F.);
#1541=ORIENTED_EDGE('',*,*,#1155,.F.);
#1542=ORIENTED_EDGE('',*,*,#1169,.F.);
#1543=ORIENTED_EDGE('',*,*,#1151,.F.);
#1544=ORIENTED_EDGE('',*,*,#1175,.T.);
#1545=ORIENTED_EDGE('',*,*,#1176,.T.);
#1546=ORIENTED_EDGE('',*,*,#1175,.F.);
#1547=ORIENTED_EDGE('',*,*,#1150,.F.);
#1548=ORIENTED_EDGE('',*,*,#1168,.F.);
#1549=ORIENTED_EDGE('',*,*,#1177,.T.);
#1550=ORIENTED_EDGE('',*,*,#1178,.T.);
#1551=ORIENTED_EDGE('',*,*,#1177,.F.);
#1552=ORIENTED_EDGE('',*,*,#1148,.F.);
#1553=ORIENTED_EDGE('',*,*,#1146,.F.);
#1554=ORIENTED_EDGE('',*,*,#1144,.F.);
#1555=ORIENTED_EDGE('',*,*,#1179,.T.);
#1556=ORIENTED_EDGE('',*,*,#1180,.T.);
#1557=ORIENTED_EDGE('',*,*,#1179,.F.);
#1558=ORIENTED_EDGE('',*,*,#1143,.F.);
#1559=ORIENTED_EDGE('',*,*,#1141,.F.);
#1560=ORIENTED_EDGE('',*,*,#1139,.F.);
#1561=ORIENTED_EDGE('',*,*,#1181,.T.);
#1562=ORIENTED_EDGE('',*,*,#1182,.T.);
#1563=ORIENTED_EDGE('',*,*,#1181,.F.);
#1564=ORIENTED_EDGE('',*,*,#1138,.F.);
#1565=ORIENTED_EDGE('',*,*,#1136,.F.);
#1566=ORIENTED_EDGE('',*,*,#1129,.F.);
#1567=ORIENTED_EDGE('',*,*,#1183,.T.);
#1568=ORIENTED_EDGE('',*,*,#1184,.T.);
#1569=ORIENTED_EDGE('',*,*,#1183,.F.);
#1570=ORIENTED_EDGE('',*,*,#1128,.F.);
#1571=ORIENTED_EDGE('',*,*,#1131,.F.);
#1572=ORIENTED_EDGE('',*,*,#1185,.T.);
#1573=ORIENTED_EDGE('',*,*,#1186,.T.);
#1574=ORIENTED_EDGE('',*,*,#1185,.F.);
#1575=ORIENTED_EDGE('',*,*,#1126,.F.);
#1576=ORIENTED_EDGE('',*,*,#1114,.F.);
#1577=ORIENTED_EDGE('',*,*,#1187,.F.);
#1578=ORIENTED_EDGE('',*,*,#1115,.F.);
#1579=ORIENTED_EDGE('',*,*,#1188,.T.);
#1580=ORIENTED_EDGE('',*,*,#1189,.T.);
#1581=ORIENTED_EDGE('',*,*,#1188,.F.);
#1582=ORIENTED_EDGE('',*,*,#1190,.F.);
#1583=ORIENTED_EDGE('',*,*,#1191,.F.);
#1584=ORIENTED_EDGE('',*,*,#1192,.F.);
#1585=ORIENTED_EDGE('',*,*,#1193,.F.);
#1586=ORIENTED_EDGE('',*,*,#1187,.T.);
#1587=ORIENTED_EDGE('',*,*,#1194,.F.);
#1588=ORIENTED_EDGE('',*,*,#1111,.T.);
#1589=ORIENTED_EDGE('',*,*,#1195,.T.);
#1590=ORIENTED_EDGE('',*,*,#1196,.F.);
#1591=ORIENTED_EDGE('',*,*,#1197,.T.);
#1592=ORIENTED_EDGE('',*,*,#1117,.T.);
#1593=ORIENTED_EDGE('',*,*,#1191,.T.);
#1594=ORIENTED_EDGE('',*,*,#1118,.T.);
#1595=ORIENTED_EDGE('',*,*,#1197,.F.);
#1596=ORIENTED_EDGE('',*,*,#1189,.F.);
#1597=ORIENTED_EDGE('',*,*,#1186,.F.);
#1598=ORIENTED_EDGE('',*,*,#1184,.F.);
#1599=ORIENTED_EDGE('',*,*,#1182,.F.);
#1600=ORIENTED_EDGE('',*,*,#1180,.F.);
#1601=ORIENTED_EDGE('',*,*,#1178,.F.);
#1602=ORIENTED_EDGE('',*,*,#1176,.F.);
#1603=ORIENTED_EDGE('',*,*,#1174,.F.);
#1604=ORIENTED_EDGE('',*,*,#1172,.F.);
#1605=ORIENTED_EDGE('',*,*,#1196,.T.);
#1606=ORIENTED_EDGE('',*,*,#1198,.T.);
#1607=ORIENTED_EDGE('',*,*,#1199,.T.);
#1608=ORIENTED_EDGE('',*,*,#1121,.T.);
#1609=ORIENTED_EDGE('',*,*,#1162,.T.);
#1610=ORIENTED_EDGE('',*,*,#1122,.T.);
#1611=ORIENTED_EDGE('',*,*,#1199,.F.);
#1612=ORIENTED_EDGE('',*,*,#1200,.T.);
#1613=ORIENTED_EDGE('',*,*,#1201,.T.);
#1614=ORIENTED_EDGE('',*,*,#1124,.T.);
#1615=ORIENTED_EDGE('',*,*,#1159,.T.);
#1616=ORIENTED_EDGE('',*,*,#1119,.T.);
#1617=ORIENTED_EDGE('',*,*,#1201,.F.);
#1618=ORIENTED_EDGE('',*,*,#1116,.T.);
#1619=ORIENTED_EDGE('',*,*,#1193,.T.);
#1620=ORIENTED_EDGE('',*,*,#1202,.T.);
#1621=ORIENTED_EDGE('',*,*,#1203,.F.);
#1622=ORIENTED_EDGE('',*,*,#1202,.F.);
#1623=ORIENTED_EDGE('',*,*,#1192,.T.);
#1624=ORIENTED_EDGE('',*,*,#1113,.T.);
#1625=ORIENTED_EDGE('',*,*,#1190,.T.);
#1626=ORIENTED_EDGE('',*,*,#1204,.T.);
#1627=ORIENTED_EDGE('',*,*,#1205,.F.);
#1628=ORIENTED_EDGE('',*,*,#1204,.F.);
#1629=ORIENTED_EDGE('',*,*,#1194,.T.);
#1630=ORIENTED_EDGE('',*,*,#1205,.T.);
#1631=ORIENTED_EDGE('',*,*,#1198,.F.);
#1632=ORIENTED_EDGE('',*,*,#1203,.T.);
#1633=ORIENTED_EDGE('',*,*,#1200,.F.);
#1634=ORIENTED_EDGE('',*,*,#1206,.T.);
#1635=ORIENTED_EDGE('',*,*,#1207,.F.);
#1636=ORIENTED_EDGE('',*,*,#1208,.F.);
#1637=ORIENTED_EDGE('',*,*,#1206,.F.);
#1638=ORIENTED_EDGE('',*,*,#1195,.F.);
#1639=ORIENTED_EDGE('',*,*,#1209,.T.);
#1640=ORIENTED_EDGE('',*,*,#1207,.T.);
#1641=ORIENTED_EDGE('',*,*,#1208,.T.);
#1642=ORIENTED_EDGE('',*,*,#1209,.F.);
#1643=ORIENTED_EDGE('',*,*,#1210,.F.);
#1644=ORIENTED_EDGE('',*,*,#1211,.T.);
#1645=ORIENTED_EDGE('',*,*,#1212,.F.);
#1646=ORIENTED_EDGE('',*,*,#1211,.F.);
#1647=ORIENTED_EDGE('',*,*,#1212,.T.);
#1648=ORIENTED_EDGE('',*,*,#1213,.F.);
#1649=ORIENTED_EDGE('',*,*,#1214,.T.);
#1650=ORIENTED_EDGE('',*,*,#1215,.F.);
#1651=ORIENTED_EDGE('',*,*,#1216,.F.);
#1652=ORIENTED_EDGE('',*,*,#1217,.F.);
#1653=ORIENTED_EDGE('',*,*,#1218,.F.);
#1654=ORIENTED_EDGE('',*,*,#1219,.F.);
#1655=ORIENTED_EDGE('',*,*,#1220,.F.);
#1656=ORIENTED_EDGE('',*,*,#1221,.T.);
#1657=ORIENTED_EDGE('',*,*,#1222,.F.);
#1658=ORIENTED_EDGE('',*,*,#1223,.T.);
#1659=ORIENTED_EDGE('',*,*,#1224,.T.);
#1660=ORIENTED_EDGE('',*,*,#1223,.F.);
#1661=ORIENTED_EDGE('',*,*,#1225,.F.);
#1662=ORIENTED_EDGE('',*,*,#1226,.T.);
#1663=ORIENTED_EDGE('',*,*,#1213,.T.);
#1664=ORIENTED_EDGE('',*,*,#1226,.F.);
#1665=ORIENTED_EDGE('',*,*,#1225,.T.);
#1666=ORIENTED_EDGE('',*,*,#1227,.T.);
#1667=ORIENTED_EDGE('',*,*,#1228,.T.);
#1668=ORIENTED_EDGE('',*,*,#1229,.T.);
#1669=ORIENTED_EDGE('',*,*,#1230,.T.);
#1670=ORIENTED_EDGE('',*,*,#1231,.F.);
#1671=ORIENTED_EDGE('',*,*,#1232,.F.);
#1672=ORIENTED_EDGE('',*,*,#1224,.F.);
#1673=ORIENTED_EDGE('',*,*,#1222,.T.);
#1674=ORIENTED_EDGE('',*,*,#1233,.F.);
#1675=ORIENTED_EDGE('',*,*,#1221,.F.);
#1676=ORIENTED_EDGE('',*,*,#1234,.T.);
#1677=ORIENTED_EDGE('',*,*,#1233,.T.);
#1678=ORIENTED_EDGE('',*,*,#1234,.F.);
#1679=ORIENTED_EDGE('',*,*,#1214,.F.);
#1680=ORIENTED_EDGE('',*,*,#1235,.T.);
#1681=ORIENTED_EDGE('',*,*,#1236,.T.);
#1682=ORIENTED_EDGE('',*,*,#1235,.F.);
#1683=ORIENTED_EDGE('',*,*,#1236,.F.);
#1684=ORIENTED_EDGE('',*,*,#1210,.T.);
#1685=ORIENTED_EDGE('',*,*,#1232,.T.);
#1686=ORIENTED_EDGE('',*,*,#1237,.T.);
#1687=ORIENTED_EDGE('',*,*,#1220,.T.);
#1688=ORIENTED_EDGE('',*,*,#1237,.F.);
#1689=ORIENTED_EDGE('',*,*,#1231,.T.);
#1690=ORIENTED_EDGE('',*,*,#1238,.T.);
#1691=ORIENTED_EDGE('',*,*,#1219,.T.);
#1692=ORIENTED_EDGE('',*,*,#1238,.F.);
#1693=ORIENTED_EDGE('',*,*,#1230,.F.);
#1694=ORIENTED_EDGE('',*,*,#1239,.T.);
#1695=ORIENTED_EDGE('',*,*,#1218,.T.);
#1696=ORIENTED_EDGE('',*,*,#1239,.F.);
#1697=ORIENTED_EDGE('',*,*,#1229,.F.);
#1698=ORIENTED_EDGE('',*,*,#1240,.T.);
#1699=ORIENTED_EDGE('',*,*,#1217,.T.);
#1700=ORIENTED_EDGE('',*,*,#1240,.F.);
#1701=ORIENTED_EDGE('',*,*,#1228,.F.);
#1702=ORIENTED_EDGE('',*,*,#1241,.T.);
#1703=ORIENTED_EDGE('',*,*,#1216,.T.);
#1704=ORIENTED_EDGE('',*,*,#1241,.F.);
#1705=ORIENTED_EDGE('',*,*,#1227,.F.);
#1706=ORIENTED_EDGE('',*,*,#1242,.T.);
#1707=ORIENTED_EDGE('',*,*,#1215,.T.);
#1708=ORIENTED_EDGE('',*,*,#1242,.F.);
#1709=ORIENTED_EDGE('',*,*,#1243,.T.);
#1710=ORIENTED_EDGE('',*,*,#1244,.F.);
#1711=ORIENTED_EDGE('',*,*,#1245,.F.);
#1712=ORIENTED_EDGE('',*,*,#1246,.T.);
#1713=ORIENTED_EDGE('',*,*,#1247,.T.);
#1714=ORIENTED_EDGE('',*,*,#1248,.F.);
#1715=ORIENTED_EDGE('',*,*,#1249,.F.);
#1716=ORIENTED_EDGE('',*,*,#1244,.T.);
#1717=ORIENTED_EDGE('',*,*,#1250,.F.);
#1718=ORIENTED_EDGE('',*,*,#1251,.F.);
#1719=ORIENTED_EDGE('',*,*,#1252,.T.);
#1720=ORIENTED_EDGE('',*,*,#1248,.T.);
#1721=ORIENTED_EDGE('',*,*,#1253,.F.);
#1722=ORIENTED_EDGE('',*,*,#1254,.F.);
#1723=ORIENTED_EDGE('',*,*,#1255,.T.);
#1724=ORIENTED_EDGE('',*,*,#1251,.T.);
#1725=ORIENTED_EDGE('',*,*,#1256,.F.);
#1726=ORIENTED_EDGE('',*,*,#1257,.F.);
#1727=ORIENTED_EDGE('',*,*,#1258,.T.);
#1728=ORIENTED_EDGE('',*,*,#1254,.T.);
#1729=ORIENTED_EDGE('',*,*,#1259,.T.);
#1730=ORIENTED_EDGE('',*,*,#1260,.F.);
#1731=ORIENTED_EDGE('',*,*,#1261,.F.);
#1732=ORIENTED_EDGE('',*,*,#1257,.T.);
#1733=ORIENTED_EDGE('',*,*,#1262,.T.);
#1734=ORIENTED_EDGE('',*,*,#1263,.F.);
#1735=ORIENTED_EDGE('',*,*,#1264,.F.);
#1736=ORIENTED_EDGE('',*,*,#1260,.T.);
#1737=ORIENTED_EDGE('',*,*,#1265,.T.);
#1738=ORIENTED_EDGE('',*,*,#1266,.T.);
#1739=ORIENTED_EDGE('',*,*,#1267,.F.);
#1740=ORIENTED_EDGE('',*,*,#1266,.F.);
#1741=ORIENTED_EDGE('',*,*,#1268,.T.);
#1742=ORIENTED_EDGE('',*,*,#1269,.T.);
#1743=ORIENTED_EDGE('',*,*,#1270,.F.);
#1744=ORIENTED_EDGE('',*,*,#1269,.F.);
#1745=ORIENTED_EDGE('',*,*,#1271,.T.);
#1746=ORIENTED_EDGE('',*,*,#1272,.T.);
#1747=ORIENTED_EDGE('',*,*,#1273,.F.);
#1748=ORIENTED_EDGE('',*,*,#1272,.F.);
#1749=ORIENTED_EDGE('',*,*,#1274,.T.);
#1750=ORIENTED_EDGE('',*,*,#1275,.T.);
#1751=ORIENTED_EDGE('',*,*,#1276,.F.);
#1752=ORIENTED_EDGE('',*,*,#1275,.F.);
#1753=ORIENTED_EDGE('',*,*,#1277,.T.);
#1754=ORIENTED_EDGE('',*,*,#1278,.T.);
#1755=ORIENTED_EDGE('',*,*,#1279,.F.);
#1756=ORIENTED_EDGE('',*,*,#1278,.F.);
#1757=ORIENTED_EDGE('',*,*,#1280,.F.);
#1758=ORIENTED_EDGE('',*,*,#1246,.F.);
#1759=ORIENTED_EDGE('',*,*,#1281,.T.);
#1760=ORIENTED_EDGE('',*,*,#1263,.T.);
#1761=ORIENTED_EDGE('',*,*,#1245,.T.);
#1762=ORIENTED_EDGE('',*,*,#1249,.T.);
#1763=ORIENTED_EDGE('',*,*,#1252,.F.);
#1764=ORIENTED_EDGE('',*,*,#1255,.F.);
#1765=ORIENTED_EDGE('',*,*,#1258,.F.);
#1766=ORIENTED_EDGE('',*,*,#1261,.T.);
#1767=ORIENTED_EDGE('',*,*,#1264,.T.);
#1768=ORIENTED_EDGE('',*,*,#1281,.F.);
#1769=ORIENTED_EDGE('',*,*,#1282,.T.);
#1770=ORIENTED_EDGE('',*,*,#1283,.T.);
#1771=ORIENTED_EDGE('',*,*,#1284,.T.);
#1772=ORIENTED_EDGE('',*,*,#1285,.T.);
#1773=ORIENTED_EDGE('',*,*,#1286,.F.);
#1774=ORIENTED_EDGE('',*,*,#1287,.F.);
#1775=ORIENTED_EDGE('',*,*,#1288,.F.);
#1776=ORIENTED_EDGE('',*,*,#1289,.F.);
#1777=ORIENTED_EDGE('',*,*,#1277,.F.);
#1778=ORIENTED_EDGE('',*,*,#1274,.F.);
#1779=ORIENTED_EDGE('',*,*,#1271,.F.);
#1780=ORIENTED_EDGE('',*,*,#1268,.F.);
#1781=ORIENTED_EDGE('',*,*,#1265,.F.);
#1782=ORIENTED_EDGE('',*,*,#1243,.F.);
#1783=ORIENTED_EDGE('',*,*,#1280,.T.);
#1784=ORIENTED_EDGE('',*,*,#1262,.F.);
#1785=ORIENTED_EDGE('',*,*,#1259,.F.);
#1786=ORIENTED_EDGE('',*,*,#1256,.T.);
#1787=ORIENTED_EDGE('',*,*,#1253,.T.);
#1788=ORIENTED_EDGE('',*,*,#1250,.T.);
#1789=ORIENTED_EDGE('',*,*,#1247,.F.);
#1790=ORIENTED_EDGE('',*,*,#1290,.F.);
#1791=ORIENTED_EDGE('',*,*,#1291,.F.);
#1792=ORIENTED_EDGE('',*,*,#1292,.F.);
#1793=ORIENTED_EDGE('',*,*,#1293,.F.);
#1794=ORIENTED_EDGE('',*,*,#1294,.F.);
#1795=ORIENTED_EDGE('',*,*,#1295,.F.);
#1796=ORIENTED_EDGE('',*,*,#1296,.T.);
#1797=ORIENTED_EDGE('',*,*,#1297,.T.);
#1798=ORIENTED_EDGE('',*,*,#1279,.T.);
#1799=ORIENTED_EDGE('',*,*,#1276,.T.);
#1800=ORIENTED_EDGE('',*,*,#1273,.T.);
#1801=ORIENTED_EDGE('',*,*,#1270,.T.);
#1802=ORIENTED_EDGE('',*,*,#1267,.T.);
#1803=ORIENTED_EDGE('',*,*,#1297,.F.);
#1804=ORIENTED_EDGE('',*,*,#1298,.T.);
#1805=ORIENTED_EDGE('',*,*,#1289,.T.);
#1806=ORIENTED_EDGE('',*,*,#1298,.F.);
#1807=ORIENTED_EDGE('',*,*,#1296,.F.);
#1808=ORIENTED_EDGE('',*,*,#1299,.T.);
#1809=ORIENTED_EDGE('',*,*,#1288,.T.);
#1810=ORIENTED_EDGE('',*,*,#1299,.F.);
#1811=ORIENTED_EDGE('',*,*,#1287,.T.);
#1812=ORIENTED_EDGE('',*,*,#1300,.T.);
#1813=ORIENTED_EDGE('',*,*,#1295,.T.);
#1814=ORIENTED_EDGE('',*,*,#1300,.F.);
#1815=ORIENTED_EDGE('',*,*,#1286,.T.);
#1816=ORIENTED_EDGE('',*,*,#1301,.T.);
#1817=ORIENTED_EDGE('',*,*,#1294,.T.);
#1818=ORIENTED_EDGE('',*,*,#1301,.F.);
#1819=ORIENTED_EDGE('',*,*,#1285,.F.);
#1820=ORIENTED_EDGE('',*,*,#1302,.T.);
#1821=ORIENTED_EDGE('',*,*,#1293,.T.);
#1822=ORIENTED_EDGE('',*,*,#1302,.F.);
#1823=ORIENTED_EDGE('',*,*,#1284,.F.);
#1824=ORIENTED_EDGE('',*,*,#1303,.T.);
#1825=ORIENTED_EDGE('',*,*,#1292,.T.);
#1826=ORIENTED_EDGE('',*,*,#1303,.F.);
#1827=ORIENTED_EDGE('',*,*,#1283,.F.);
#1828=ORIENTED_EDGE('',*,*,#1304,.T.);
#1829=ORIENTED_EDGE('',*,*,#1291,.T.);
#1830=ORIENTED_EDGE('',*,*,#1304,.F.);
#1831=ORIENTED_EDGE('',*,*,#1282,.F.);
#1832=ORIENTED_EDGE('',*,*,#1305,.T.);
#1833=ORIENTED_EDGE('',*,*,#1290,.T.);
#1834=ORIENTED_EDGE('',*,*,#1305,.F.);
#1835=ORIENTED_EDGE('',*,*,#1306,.T.);
#1836=ORIENTED_EDGE('',*,*,#1307,.T.);
#1837=ORIENTED_EDGE('',*,*,#1308,.F.);
#1838=ORIENTED_EDGE('',*,*,#1307,.F.);
#1839=ORIENTED_EDGE('',*,*,#1308,.T.);
#1840=ORIENTED_EDGE('',*,*,#1309,.T.);
#1841=ORIENTED_EDGE('',*,*,#1306,.F.);
#1842=ORIENTED_EDGE('',*,*,#1310,.T.);
#1843=ORIENTED_EDGE('',*,*,#1311,.T.);
#1844=ORIENTED_EDGE('',*,*,#1312,.F.);
#1845=ORIENTED_EDGE('',*,*,#1313,.F.);
#1846=ORIENTED_EDGE('',*,*,#1311,.F.);
#1847=ORIENTED_EDGE('',*,*,#1309,.F.);
#1848=ORIENTED_EDGE('',*,*,#1314,.T.);
#1849=ORIENTED_EDGE('',*,*,#1312,.T.);
#1850=ORIENTED_EDGE('',*,*,#1313,.T.);
#1851=ORIENTED_EDGE('',*,*,#1314,.F.);
#1852=ORIENTED_EDGE('',*,*,#1315,.T.);
#1853=ORIENTED_EDGE('',*,*,#1316,.F.);
#1854=ORIENTED_EDGE('',*,*,#1317,.F.);
#1855=ORIENTED_EDGE('',*,*,#1315,.F.);
#1856=ORIENTED_EDGE('',*,*,#1310,.F.);
#1857=ORIENTED_EDGE('',*,*,#1318,.T.);
#1858=ORIENTED_EDGE('',*,*,#1316,.T.);
#1859=ORIENTED_EDGE('',*,*,#1317,.T.);
#1860=ORIENTED_EDGE('',*,*,#1318,.F.);
#1861=PLANE('',#2088);
#1862=PLANE('',#2097);
#1863=PLANE('',#2099);
#1864=PLANE('',#2103);
#1865=PLANE('',#2104);
#1866=PLANE('',#2105);
#1867=PLANE('',#2106);
#1868=PLANE('',#2107);
#1869=PLANE('',#2108);
#1870=PLANE('',#2109);
#1871=PLANE('',#2122);
#1872=PLANE('',#2123);
#1873=PLANE('',#2125);
#1874=PLANE('',#2144);
#1875=PLANE('',#2151);
#1876=PLANE('',#2158);
#1877=PLANE('',#2164);
#1878=PLANE('',#2170);
#1879=PLANE('',#2176);
#1880=PLANE('',#2182);
#1881=PLANE('',#2187);
#1882=PLANE('',#2193);
#1883=PLANE('',#2199);
#1884=PLANE('',#2208);
#1885=PLANE('',#2232);
#1886=PLANE('',#2241);
#1887=PLANE('',#2250);
#1888=PLANE('',#2251);
#1889=PLANE('',#2260);
#1890=PLANE('',#2262);
#1891=PLANE('',#2276);
#1892=PLANE('',#2283);
#1893=PLANE('',#2288);
#1894=PLANE('',#2296);
#1895=PLANE('',#2297);
#1896=PLANE('',#2298);
#1897=PLANE('',#2299);
#1898=PLANE('',#2300);
#1899=PLANE('',#2301);
#1900=PLANE('',#2302);
#1901=PLANE('',#2318);
#1902=PLANE('',#2319);
#1903=PLANE('',#2328);
#1904=PLANE('',#2349);
#1905=PLANE('',#2351);
#1906=ADVANCED_FACE('',(#425,#353),#1861,.F.);
#1907=ADVANCED_FACE('',(#426),#346,.F.);
#1908=ADVANCED_FACE('',(#427),#71,.F.);
#1909=ADVANCED_FACE('',(#428),#72,.T.);
#1910=ADVANCED_FACE('',(#429,#354),#1862,.T.);
#1911=ADVANCED_FACE('',(#430),#1863,.T.);
#1912=ADVANCED_FACE('',(#431),#73,.T.);
#1913=ADVANCED_FACE('',(#432),#1864,.F.);
#1914=ADVANCED_FACE('',(#433),#1865,.F.);
#1915=ADVANCED_FACE('',(#434),#1866,.T.);
#1916=ADVANCED_FACE('',(#435),#1867,.T.);
#1917=ADVANCED_FACE('',(#436),#1868,.T.);
#1918=ADVANCED_FACE('',(#437),#1869,.F.);
#1919=ADVANCED_FACE('',(#438),#1870,.F.);
#1920=ADVANCED_FACE('',(#439),#74,.F.);
#1921=ADVANCED_FACE('',(#440),#75,.F.);
#1922=ADVANCED_FACE('',(#441),#76,.F.);
#1923=ADVANCED_FACE('',(#442),#77,.F.);
#1924=ADVANCED_FACE('',(#443),#1871,.T.);
#1925=ADVANCED_FACE('',(#444,#355,#356,#357,#358,#359),#1872,.T.);
#1926=ADVANCED_FACE('',(#445,#360,#361,#362,#363,#364),#1873,.F.);
#1927=ADVANCED_FACE('',(#446),#78,.F.);
#1928=ADVANCED_FACE('',(#447),#347,.F.);
#1929=ADVANCED_FACE('',(#448),#79,.F.);
#1930=ADVANCED_FACE('',(#449),#348,.F.);
#1931=ADVANCED_FACE('',(#450),#80,.F.);
#1932=ADVANCED_FACE('',(#451),#349,.F.);
#1933=ADVANCED_FACE('',(#452),#81,.F.);
#1934=ADVANCED_FACE('',(#453,#365,#366),#1874,.T.);
#1935=ADVANCED_FACE('',(#454),#1875,.T.);
#1936=ADVANCED_FACE('',(#455),#1876,.F.);
#1937=ADVANCED_FACE('',(#456),#1877,.F.);
#1938=ADVANCED_FACE('',(#457),#1878,.F.);
#1939=ADVANCED_FACE('',(#458),#1879,.F.);
#1940=ADVANCED_FACE('',(#459),#1880,.F.);
#1941=ADVANCED_FACE('',(#460),#1881,.F.);
#1942=ADVANCED_FACE('',(#461),#1882,.F.);
#1943=ADVANCED_FACE('',(#462),#1883,.T.);
#1944=ADVANCED_FACE('',(#463),#82,.F.);
#1945=ADVANCED_FACE('',(#464),#1884,.F.);
#1946=ADVANCED_FACE('',(#465),#83,.T.);
#1947=ADVANCED_FACE('',(#466),#84,.F.);
#1948=ADVANCED_FACE('',(#467),#85,.F.);
#1949=ADVANCED_FACE('',(#468),#86,.F.);
#1950=ADVANCED_FACE('',(#469),#87,.F.);
#1951=ADVANCED_FACE('',(#470),#88,.F.);
#1952=ADVANCED_FACE('',(#471),#89,.F.);
#1953=ADVANCED_FACE('',(#472),#90,.F.);
#1954=ADVANCED_FACE('',(#473),#91,.F.);
#1955=ADVANCED_FACE('',(#474),#92,.T.);
#1956=ADVANCED_FACE('',(#475,#367,#368),#1885,.T.);
#1957=ADVANCED_FACE('',(#476),#93,.F.);
#1958=ADVANCED_FACE('',(#477,#369,#370,#371,#372,#373,#374,#375,#376,#377),
#1886,.T.);
#1959=ADVANCED_FACE('',(#478),#94,.F.);
#1960=ADVANCED_FACE('',(#479),#95,.F.);
#1961=ADVANCED_FACE('',(#480),#96,.T.);
#1962=ADVANCED_FACE('',(#481),#97,.T.);
#1963=ADVANCED_FACE('',(#482,#378),#1887,.T.);
#1964=ADVANCED_FACE('',(#483,#379),#1888,.T.);
#1965=ADVANCED_FACE('',(#484),#350,.F.);
#1966=ADVANCED_FACE('',(#485),#98,.F.);
#1967=ADVANCED_FACE('',(#486),#99,.T.);
#1968=ADVANCED_FACE('',(#487,#380),#1889,.T.);
#1969=ADVANCED_FACE('',(#488,#381,#382,#383,#384,#385,#386,#387),#1890,
 .F.);
#1970=ADVANCED_FACE('',(#489),#100,.T.);
#1971=ADVANCED_FACE('',(#490),#101,.F.);
#1972=ADVANCED_FACE('',(#491,#388,#389,#390,#391,#392,#393,#394),#1891,
 .T.);
#1973=ADVANCED_FACE('',(#492,#395),#1892,.T.);
#1974=ADVANCED_FACE('',(#493),#102,.F.);
#1975=ADVANCED_FACE('',(#494),#103,.T.);
#1976=ADVANCED_FACE('',(#495,#396),#1893,.F.);
#1977=ADVANCED_FACE('',(#496),#104,.F.);
#1978=ADVANCED_FACE('',(#497),#105,.F.);
#1979=ADVANCED_FACE('',(#498),#106,.F.);
#1980=ADVANCED_FACE('',(#499),#107,.F.);
#1981=ADVANCED_FACE('',(#500),#108,.F.);
#1982=ADVANCED_FACE('',(#501),#109,.F.);
#1983=ADVANCED_FACE('',(#502),#1894,.F.);
#1984=ADVANCED_FACE('',(#503),#1895,.F.);
#1985=ADVANCED_FACE('',(#504),#1896,.T.);
#1986=ADVANCED_FACE('',(#505),#1897,.T.);
#1987=ADVANCED_FACE('',(#506),#1898,.T.);
#1988=ADVANCED_FACE('',(#507),#1899,.F.);
#1989=ADVANCED_FACE('',(#508),#1900,.F.);
#1990=ADVANCED_FACE('',(#509),#110,.F.);
#1991=ADVANCED_FACE('',(#510),#111,.F.);
#1992=ADVANCED_FACE('',(#511),#112,.F.);
#1993=ADVANCED_FACE('',(#512),#113,.F.);
#1994=ADVANCED_FACE('',(#513),#114,.F.);
#1995=ADVANCED_FACE('',(#514),#1901,.T.);
#1996=ADVANCED_FACE('',(#515,#397,#398,#399,#400,#401,#402,#403,#404,#405,
#406,#407,#408,#409),#1902,.T.);
#1997=ADVANCED_FACE('',(#516,#410,#411,#412,#413,#414,#415,#416,#417,#418,
#419,#420,#421,#422),#1903,.F.);
#1998=ADVANCED_FACE('',(#517),#115,.F.);
#1999=ADVANCED_FACE('',(#518),#116,.F.);
#2000=ADVANCED_FACE('',(#519),#117,.F.);
#2001=ADVANCED_FACE('',(#520),#118,.F.);
#2002=ADVANCED_FACE('',(#521),#119,.F.);
#2003=ADVANCED_FACE('',(#522),#120,.F.);
#2004=ADVANCED_FACE('',(#523),#121,.F.);
#2005=ADVANCED_FACE('',(#524),#122,.F.);
#2006=ADVANCED_FACE('',(#525),#123,.T.);
#2007=ADVANCED_FACE('',(#526,#423),#1904,.T.);
#2008=ADVANCED_FACE('',(#527,#424),#1905,.F.);
#2009=ADVANCED_FACE('',(#528),#351,.F.);
#2010=ADVANCED_FACE('',(#529),#124,.F.);
#2011=ADVANCED_FACE('',(#530),#352,.F.);
#2012=ADVANCED_FACE('',(#531),#125,.F.);
#2013=CLOSED_SHELL('',(#1906,#1907,#1908,#1909,#1910,#1911,#1912));
#2014=CLOSED_SHELL('',(#1913,#1914,#1915,#1916,#1917,#1918,#1919,#1920,
#1921,#1922,#1923,#1924,#1925,#1926,#1927));
#2015=CLOSED_SHELL('',(#1928,#1929,#1930,#1931,#1932,#1933,#1934,#1935,
#1936,#1937,#1938,#1939,#1940,#1941,#1942,#1943,#1944,#1945,#1946,#1947,
#1948,#1949,#1950,#1951,#1952,#1953,#1954,#1955,#1956,#1957,#1958,#1959,
#1960,#1961,#1962,#1963,#1964,#1965,#1966));
#2016=CLOSED_SHELL('',(#1967,#1968,#1969,#1970,#1971,#1972,#1973,#1974,
#1975,#1976,#1977,#1978,#1979,#1980,#1981,#1982));
#2017=CLOSED_SHELL('',(#1983,#1984,#1985,#1986,#1987,#1988,#1989,#1990,
#1991,#1992,#1993,#1994,#1995,#1996,#1997,#1998,#1999,#2000,#2001,#2002,
#2003,#2004,#2005));
#2018=CLOSED_SHELL('',(#2006,#2007,#2008,#2009,#2010,#2011,#2012));
#2019=DERIVED_UNIT_ELEMENT(#2031,1.);
#2020=DERIVED_UNIT_ELEMENT(#3634,-3.);
#2021=DERIVED_UNIT_ELEMENT(#2031,1.);
#2022=DERIVED_UNIT_ELEMENT(#3634,-3.);
#2023=DERIVED_UNIT_ELEMENT(#2031,1.);
#2024=DERIVED_UNIT_ELEMENT(#3634,-3.);
#2025=DERIVED_UNIT_ELEMENT(#2031,1.);
#2026=DERIVED_UNIT_ELEMENT(#3634,-3.);
#2027=DERIVED_UNIT_ELEMENT(#2031,1.);
#2028=DERIVED_UNIT_ELEMENT(#3634,-3.);
#2029=DERIVED_UNIT_ELEMENT(#2031,1.);
#2030=DERIVED_UNIT_ELEMENT(#3634,-3.);
#2031=(
MASS_UNIT()
NAMED_UNIT(*)
SI_UNIT(.KILO.,.GRAM.)
);
#2032=DERIVED_UNIT((#2019,#2020));
#2033=DERIVED_UNIT((#2021,#2022));
#2034=DERIVED_UNIT((#2023,#2024));
#2035=DERIVED_UNIT((#2025,#2026));
#2036=DERIVED_UNIT((#2027,#2028));
#2037=DERIVED_UNIT((#2029,#2030));
#2038=MEASURE_REPRESENTATION_ITEM('density measure',
POSITIVE_RATIO_MEASURE(7850.),#2032);
#2039=MEASURE_REPRESENTATION_ITEM('density measure',
POSITIVE_RATIO_MEASURE(7850.),#2033);
#2040=MEASURE_REPRESENTATION_ITEM('density measure',
POSITIVE_RATIO_MEASURE(7850.),#2034);
#2041=MEASURE_REPRESENTATION_ITEM('density measure',
POSITIVE_RATIO_MEASURE(7850.),#2035);
#2042=MEASURE_REPRESENTATION_ITEM('density measure',
POSITIVE_RATIO_MEASURE(7850.),#2036);
#2043=MEASURE_REPRESENTATION_ITEM('density measure',
POSITIVE_RATIO_MEASURE(7850.),#2037);
#2044=PROPERTY_DEFINITION_REPRESENTATION(#2074,#2056);
#2045=PROPERTY_DEFINITION_REPRESENTATION(#2075,#2057);
#2046=PROPERTY_DEFINITION_REPRESENTATION(#2076,#2058);
#2047=PROPERTY_DEFINITION_REPRESENTATION(#2077,#2059);
#2048=PROPERTY_DEFINITION_REPRESENTATION(#2078,#2060);
#2049=PROPERTY_DEFINITION_REPRESENTATION(#2079,#2061);
#2050=PROPERTY_DEFINITION_REPRESENTATION(#2080,#2062);
#2051=PROPERTY_DEFINITION_REPRESENTATION(#2081,#2063);
#2052=PROPERTY_DEFINITION_REPRESENTATION(#2082,#2064);
#2053=PROPERTY_DEFINITION_REPRESENTATION(#2083,#2065);
#2054=PROPERTY_DEFINITION_REPRESENTATION(#2084,#2066);
#2055=PROPERTY_DEFINITION_REPRESENTATION(#2085,#2067);
#2056=REPRESENTATION('material name',(#2068),#3627);
#2057=REPRESENTATION('density',(#2038),#3627);
#2058=REPRESENTATION('material name',(#2069),#3628);
#2059=REPRESENTATION('density',(#2039),#3628);
#2060=REPRESENTATION('material name',(#2070),#3629);
#2061=REPRESENTATION('density',(#2040),#3629);
#2062=REPRESENTATION('material name',(#2071),#3630);
#2063=REPRESENTATION('density',(#2041),#3630);
#2064=REPRESENTATION('material name',(#2072),#3631);
#2065=REPRESENTATION('density',(#2042),#3631);
#2066=REPRESENTATION('material name',(#2073),#3632);
#2067=REPRESENTATION('density',(#2043),#3632);
#2068=DESCRIPTIVE_REPRESENTATION_ITEM('Steel','Steel');
#2069=DESCRIPTIVE_REPRESENTATION_ITEM('Steel','Steel');
#2070=DESCRIPTIVE_REPRESENTATION_ITEM('Steel','Steel');
#2071=DESCRIPTIVE_REPRESENTATION_ITEM('Steel','Steel');
#2072=DESCRIPTIVE_REPRESENTATION_ITEM('Steel','Steel');
#2073=DESCRIPTIVE_REPRESENTATION_ITEM('Steel','Steel');
#2074=PROPERTY_DEFINITION('material property','material name',#3669);
#2075=PROPERTY_DEFINITION('material property','density of part',#3669);
#2076=PROPERTY_DEFINITION('material property','material name',#3670);
#2077=PROPERTY_DEFINITION('material property','density of part',#3670);
#2078=PROPERTY_DEFINITION('material property','material name',#3671);
#2079=PROPERTY_DEFINITION('material property','density of part',#3671);
#2080=PROPERTY_DEFINITION('material property','material name',#3672);
#2081=PROPERTY_DEFINITION('material property','density of part',#3672);
#2082=PROPERTY_DEFINITION('material property','material name',#3673);
#2083=PROPERTY_DEFINITION('material property','density of part',#3673);
#2084=PROPERTY_DEFINITION('material property','material name',#3674);
#2085=PROPERTY_DEFINITION('material property','density of part',#3674);
#2086=AXIS2_PLACEMENT_3D('',#3048,#2370,#2371);
#2087=AXIS2_PLACEMENT_3D('',#3049,#2372,#2373);
#2088=AXIS2_PLACEMENT_3D('',#3050,#2374,#2375);
#2089=AXIS2_PLACEMENT_3D('',#3052,#2376,#2377);
#2090=AXIS2_PLACEMENT_3D('',#3054,#2378,#2379);
#2091=AXIS2_PLACEMENT_3D('',#3055,#2380,#2381);
#2092=AXIS2_PLACEMENT_3D('',#3060,#2383,#2384);
#2093=AXIS2_PLACEMENT_3D('',#3061,#2385,#2386);
#2094=AXIS2_PLACEMENT_3D('',#3062,#2387,#2388);
#2095=AXIS2_PLACEMENT_3D('',#3064,#2390,#2391);
#2096=AXIS2_PLACEMENT_3D('',#3067,#2393,#2394);
#2097=AXIS2_PLACEMENT_3D('',#3068,#2395,#2396);
#2098=AXIS2_PLACEMENT_3D('',#3070,#2397,#2398);
#2099=AXIS2_PLACEMENT_3D('',#3071,#2399,#2400);
#2100=AXIS2_PLACEMENT_3D('',#3073,#2401,#2402);
#2101=AXIS2_PLACEMENT_3D('',#3074,#2403,#2404);
#2102=AXIS2_PLACEMENT_3D('',#3076,#2406,#2407);
#2103=AXIS2_PLACEMENT_3D('',#3077,#2408,#2409);
#2104=AXIS2_PLACEMENT_3D('',#3086,#2414,#2415);
#2105=AXIS2_PLACEMENT_3D('',#3092,#2419,#2420);
#2106=AXIS2_PLACEMENT_3D('',#3098,#2424,#2425);
#2107=AXIS2_PLACEMENT_3D('',#3104,#2429,#2430);
#2108=AXIS2_PLACEMENT_3D('',#3110,#2434,#2435);
#2109=AXIS2_PLACEMENT_3D('',#3116,#2439,#2440);
#2110=AXIS2_PLACEMENT_3D('',#3122,#2444,#2445);
#2111=AXIS2_PLACEMENT_3D('',#3124,#2446,#2447);
#2112=AXIS2_PLACEMENT_3D('',#3127,#2449,#2450);
#2113=AXIS2_PLACEMENT_3D('',#3128,#2451,#2452);
#2114=AXIS2_PLACEMENT_3D('',#3130,#2453,#2454);
#2115=AXIS2_PLACEMENT_3D('',#3133,#2456,#2457);
#2116=AXIS2_PLACEMENT_3D('',#3134,#2458,#2459);
#2117=AXIS2_PLACEMENT_3D('',#3136,#2460,#2461);
#2118=AXIS2_PLACEMENT_3D('',#3139,#2463,#2464);
#2119=AXIS2_PLACEMENT_3D('',#3140,#2465,#2466);
#2120=AXIS2_PLACEMENT_3D('',#3142,#2467,#2468);
#2121=AXIS2_PLACEMENT_3D('',#3145,#2470,#2471);
#2122=AXIS2_PLACEMENT_3D('',#3146,#2472,#2473);
#2123=AXIS2_PLACEMENT_3D('',#3149,#2476,#2477);
#2124=AXIS2_PLACEMENT_3D('',#3151,#2478,#2479);
#2125=AXIS2_PLACEMENT_3D('',#3152,#2480,#2481);
#2126=AXIS2_PLACEMENT_3D('',#3154,#2482,#2483);
#2127=AXIS2_PLACEMENT_3D('',#3155,#2484,#2485);
#2128=AXIS2_PLACEMENT_3D('',#3157,#2487,#2488);
#2129=AXIS2_PLACEMENT_3D('',#3158,#2489,#2490);
#2130=AXIS2_PLACEMENT_3D('',#3163,#2492,#2493);
#2131=AXIS2_PLACEMENT_3D('',#3164,#2494,#2495);
#2132=AXIS2_PLACEMENT_3D('',#3165,#2496,#2497);
#2133=AXIS2_PLACEMENT_3D('',#3167,#2498,#2499);
#2134=AXIS2_PLACEMENT_3D('',#3169,#2501,#2502);
#2135=AXIS2_PLACEMENT_3D('',#3174,#2504,#2505);
#2136=AXIS2_PLACEMENT_3D('',#3175,#2506,#2507);
#2137=AXIS2_PLACEMENT_3D('',#3176,#2508,#2509);
#2138=AXIS2_PLACEMENT_3D('',#3178,#2510,#2511);
#2139=AXIS2_PLACEMENT_3D('',#3180,#2513,#2514);
#2140=AXIS2_PLACEMENT_3D('',#3185,#2516,#2517);
#2141=AXIS2_PLACEMENT_3D('',#3186,#2518,#2519);
#2142=AXIS2_PLACEMENT_3D('',#3187,#2520,#2521);
#2143=AXIS2_PLACEMENT_3D('',#3189,#2522,#2523);
#2144=AXIS2_PLACEMENT_3D('',#3191,#2525,#2526);
#2145=AXIS2_PLACEMENT_3D('',#3194,#2527,#2528);
#2146=AXIS2_PLACEMENT_3D('',#3196,#2529,#2530);
#2147=AXIS2_PLACEMENT_3D('',#3198,#2531,#2532);
#2148=AXIS2_PLACEMENT_3D('',#3200,#2533,#2534);
#2149=AXIS2_PLACEMENT_3D('',#3202,#2535,#2536);
#2150=AXIS2_PLACEMENT_3D('',#3203,#2537,#2538);
#2151=AXIS2_PLACEMENT_3D('',#3204,#2539,#2540);
#2152=AXIS2_PLACEMENT_3D('',#3207,#2541,#2542);
#2153=AXIS2_PLACEMENT_3D('',#3209,#2543,#2544);
#2154=AXIS2_PLACEMENT_3D('',#3211,#2545,#2546);
#2155=AXIS2_PLACEMENT_3D('',#3213,#2547,#2548);
#2156=AXIS2_PLACEMENT_3D('',#3215,#2549,#2550);
#2157=AXIS2_PLACEMENT_3D('',#3216,#2551,#2552);
#2158=AXIS2_PLACEMENT_3D('',#3217,#2553,#2554);
#2159=AXIS2_PLACEMENT_3D('',#3220,#2555,#2556);
#2160=AXIS2_PLACEMENT_3D('',#3222,#2557,#2558);
#2161=AXIS2_PLACEMENT_3D('',#3224,#2559,#2560);
#2162=AXIS2_PLACEMENT_3D('',#3226,#2561,#2562);
#2163=AXIS2_PLACEMENT_3D('',#3227,#2563,#2564);
#2164=AXIS2_PLACEMENT_3D('',#3228,#2565,#2566);
#2165=AXIS2_PLACEMENT_3D('',#3230,#2567,#2568);
#2166=AXIS2_PLACEMENT_3D('',#3231,#2569,#2570);
#2167=AXIS2_PLACEMENT_3D('',#3233,#2571,#2572);
#2168=AXIS2_PLACEMENT_3D('',#3235,#2573,#2574);
#2169=AXIS2_PLACEMENT_3D('',#3236,#2575,#2576);
#2170=AXIS2_PLACEMENT_3D('',#3237,#2577,#2578);
#2171=AXIS2_PLACEMENT_3D('',#3239,#2579,#2580);
#2172=AXIS2_PLACEMENT_3D('',#3240,#2581,#2582);
#2173=AXIS2_PLACEMENT_3D('',#3242,#2583,#2584);
#2174=AXIS2_PLACEMENT_3D('',#3244,#2585,#2586);
#2175=AXIS2_PLACEMENT_3D('',#3245,#2587,#2588);
#2176=AXIS2_PLACEMENT_3D('',#3246,#2589,#2590);
#2177=AXIS2_PLACEMENT_3D('',#3248,#2591,#2592);
#2178=AXIS2_PLACEMENT_3D('',#3249,#2593,#2594);
#2179=AXIS2_PLACEMENT_3D('',#3251,#2595,#2596);
#2180=AXIS2_PLACEMENT_3D('',#3253,#2597,#2598);
#2181=AXIS2_PLACEMENT_3D('',#3254,#2599,#2600);
#2182=AXIS2_PLACEMENT_3D('',#3255,#2601,#2602);
#2183=AXIS2_PLACEMENT_3D('',#3257,#2603,#2604);
#2184=AXIS2_PLACEMENT_3D('',#3258,#2605,#2606);
#2185=AXIS2_PLACEMENT_3D('',#3260,#2607,#2608);
#2186=AXIS2_PLACEMENT_3D('',#3261,#2609,#2610);
#2187=AXIS2_PLACEMENT_3D('',#3262,#2611,#2612);
#2188=AXIS2_PLACEMENT_3D('',#3265,#2613,#2614);
#2189=AXIS2_PLACEMENT_3D('',#3267,#2615,#2616);
#2190=AXIS2_PLACEMENT_3D('',#3269,#2617,#2618);
#2191=AXIS2_PLACEMENT_3D('',#3271,#2619,#2620);
#2192=AXIS2_PLACEMENT_3D('',#3272,#2621,#2622);
#2193=AXIS2_PLACEMENT_3D('',#3273,#2623,#2624);
#2194=AXIS2_PLACEMENT_3D('',#3274,#2625,#2626);
#2195=AXIS2_PLACEMENT_3D('',#3276,#2627,#2628);
#2196=AXIS2_PLACEMENT_3D('',#3277,#2629,#2630);
#2197=AXIS2_PLACEMENT_3D('',#3278,#2631,#2632);
#2198=AXIS2_PLACEMENT_3D('',#3279,#2633,#2634);
#2199=AXIS2_PLACEMENT_3D('',#3280,#2635,#2636);
#2200=AXIS2_PLACEMENT_3D('',#3281,#2637,#2638);
#2201=AXIS2_PLACEMENT_3D('',#3283,#2639,#2640);
#2202=AXIS2_PLACEMENT_3D('',#3284,#2641,#2642);
#2203=AXIS2_PLACEMENT_3D('',#3285,#2643,#2644);
#2204=AXIS2_PLACEMENT_3D('',#3287,#2645,#2646);
#2205=AXIS2_PLACEMENT_3D('',#3288,#2647,#2648);
#2206=AXIS2_PLACEMENT_3D('',#3289,#2649,#2650);
#2207=AXIS2_PLACEMENT_3D('',#3290,#2651,#2652);
#2208=AXIS2_PLACEMENT_3D('',#3292,#2654,#2655);
#2209=AXIS2_PLACEMENT_3D('',#3293,#2656,#2657);
#2210=AXIS2_PLACEMENT_3D('',#3294,#2658,#2659);
#2211=AXIS2_PLACEMENT_3D('',#3295,#2660,#2661);
#2212=AXIS2_PLACEMENT_3D('',#3296,#2662,#2663);
#2213=AXIS2_PLACEMENT_3D('',#3298,#2665,#2666);
#2214=AXIS2_PLACEMENT_3D('',#3301,#2668,#2669);
#2215=AXIS2_PLACEMENT_3D('',#3302,#2670,#2671);
#2216=AXIS2_PLACEMENT_3D('',#3305,#2673,#2674);
#2217=AXIS2_PLACEMENT_3D('',#3306,#2675,#2676);
#2218=AXIS2_PLACEMENT_3D('',#3309,#2678,#2679);
#2219=AXIS2_PLACEMENT_3D('',#3310,#2680,#2681);
#2220=AXIS2_PLACEMENT_3D('',#3313,#2683,#2684);
#2221=AXIS2_PLACEMENT_3D('',#3314,#2685,#2686);
#2222=AXIS2_PLACEMENT_3D('',#3317,#2688,#2689);
#2223=AXIS2_PLACEMENT_3D('',#3318,#2690,#2691);
#2224=AXIS2_PLACEMENT_3D('',#3321,#2693,#2694);
#2225=AXIS2_PLACEMENT_3D('',#3322,#2695,#2696);
#2226=AXIS2_PLACEMENT_3D('',#3325,#2698,#2699);
#2227=AXIS2_PLACEMENT_3D('',#3326,#2700,#2701);
#2228=AXIS2_PLACEMENT_3D('',#3329,#2703,#2704);
#2229=AXIS2_PLACEMENT_3D('',#3330,#2705,#2706);
#2230=AXIS2_PLACEMENT_3D('',#3331,#2707,#2708);
#2231=AXIS2_PLACEMENT_3D('',#3334,#2710,#2711);
#2232=AXIS2_PLACEMENT_3D('',#3335,#2712,#2713);
#2233=AXIS2_PLACEMENT_3D('',#3337,#2714,#2715);
#2234=AXIS2_PLACEMENT_3D('',#3338,#2716,#2717);
#2235=AXIS2_PLACEMENT_3D('',#3340,#2718,#2719);
#2236=AXIS2_PLACEMENT_3D('',#3341,#2720,#2721);
#2237=AXIS2_PLACEMENT_3D('',#3342,#2722,#2723);
#2238=AXIS2_PLACEMENT_3D('',#3344,#2724,#2725);
#2239=AXIS2_PLACEMENT_3D('',#3345,#2726,#2727);
#2240=AXIS2_PLACEMENT_3D('',#3347,#2728,#2729);
#2241=AXIS2_PLACEMENT_3D('',#3349,#2731,#2732);
#2242=AXIS2_PLACEMENT_3D('',#3350,#2733,#2734);
#2243=AXIS2_PLACEMENT_3D('',#3352,#2735,#2736);
#2244=AXIS2_PLACEMENT_3D('',#3354,#2738,#2739);
#2245=AXIS2_PLACEMENT_3D('',#3356,#2740,#2741);
#2246=AXIS2_PLACEMENT_3D('',#3358,#2743,#2744);
#2247=AXIS2_PLACEMENT_3D('',#3361,#2746,#2747);
#2248=AXIS2_PLACEMENT_3D('',#3362,#2748,#2749);
#2249=AXIS2_PLACEMENT_3D('',#3365,#2751,#2752);
#2250=AXIS2_PLACEMENT_3D('',#3366,#2753,#2754);
#2251=AXIS2_PLACEMENT_3D('',#3367,#2755,#2756);
#2252=AXIS2_PLACEMENT_3D('',#3368,#2757,#2758);
#2253=AXIS2_PLACEMENT_3D('',#3373,#2760,#2761);
#2254=AXIS2_PLACEMENT_3D('',#3374,#2762,#2763);
#2255=AXIS2_PLACEMENT_3D('',#3375,#2764,#2765);
#2256=AXIS2_PLACEMENT_3D('',#3377,#2767,#2768);
#2257=AXIS2_PLACEMENT_3D('',#3378,#2769,#2770);
#2258=AXIS2_PLACEMENT_3D('',#3380,#2771,#2772);
#2259=AXIS2_PLACEMENT_3D('',#3383,#2774,#2775);
#2260=AXIS2_PLACEMENT_3D('',#3384,#2776,#2777);
#2261=AXIS2_PLACEMENT_3D('',#3386,#2778,#2779);
#2262=AXIS2_PLACEMENT_3D('',#3387,#2780,#2781);
#2263=AXIS2_PLACEMENT_3D('',#3389,#2782,#2783);
#2264=AXIS2_PLACEMENT_3D('',#3391,#2784,#2785);
#2265=AXIS2_PLACEMENT_3D('',#3393,#2786,#2787);
#2266=AXIS2_PLACEMENT_3D('',#3395,#2788,#2789);
#2267=AXIS2_PLACEMENT_3D('',#3397,#2790,#2791);
#2268=AXIS2_PLACEMENT_3D('',#3399,#2792,#2793);
#2269=AXIS2_PLACEMENT_3D('',#3401,#2794,#2795);
#2270=AXIS2_PLACEMENT_3D('',#3403,#2796,#2797);
#2271=AXIS2_PLACEMENT_3D('',#3404,#2798,#2799);
#2272=AXIS2_PLACEMENT_3D('',#3406,#2800,#2801);
#2273=AXIS2_PLACEMENT_3D('',#3409,#2803,#2804);
#2274=AXIS2_PLACEMENT_3D('',#3410,#2805,#2806);
#2275=AXIS2_PLACEMENT_3D('',#3412,#2807,#2808);
#2276=AXIS2_PLACEMENT_3D('',#3414,#2810,#2811);
#2277=AXIS2_PLACEMENT_3D('',#3416,#2812,#2813);
#2278=AXIS2_PLACEMENT_3D('',#3418,#2814,#2815);
#2279=AXIS2_PLACEMENT_3D('',#3420,#2816,#2817);
#2280=AXIS2_PLACEMENT_3D('',#3422,#2818,#2819);
#2281=AXIS2_PLACEMENT_3D('',#3424,#2820,#2821);
#2282=AXIS2_PLACEMENT_3D('',#3426,#2822,#2823);
#2283=AXIS2_PLACEMENT_3D('',#3427,#2824,#2825);
#2284=AXIS2_PLACEMENT_3D('',#3429,#2826,#2827);
#2285=AXIS2_PLACEMENT_3D('',#3430,#2828,#2829);
#2286=AXIS2_PLACEMENT_3D('',#3432,#2831,#2832);
#2287=AXIS2_PLACEMENT_3D('',#3435,#2834,#2835);
#2288=AXIS2_PLACEMENT_3D('',#3436,#2836,#2837);
#2289=AXIS2_PLACEMENT_3D('',#3437,#2838,#2839);
#2290=AXIS2_PLACEMENT_3D('',#3439,#2841,#2842);
#2291=AXIS2_PLACEMENT_3D('',#3441,#2844,#2845);
#2292=AXIS2_PLACEMENT_3D('',#3443,#2847,#2848);
#2293=AXIS2_PLACEMENT_3D('',#3445,#2850,#2851);
#2294=AXIS2_PLACEMENT_3D('',#3447,#2853,#2854);
#2295=AXIS2_PLACEMENT_3D('',#3449,#2856,#2857);
#2296=AXIS2_PLACEMENT_3D('',#3450,#2858,#2859);
#2297=AXIS2_PLACEMENT_3D('',#3459,#2864,#2865);
#2298=AXIS2_PLACEMENT_3D('',#3465,#2869,#2870);
#2299=AXIS2_PLACEMENT_3D('',#3471,#2874,#2875);
#2300=AXIS2_PLACEMENT_3D('',#3477,#2879,#2880);
#2301=AXIS2_PLACEMENT_3D('',#3483,#2884,#2885);
#2302=AXIS2_PLACEMENT_3D('',#3489,#2889,#2890);
#2303=AXIS2_PLACEMENT_3D('',#3495,#2894,#2895);
#2304=AXIS2_PLACEMENT_3D('',#3497,#2896,#2897);
#2305=AXIS2_PLACEMENT_3D('',#3500,#2899,#2900);
#2306=AXIS2_PLACEMENT_3D('',#3501,#2901,#2902);
#2307=AXIS2_PLACEMENT_3D('',#3503,#2903,#2904);
#2308=AXIS2_PLACEMENT_3D('',#3506,#2906,#2907);
#2309=AXIS2_PLACEMENT_3D('',#3507,#2908,#2909);
#2310=AXIS2_PLACEMENT_3D('',#3509,#2910,#2911);
#2311=AXIS2_PLACEMENT_3D('',#3512,#2913,#2914);
#2312=AXIS2_PLACEMENT_3D('',#3513,#2915,#2916);
#2313=AXIS2_PLACEMENT_3D('',#3515,#2917,#2918);
#2314=AXIS2_PLACEMENT_3D('',#3518,#2920,#2921);
#2315=AXIS2_PLACEMENT_3D('',#3519,#2922,#2923);
#2316=AXIS2_PLACEMENT_3D('',#3521,#2924,#2925);
#2317=AXIS2_PLACEMENT_3D('',#3524,#2927,#2928);
#2318=AXIS2_PLACEMENT_3D('',#3525,#2929,#2930);
#2319=AXIS2_PLACEMENT_3D('',#3528,#2933,#2934);
#2320=AXIS2_PLACEMENT_3D('',#3530,#2935,#2936);
#2321=AXIS2_PLACEMENT_3D('',#3532,#2937,#2938);
#2322=AXIS2_PLACEMENT_3D('',#3534,#2939,#2940);
#2323=AXIS2_PLACEMENT_3D('',#3536,#2941,#2942);
#2324=AXIS2_PLACEMENT_3D('',#3538,#2943,#2944);
#2325=AXIS2_PLACEMENT_3D('',#3540,#2945,#2946);
#2326=AXIS2_PLACEMENT_3D('',#3542,#2947,#2948);
#2327=AXIS2_PLACEMENT_3D('',#3544,#2949,#2950);
#2328=AXIS2_PLACEMENT_3D('',#3545,#2951,#2952);
#2329=AXIS2_PLACEMENT_3D('',#3547,#2953,#2954);
#2330=AXIS2_PLACEMENT_3D('',#3549,#2955,#2956);
#2331=AXIS2_PLACEMENT_3D('',#3551,#2957,#2958);
#2332=AXIS2_PLACEMENT_3D('',#3553,#2959,#2960);
#2333=AXIS2_PLACEMENT_3D('',#3555,#2961,#2962);
#2334=AXIS2_PLACEMENT_3D('',#3557,#2963,#2964);
#2335=AXIS2_PLACEMENT_3D('',#3559,#2965,#2966);
#2336=AXIS2_PLACEMENT_3D('',#3561,#2967,#2968);
#2337=AXIS2_PLACEMENT_3D('',#3562,#2969,#2970);
#2338=AXIS2_PLACEMENT_3D('',#3564,#2972,#2973);
#2339=AXIS2_PLACEMENT_3D('',#3566,#2975,#2976);
#2340=AXIS2_PLACEMENT_3D('',#3568,#2978,#2979);
#2341=AXIS2_PLACEMENT_3D('',#3570,#2981,#2982);
#2342=AXIS2_PLACEMENT_3D('',#3572,#2984,#2985);
#2343=AXIS2_PLACEMENT_3D('',#3574,#2987,#2988);
#2344=AXIS2_PLACEMENT_3D('',#3576,#2990,#2991);
#2345=AXIS2_PLACEMENT_3D('',#3578,#2993,#2994);
#2346=AXIS2_PLACEMENT_3D('',#3579,#2995,#2996);
#2347=AXIS2_PLACEMENT_3D('',#3581,#2997,#2998);
#2348=AXIS2_PLACEMENT_3D('',#3584,#3000,#3001);
#2349=AXIS2_PLACEMENT_3D('',#3585,#3002,#3003);
#2350=AXIS2_PLACEMENT_3D('',#3587,#3004,#3005);
#2351=AXIS2_PLACEMENT_3D('',#3588,#3006,#3007);
#2352=AXIS2_PLACEMENT_3D('',#3590,#3008,#3009);
#2353=AXIS2_PLACEMENT_3D('',#3591,#3010,#3011);
#2354=AXIS2_PLACEMENT_3D('',#3596,#3013,#3014);
#2355=AXIS2_PLACEMENT_3D('',#3597,#3015,#3016);
#2356=AXIS2_PLACEMENT_3D('',#3598,#3017,#3018);
#2357=AXIS2_PLACEMENT_3D('',#3600,#3020,#3021);
#2358=AXIS2_PLACEMENT_3D('',#3605,#3023,#3024);
#2359=AXIS2_PLACEMENT_3D('',#3606,#3025,#3026);
#2360=AXIS2_PLACEMENT_3D('',#3607,#3027,#3028);
#2361=AXIS2_PLACEMENT_3D('',#3609,#3030,#3031);
#2362=AXIS2_PLACEMENT_3D('',#3610,#3032,#3033);
#2363=AXIS2_PLACEMENT_3D('',#3611,#3034,#3035);
#2364=AXIS2_PLACEMENT_3D('',#3612,#3036,#3037);
#2365=AXIS2_PLACEMENT_3D('',#3613,#3038,#3039);
#2366=AXIS2_PLACEMENT_3D('',#3614,#3040,#3041);
#2367=AXIS2_PLACEMENT_3D('',#3615,#3042,#3043);
#2368=AXIS2_PLACEMENT_3D('',#3616,#3044,#3045);
#2369=AXIS2_PLACEMENT_3D('',#3617,#3046,#3047);
#2370=DIRECTION('axis',(0.,0.,1.));
#2371=DIRECTION('refdir',(1.,0.,0.));
#2372=DIRECTION('axis',(0.,0.,1.));
#2373=DIRECTION('refdir',(1.,0.,0.));
#2374=DIRECTION('center_axis',(0.,0.,1.));
#2375=DIRECTION('ref_axis',(1.,0.,0.));
#2376=DIRECTION('center_axis',(0.,0.,-1.));
#2377=DIRECTION('ref_axis',(-1.,0.,0.));
#2378=DIRECTION('center_axis',(0.,0.,1.));
#2379=DIRECTION('ref_axis',(1.,0.,0.));
#2380=DIRECTION('center_axis',(0.,0.,-1.));
#2381=DIRECTION('ref_axis',(-1.,0.,0.));
#2382=DIRECTION('',(0.85716730070211,-1.04972719113862E-16,-0.515038074910058));
#2383=DIRECTION('center_axis',(0.,0.,1.));
#2384=DIRECTION('ref_axis',(1.,0.,0.));
#2385=DIRECTION('center_axis',(0.,0.,1.));
#2386=DIRECTION('ref_axis',(1.,0.,0.));
#2387=DIRECTION('center_axis',(0.,0.,1.));
#2388=DIRECTION('ref_axis',(1.,0.,0.));
#2389=DIRECTION('',(0.,0.,1.));
#2390=DIRECTION('center_axis',(0.,0.,-1.));
#2391=DIRECTION('ref_axis',(-1.,0.,0.));
#2392=DIRECTION('',(0.,0.,1.));
#2393=DIRECTION('center_axis',(0.,0.,-1.));
#2394=DIRECTION('ref_axis',(-1.,0.,0.));
#2395=DIRECTION('center_axis',(0.,0.,-1.));
#2396=DIRECTION('ref_axis',(1.,0.,0.));
#2397=DIRECTION('center_axis',(0.,0.,1.));
#2398=DIRECTION('ref_axis',(1.,0.,0.));
#2399=DIRECTION('center_axis',(0.,0.,1.));
#2400=DIRECTION('ref_axis',(1.,0.,0.));
#2401=DIRECTION('center_axis',(0.,0.,1.));
#2402=DIRECTION('ref_axis',(1.,0.,0.));
#2403=DIRECTION('center_axis',(0.,0.,-1.));
#2404=DIRECTION('ref_axis',(-1.,0.,0.));
#2405=DIRECTION('',(0.,0.,1.));
#2406=DIRECTION('axis',(0.,0.,1.));
#2407=DIRECTION('refdir',(1.,0.,0.));
#2408=DIRECTION('center_axis',(1.98679854084673E-16,0.,-1.));
#2409=DIRECTION('ref_axis',(-1.,0.,-1.98679854084673E-16));
#2410=DIRECTION('',(-1.,0.,-1.98679854084673E-16));
#2411=DIRECTION('',(0.,1.,0.));
#2412=DIRECTION('',(-1.,0.,-1.98679854084673E-16));
#2413=DIRECTION('',(0.,1.,0.));
#2414=DIRECTION('center_axis',(0.707106781186548,0.,-0.707106781186547));
#2415=DIRECTION('ref_axis',(-0.707106781186547,0.,-0.707106781186548));
#2416=DIRECTION('',(-0.707106781186547,0.,-0.707106781186548));
#2417=DIRECTION('',(0.,1.,0.));
#2418=DIRECTION('',(-0.707106781186547,0.,-0.707106781186548));
#2419=DIRECTION('center_axis',(-1.,0.,-1.98679854084673E-16));
#2420=DIRECTION('ref_axis',(-1.98679854084673E-16,0.,1.));
#2421=DIRECTION('',(-1.98679854084673E-16,0.,1.));
#2422=DIRECTION('',(0.,1.,0.));
#2423=DIRECTION('',(-1.98679854084673E-16,0.,1.));
#2424=DIRECTION('center_axis',(-0.707106781186548,0.,-0.707106781186547));
#2425=DIRECTION('ref_axis',(-0.707106781186547,0.,0.707106781186548));
#2426=DIRECTION('',(-0.707106781186547,0.,0.707106781186548));
#2427=DIRECTION('',(0.,1.,0.));
#2428=DIRECTION('',(-0.707106781186547,0.,0.707106781186548));
#2429=DIRECTION('center_axis',(9.93399270423368E-17,0.,-1.));
#2430=DIRECTION('ref_axis',(-1.,0.,-9.93399270423368E-17));
#2431=DIRECTION('',(-1.,0.,-9.93399270423368E-17));
#2432=DIRECTION('',(0.,1.,0.));
#2433=DIRECTION('',(-1.,0.,-9.93399270423368E-17));
#2434=DIRECTION('center_axis',(-0.707106781186548,0.,0.707106781186547));
#2435=DIRECTION('ref_axis',(0.707106781186547,0.,0.707106781186548));
#2436=DIRECTION('',(0.707106781186547,0.,0.707106781186548));
#2437=DIRECTION('',(0.,1.,0.));
#2438=DIRECTION('',(0.707106781186547,0.,0.707106781186548));
#2439=DIRECTION('center_axis',(-1.,0.,-1.98679854084673E-16));
#2440=DIRECTION('ref_axis',(-1.98679854084673E-16,0.,1.));
#2441=DIRECTION('',(-1.98679854084673E-16,0.,1.));
#2442=DIRECTION('',(0.,1.,0.));
#2443=DIRECTION('',(-1.98679854084673E-16,0.,1.));
#2444=DIRECTION('center_axis',(0.,1.,0.));
#2445=DIRECTION('ref_axis',(0.,0.,1.));
#2446=DIRECTION('center_axis',(0.,-1.,0.));
#2447=DIRECTION('ref_axis',(0.,0.,-1.));
#2448=DIRECTION('',(0.,1.,0.));
#2449=DIRECTION('center_axis',(0.,-1.,0.));
#2450=DIRECTION('ref_axis',(0.,0.,-1.));
#2451=DIRECTION('center_axis',(0.,1.,0.));
#2452=DIRECTION('ref_axis',(0.,0.,1.));
#2453=DIRECTION('center_axis',(0.,-1.,0.));
#2454=DIRECTION('ref_axis',(0.,0.,-1.));
#2455=DIRECTION('',(0.,1.,0.));
#2456=DIRECTION('center_axis',(0.,-1.,0.));
#2457=DIRECTION('ref_axis',(0.,0.,-1.));
#2458=DIRECTION('center_axis',(0.,1.,0.));
#2459=DIRECTION('ref_axis',(0.,0.,1.));
#2460=DIRECTION('center_axis',(0.,-1.,0.));
#2461=DIRECTION('ref_axis',(0.,0.,-1.));
#2462=DIRECTION('',(0.,1.,0.));
#2463=DIRECTION('center_axis',(0.,-1.,0.));
#2464=DIRECTION('ref_axis',(0.,0.,-1.));
#2465=DIRECTION('center_axis',(0.,1.,0.));
#2466=DIRECTION('ref_axis',(0.,0.,1.));
#2467=DIRECTION('center_axis',(0.,-1.,0.));
#2468=DIRECTION('ref_axis',(0.,0.,-1.));
#2469=DIRECTION('',(0.,1.,0.));
#2470=DIRECTION('center_axis',(0.,-1.,0.));
#2471=DIRECTION('ref_axis',(0.,0.,-1.));
#2472=DIRECTION('center_axis',(0.707106781186547,0.,0.707106781186548));
#2473=DIRECTION('ref_axis',(0.707106781186548,0.,-0.707106781186547));
#2474=DIRECTION('',(0.707106781186548,0.,-0.707106781186547));
#2475=DIRECTION('',(0.707106781186548,0.,-0.707106781186547));
#2476=DIRECTION('center_axis',(0.,-1.,0.));
#2477=DIRECTION('ref_axis',(1.,0.,0.));
#2478=DIRECTION('center_axis',(0.,-1.,0.));
#2479=DIRECTION('ref_axis',(0.,0.,-1.));
#2480=DIRECTION('center_axis',(0.,-1.,0.));
#2481=DIRECTION('ref_axis',(1.,0.,0.));
#2482=DIRECTION('center_axis',(0.,-1.,0.));
#2483=DIRECTION('ref_axis',(0.,0.,-1.));
#2484=DIRECTION('center_axis',(0.,-1.,0.));
#2485=DIRECTION('ref_axis',(0.,0.,-1.));
#2486=DIRECTION('',(0.,-1.,0.));
#2487=DIRECTION('axis',(0.,0.,1.));
#2488=DIRECTION('refdir',(1.,0.,0.));
#2489=DIRECTION('center_axis',(0.,0.,-1.));
#2490=DIRECTION('ref_axis',(1.83697019872103E-16,-1.,0.));
#2491=DIRECTION('',(-5.24863595569308E-17,0.85716730070211,-0.515038074910058));
#2492=DIRECTION('center_axis',(0.,0.,1.));
#2493=DIRECTION('ref_axis',(-1.83697019872103E-16,1.,0.));
#2494=DIRECTION('center_axis',(0.,0.,1.));
#2495=DIRECTION('ref_axis',(-1.83697019872103E-16,1.,0.));
#2496=DIRECTION('center_axis',(0.,0.,1.));
#2497=DIRECTION('ref_axis',(-1.83697019872103E-16,1.,0.));
#2498=DIRECTION('center_axis',(0.,0.,1.));
#2499=DIRECTION('ref_axis',(-1.83697019872103E-16,1.,0.));
#2500=DIRECTION('',(0.,0.,1.));
#2501=DIRECTION('center_axis',(0.,0.,-1.));
#2502=DIRECTION('ref_axis',(1.,1.22464679914735E-16,0.));
#2503=DIRECTION('',(-0.85716730070211,2.7340142285082E-31,-0.515038074910058));
#2504=DIRECTION('center_axis',(0.,0.,1.));
#2505=DIRECTION('ref_axis',(-1.,-1.22464679914735E-16,0.));
#2506=DIRECTION('center_axis',(0.,0.,1.));
#2507=DIRECTION('ref_axis',(-1.,-1.22464679914735E-16,0.));
#2508=DIRECTION('center_axis',(0.,0.,1.));
#2509=DIRECTION('ref_axis',(-1.,-1.22464679914735E-16,0.));
#2510=DIRECTION('center_axis',(0.,0.,1.));
#2511=DIRECTION('ref_axis',(-1.,-1.22464679914735E-16,0.));
#2512=DIRECTION('',(0.,0.,1.));
#2513=DIRECTION('center_axis',(0.,0.,-1.));
#2514=DIRECTION('ref_axis',(-6.12323399573677E-17,1.,0.));
#2515=DIRECTION('',(-5.24863595569307E-17,-0.85716730070211,-0.515038074910058));
#2516=DIRECTION('center_axis',(0.,0.,1.));
#2517=DIRECTION('ref_axis',(6.12323399573677E-17,-1.,0.));
#2518=DIRECTION('center_axis',(0.,0.,1.));
#2519=DIRECTION('ref_axis',(6.12323399573677E-17,-1.,0.));
#2520=DIRECTION('center_axis',(0.,0.,1.));
#2521=DIRECTION('ref_axis',(6.12323399573677E-17,-1.,0.));
#2522=DIRECTION('center_axis',(0.,0.,1.));
#2523=DIRECTION('ref_axis',(6.12323399573677E-17,-1.,0.));
#2524=DIRECTION('',(0.,0.,1.));
#2525=DIRECTION('center_axis',(0.,0.,-1.));
#2526=DIRECTION('ref_axis',(-1.,0.,0.));
#2527=DIRECTION('center_axis',(0.,0.,-1.));
#2528=DIRECTION('ref_axis',(-1.,0.,0.));
#2529=DIRECTION('center_axis',(0.,0.,-1.));
#2530=DIRECTION('ref_axis',(-1.,0.,0.));
#2531=DIRECTION('center_axis',(0.,0.,-1.));
#2532=DIRECTION('ref_axis',(-1.,0.,0.));
#2533=DIRECTION('center_axis',(0.,0.,-1.));
#2534=DIRECTION('ref_axis',(-1.,0.,0.));
#2535=DIRECTION('center_axis',(0.,0.,-1.));
#2536=DIRECTION('ref_axis',(-1.,0.,0.));
#2537=DIRECTION('center_axis',(0.,0.,-1.));
#2538=DIRECTION('ref_axis',(-1.,0.,0.));
#2539=DIRECTION('center_axis',(0.,0.,1.));
#2540=DIRECTION('ref_axis',(1.,0.,0.));
#2541=DIRECTION('center_axis',(0.,0.,1.));
#2542=DIRECTION('ref_axis',(1.,0.,0.));
#2543=DIRECTION('center_axis',(0.,0.,-1.));
#2544=DIRECTION('ref_axis',(-1.,0.,0.));
#2545=DIRECTION('center_axis',(0.,0.,1.));
#2546=DIRECTION('ref_axis',(1.,0.,0.));
#2547=DIRECTION('center_axis',(0.,0.,1.));
#2548=DIRECTION('ref_axis',(1.,0.,0.));
#2549=DIRECTION('center_axis',(0.,0.,-1.));
#2550=DIRECTION('ref_axis',(-1.,0.,0.));
#2551=DIRECTION('center_axis',(0.,0.,1.));
#2552=DIRECTION('ref_axis',(1.,0.,0.));
#2553=DIRECTION('center_axis',(0.,0.,1.));
#2554=DIRECTION('ref_axis',(1.,0.,0.));
#2555=DIRECTION('center_axis',(0.,0.,-1.));
#2556=DIRECTION('ref_axis',(-1.,0.,0.));
#2557=DIRECTION('center_axis',(0.,0.,1.));
#2558=DIRECTION('ref_axis',(1.,0.,0.));
#2559=DIRECTION('center_axis',(0.,0.,-1.));
#2560=DIRECTION('ref_axis',(-1.,0.,0.));
#2561=DIRECTION('center_axis',(0.,0.,1.));
#2562=DIRECTION('ref_axis',(1.,0.,0.));
#2563=DIRECTION('center_axis',(0.,0.,1.));
#2564=DIRECTION('ref_axis',(1.,0.,0.));
#2565=DIRECTION('center_axis',(0.,0.,1.));
#2566=DIRECTION('ref_axis',(1.,0.,0.));
#2567=DIRECTION('center_axis',(0.,0.,-1.));
#2568=DIRECTION('ref_axis',(-1.,0.,0.));
#2569=DIRECTION('center_axis',(0.,0.,1.));
#2570=DIRECTION('ref_axis',(1.,0.,0.));
#2571=DIRECTION('center_axis',(0.,0.,-1.));
#2572=DIRECTION('ref_axis',(-1.,0.,0.));
#2573=DIRECTION('center_axis',(0.,0.,1.));
#2574=DIRECTION('ref_axis',(1.,0.,0.));
#2575=DIRECTION('center_axis',(0.,0.,1.));
#2576=DIRECTION('ref_axis',(1.,0.,0.));
#2577=DIRECTION('center_axis',(0.,0.,1.));
#2578=DIRECTION('ref_axis',(1.,0.,0.));
#2579=DIRECTION('center_axis',(0.,0.,-1.));
#2580=DIRECTION('ref_axis',(-1.,0.,0.));
#2581=DIRECTION('center_axis',(0.,0.,1.));
#2582=DIRECTION('ref_axis',(1.,0.,0.));
#2583=DIRECTION('center_axis',(0.,0.,-1.));
#2584=DIRECTION('ref_axis',(-1.,0.,0.));
#2585=DIRECTION('center_axis',(0.,0.,1.));
#2586=DIRECTION('ref_axis',(1.,0.,0.));
#2587=DIRECTION('center_axis',(0.,0.,1.));
#2588=DIRECTION('ref_axis',(1.,0.,0.));
#2589=DIRECTION('center_axis',(0.,0.,1.));
#2590=DIRECTION('ref_axis',(1.,0.,0.));
#2591=DIRECTION('center_axis',(0.,0.,-1.));
#2592=DIRECTION('ref_axis',(-1.,0.,0.));
#2593=DIRECTION('center_axis',(0.,0.,1.));
#2594=DIRECTION('ref_axis',(1.,0.,0.));
#2595=DIRECTION('center_axis',(0.,0.,-1.));
#2596=DIRECTION('ref_axis',(-1.,0.,0.));
#2597=DIRECTION('center_axis',(0.,0.,1.));
#2598=DIRECTION('ref_axis',(1.,0.,0.));
#2599=DIRECTION('center_axis',(0.,0.,1.));
#2600=DIRECTION('ref_axis',(1.,0.,0.));
#2601=DIRECTION('center_axis',(0.,0.,1.));
#2602=DIRECTION('ref_axis',(1.,0.,0.));
#2603=DIRECTION('center_axis',(0.,0.,-1.));
#2604=DIRECTION('ref_axis',(-1.,0.,0.));
#2605=DIRECTION('center_axis',(0.,0.,1.));
#2606=DIRECTION('ref_axis',(1.,0.,0.));
#2607=DIRECTION('center_axis',(0.,0.,-1.));
#2608=DIRECTION('ref_axis',(-1.,0.,0.));
#2609=DIRECTION('center_axis',(0.,0.,1.));
#2610=DIRECTION('ref_axis',(1.,0.,0.));
#2611=DIRECTION('center_axis',(0.,0.,1.));
#2612=DIRECTION('ref_axis',(1.,0.,0.));
#2613=DIRECTION('center_axis',(0.,0.,-1.));
#2614=DIRECTION('ref_axis',(-1.,0.,0.));
#2615=DIRECTION('center_axis',(0.,0.,1.));
#2616=DIRECTION('ref_axis',(1.,0.,0.));
#2617=DIRECTION('center_axis',(0.,0.,1.));
#2618=DIRECTION('ref_axis',(1.,0.,0.));
#2619=DIRECTION('center_axis',(0.,0.,-1.));
#2620=DIRECTION('ref_axis',(-1.,0.,0.));
#2621=DIRECTION('center_axis',(0.,0.,1.));
#2622=DIRECTION('ref_axis',(1.,0.,0.));
#2623=DIRECTION('center_axis',(0.,0.,1.));
#2624=DIRECTION('ref_axis',(1.,0.,0.));
#2625=DIRECTION('center_axis',(0.,0.,-1.));
#2626=DIRECTION('ref_axis',(-1.,0.,0.));
#2627=DIRECTION('center_axis',(0.,0.,1.));
#2628=DIRECTION('ref_axis',(1.,0.,0.));
#2629=DIRECTION('center_axis',(0.,0.,1.));
#2630=DIRECTION('ref_axis',(1.,0.,0.));
#2631=DIRECTION('center_axis',(0.,0.,-1.));
#2632=DIRECTION('ref_axis',(-1.,0.,0.));
#2633=DIRECTION('center_axis',(0.,0.,1.));
#2634=DIRECTION('ref_axis',(1.,0.,0.));
#2635=DIRECTION('center_axis',(0.,0.,1.));
#2636=DIRECTION('ref_axis',(1.,0.,0.));
#2637=DIRECTION('center_axis',(0.,0.,1.));
#2638=DIRECTION('ref_axis',(1.,0.,0.));
#2639=DIRECTION('center_axis',(0.,0.,-1.));
#2640=DIRECTION('ref_axis',(-1.,0.,0.));
#2641=DIRECTION('center_axis',(0.,0.,-1.));
#2642=DIRECTION('ref_axis',(-1.,0.,0.));
#2643=DIRECTION('center_axis',(0.,0.,1.));
#2644=DIRECTION('ref_axis',(1.,0.,0.));
#2645=DIRECTION('center_axis',(0.,0.,-1.));
#2646=DIRECTION('ref_axis',(-1.,0.,0.));
#2647=DIRECTION('center_axis',(0.,0.,-1.));
#2648=DIRECTION('ref_axis',(-1.,0.,0.));
#2649=DIRECTION('center_axis',(0.,0.,-1.));
#2650=DIRECTION('ref_axis',(-1.,0.,0.));
#2651=DIRECTION('center_axis',(0.,0.,-1.));
#2652=DIRECTION('ref_axis',(-1.,0.,0.));
#2653=DIRECTION('',(0.,0.,-1.));
#2654=DIRECTION('center_axis',(0.,0.,1.));
#2655=DIRECTION('ref_axis',(1.,0.,0.));
#2656=DIRECTION('center_axis',(0.,0.,-1.));
#2657=DIRECTION('ref_axis',(-1.,0.,0.));
#2658=DIRECTION('center_axis',(0.,0.,1.));
#2659=DIRECTION('ref_axis',(1.,0.,0.));
#2660=DIRECTION('center_axis',(0.,0.,1.));
#2661=DIRECTION('ref_axis',(1.,0.,0.));
#2662=DIRECTION('center_axis',(0.,0.,-1.));
#2663=DIRECTION('ref_axis',(-1.,0.,0.));
#2664=DIRECTION('',(0.,0.,1.));
#2665=DIRECTION('center_axis',(0.,0.,1.));
#2666=DIRECTION('ref_axis',(1.,0.,0.));
#2667=DIRECTION('',(0.,0.,1.));
#2668=DIRECTION('center_axis',(0.,0.,1.));
#2669=DIRECTION('ref_axis',(1.,0.,0.));
#2670=DIRECTION('center_axis',(0.,0.,1.));
#2671=DIRECTION('ref_axis',(1.,0.,0.));
#2672=DIRECTION('',(0.,0.,1.));
#2673=DIRECTION('center_axis',(0.,0.,1.));
#2674=DIRECTION('ref_axis',(1.,0.,0.));
#2675=DIRECTION('center_axis',(0.,0.,1.));
#2676=DIRECTION('ref_axis',(1.,0.,0.));
#2677=DIRECTION('',(0.,0.,1.));
#2678=DIRECTION('center_axis',(0.,0.,1.));
#2679=DIRECTION('ref_axis',(1.,0.,0.));
#2680=DIRECTION('center_axis',(0.,0.,1.));
#2681=DIRECTION('ref_axis',(1.,0.,0.));
#2682=DIRECTION('',(0.,0.,1.));
#2683=DIRECTION('center_axis',(0.,0.,1.));
#2684=DIRECTION('ref_axis',(1.,0.,0.));
#2685=DIRECTION('center_axis',(0.,0.,1.));
#2686=DIRECTION('ref_axis',(1.,0.,0.));
#2687=DIRECTION('',(0.,0.,1.));
#2688=DIRECTION('center_axis',(0.,0.,1.));
#2689=DIRECTION('ref_axis',(1.,0.,0.));
#2690=DIRECTION('center_axis',(0.,0.,1.));
#2691=DIRECTION('ref_axis',(1.,0.,0.));
#2692=DIRECTION('',(0.,0.,1.));
#2693=DIRECTION('center_axis',(0.,0.,1.));
#2694=DIRECTION('ref_axis',(1.,0.,0.));
#2695=DIRECTION('center_axis',(0.,0.,1.));
#2696=DIRECTION('ref_axis',(1.,0.,0.));
#2697=DIRECTION('',(0.,0.,1.));
#2698=DIRECTION('center_axis',(0.,0.,1.));
#2699=DIRECTION('ref_axis',(1.,0.,0.));
#2700=DIRECTION('center_axis',(0.,0.,1.));
#2701=DIRECTION('ref_axis',(1.,0.,0.));
#2702=DIRECTION('',(0.,0.,1.));
#2703=DIRECTION('center_axis',(0.,0.,1.));
#2704=DIRECTION('ref_axis',(1.,0.,0.));
#2705=DIRECTION('center_axis',(0.,0.,-1.));
#2706=DIRECTION('ref_axis',(-1.,0.,0.));
#2707=DIRECTION('center_axis',(0.,0.,-1.));
#2708=DIRECTION('ref_axis',(-1.,0.,0.));
#2709=DIRECTION('',(0.,0.,1.));
#2710=DIRECTION('center_axis',(0.,0.,-1.));
#2711=DIRECTION('ref_axis',(-1.,0.,0.));
#2712=DIRECTION('center_axis',(0.,0.,-1.));
#2713=DIRECTION('ref_axis',(-1.,0.,0.));
#2714=DIRECTION('center_axis',(0.,0.,-1.));
#2715=DIRECTION('ref_axis',(-1.,0.,0.));
#2716=DIRECTION('center_axis',(0.,0.,-1.));
#2717=DIRECTION('ref_axis',(-1.,0.,0.));
#2718=DIRECTION('center_axis',(0.,0.,-1.));
#2719=DIRECTION('ref_axis',(-1.,0.,0.));
#2720=DIRECTION('center_axis',(0.,0.,-1.));
#2721=DIRECTION('ref_axis',(-1.,0.,0.));
#2722=DIRECTION('center_axis',(0.,0.,-1.));
#2723=DIRECTION('ref_axis',(-1.,0.,0.));
#2724=DIRECTION('center_axis',(0.,0.,1.));
#2725=DIRECTION('ref_axis',(1.,0.,0.));
#2726=DIRECTION('center_axis',(0.,0.,-1.));
#2727=DIRECTION('ref_axis',(-1.,0.,0.));
#2728=DIRECTION('center_axis',(0.,0.,-1.));
#2729=DIRECTION('ref_axis',(-1.,0.,0.));
#2730=DIRECTION('',(0.,0.,-1.));
#2731=DIRECTION('center_axis',(0.,0.,1.));
#2732=DIRECTION('ref_axis',(1.,0.,0.));
#2733=DIRECTION('center_axis',(0.,0.,1.));
#2734=DIRECTION('ref_axis',(1.,0.,0.));
#2735=DIRECTION('center_axis',(0.,0.,-1.));
#2736=DIRECTION('ref_axis',(-1.,0.,0.));
#2737=DIRECTION('',(0.,0.,1.));
#2738=DIRECTION('center_axis',(0.,0.,1.));
#2739=DIRECTION('ref_axis',(1.,0.,0.));
#2740=DIRECTION('center_axis',(0.,0.,-1.));
#2741=DIRECTION('ref_axis',(-1.,0.,0.));
#2742=DIRECTION('',(0.,0.,1.));
#2743=DIRECTION('center_axis',(0.,0.,1.));
#2744=DIRECTION('ref_axis',(1.,0.,0.));
#2745=DIRECTION('',(0.,0.,-1.));
#2746=DIRECTION('center_axis',(0.,0.,-1.));
#2747=DIRECTION('ref_axis',(-1.,0.,0.));
#2748=DIRECTION('center_axis',(0.,0.,1.));
#2749=DIRECTION('ref_axis',(1.,0.,0.));
#2750=DIRECTION('',(0.,0.,-1.));
#2751=DIRECTION('center_axis',(0.,0.,-1.));
#2752=DIRECTION('ref_axis',(-1.,0.,0.));
#2753=DIRECTION('center_axis',(0.,0.,-1.));
#2754=DIRECTION('ref_axis',(1.,0.,0.));
#2755=DIRECTION('center_axis',(0.,0.,-1.));
#2756=DIRECTION('ref_axis',(1.,0.,0.));
#2757=DIRECTION('center_axis',(0.,0.,-1.));
#2758=DIRECTION('ref_axis',(-1.,0.,0.));
#2759=DIRECTION('',(0.85716730070211,-1.04972719113862E-16,-0.515038074910058));
#2760=DIRECTION('center_axis',(0.,0.,1.));
#2761=DIRECTION('ref_axis',(1.,0.,0.));
#2762=DIRECTION('center_axis',(0.,0.,1.));
#2763=DIRECTION('ref_axis',(1.,0.,0.));
#2764=DIRECTION('center_axis',(0.,0.,1.));
#2765=DIRECTION('ref_axis',(1.,0.,0.));
#2766=DIRECTION('',(0.,0.,1.));
#2767=DIRECTION('axis',(0.,0.,1.));
#2768=DIRECTION('refdir',(1.,0.,0.));
#2769=DIRECTION('center_axis',(0.,0.,-1.));
#2770=DIRECTION('ref_axis',(-1.,0.,0.));
#2771=DIRECTION('center_axis',(0.,0.,-1.));
#2772=DIRECTION('ref_axis',(-1.,0.,0.));
#2773=DIRECTION('',(0.,0.,1.));
#2774=DIRECTION('center_axis',(0.,0.,1.));
#2775=DIRECTION('ref_axis',(1.,0.,0.));
#2776=DIRECTION('center_axis',(0.,0.,1.));
#2777=DIRECTION('ref_axis',(1.,0.,0.));
#2778=DIRECTION('center_axis',(0.,0.,1.));
#2779=DIRECTION('ref_axis',(1.,0.,0.));
#2780=DIRECTION('center_axis',(0.,0.,1.));
#2781=DIRECTION('ref_axis',(1.,0.,0.));
#2782=DIRECTION('center_axis',(0.,0.,-1.));
#2783=DIRECTION('ref_axis',(-1.,0.,0.));
#2784=DIRECTION('center_axis',(0.,0.,-1.));
#2785=DIRECTION('ref_axis',(-1.,0.,0.));
#2786=DIRECTION('center_axis',(0.,0.,-1.));
#2787=DIRECTION('ref_axis',(-1.,0.,0.));
#2788=DIRECTION('center_axis',(0.,0.,-1.));
#2789=DIRECTION('ref_axis',(-1.,0.,0.));
#2790=DIRECTION('center_axis',(0.,0.,-1.));
#2791=DIRECTION('ref_axis',(-1.,0.,0.));
#2792=DIRECTION('center_axis',(0.,0.,-1.));
#2793=DIRECTION('ref_axis',(-1.,0.,0.));
#2794=DIRECTION('center_axis',(0.,0.,-1.));
#2795=DIRECTION('ref_axis',(-1.,0.,0.));
#2796=DIRECTION('center_axis',(0.,0.,1.));
#2797=DIRECTION('ref_axis',(1.,0.,0.));
#2798=DIRECTION('center_axis',(0.,0.,1.));
#2799=DIRECTION('ref_axis',(1.,0.,0.));
#2800=DIRECTION('center_axis',(0.,0.,1.));
#2801=DIRECTION('ref_axis',(1.,0.,0.));
#2802=DIRECTION('',(0.,0.,-1.));
#2803=DIRECTION('center_axis',(0.,0.,1.));
#2804=DIRECTION('ref_axis',(1.,0.,0.));
#2805=DIRECTION('center_axis',(0.,0.,1.));
#2806=DIRECTION('ref_axis',(1.,0.,0.));
#2807=DIRECTION('center_axis',(0.,0.,1.));
#2808=DIRECTION('ref_axis',(1.,0.,0.));
#2809=DIRECTION('',(0.,0.,1.));
#2810=DIRECTION('center_axis',(0.,0.,1.));
#2811=DIRECTION('ref_axis',(1.,0.,0.));
#2812=DIRECTION('center_axis',(0.,0.,-1.));
#2813=DIRECTION('ref_axis',(-1.,0.,0.));
#2814=DIRECTION('center_axis',(0.,0.,-1.));
#2815=DIRECTION('ref_axis',(-1.,0.,0.));
#2816=DIRECTION('center_axis',(0.,0.,-1.));
#2817=DIRECTION('ref_axis',(-1.,0.,0.));
#2818=DIRECTION('center_axis',(0.,0.,-1.));
#2819=DIRECTION('ref_axis',(-1.,0.,0.));
#2820=DIRECTION('center_axis',(0.,0.,1.));
#2821=DIRECTION('ref_axis',(1.,0.,0.));
#2822=DIRECTION('center_axis',(0.,0.,1.));
#2823=DIRECTION('ref_axis',(1.,0.,0.));
#2824=DIRECTION('center_axis',(0.,0.,1.));
#2825=DIRECTION('ref_axis',(1.,0.,0.));
#2826=DIRECTION('center_axis',(0.,0.,1.));
#2827=DIRECTION('ref_axis',(1.,0.,0.));
#2828=DIRECTION('center_axis',(0.,0.,1.));
#2829=DIRECTION('ref_axis',(1.,0.,0.));
#2830=DIRECTION('',(0.,0.,1.));
#2831=DIRECTION('center_axis',(0.,0.,-1.));
#2832=DIRECTION('ref_axis',(-1.,0.,0.));
#2833=DIRECTION('',(0.,0.,1.));
#2834=DIRECTION('center_axis',(0.,0.,-1.));
#2835=DIRECTION('ref_axis',(-1.,0.,0.));
#2836=DIRECTION('center_axis',(0.,0.,-1.));
#2837=DIRECTION('ref_axis',(1.,0.,0.));
#2838=DIRECTION('center_axis',(0.,0.,-1.));
#2839=DIRECTION('ref_axis',(-1.,0.,0.));
#2840=DIRECTION('',(0.,0.,-1.));
#2841=DIRECTION('center_axis',(0.,0.,-1.));
#2842=DIRECTION('ref_axis',(-1.,0.,0.));
#2843=DIRECTION('',(0.,0.,-1.));
#2844=DIRECTION('center_axis',(0.,0.,-1.));
#2845=DIRECTION('ref_axis',(-1.,0.,0.));
#2846=DIRECTION('',(0.,0.,-1.));
#2847=DIRECTION('center_axis',(0.,0.,-1.));
#2848=DIRECTION('ref_axis',(-1.,0.,0.));
#2849=DIRECTION('',(0.,0.,-1.));
#2850=DIRECTION('center_axis',(0.,0.,-1.));
#2851=DIRECTION('ref_axis',(-1.,0.,0.));
#2852=DIRECTION('',(0.,0.,-1.));
#2853=DIRECTION('center_axis',(0.,0.,-1.));
#2854=DIRECTION('ref_axis',(-1.,0.,0.));
#2855=DIRECTION('',(0.,0.,-1.));
#2856=DIRECTION('axis',(0.,0.,1.));
#2857=DIRECTION('refdir',(1.,0.,0.));
#2858=DIRECTION('center_axis',(1.98679854084673E-16,0.,-1.));
#2859=DIRECTION('ref_axis',(-1.,0.,-1.98679854084673E-16));
#2860=DIRECTION('',(-1.,0.,-1.98679854084673E-16));
#2861=DIRECTION('',(0.,1.,0.));
#2862=DIRECTION('',(-1.,0.,-1.98679854084673E-16));
#2863=DIRECTION('',(0.,1.,0.));
#2864=DIRECTION('center_axis',(0.707106781186548,0.,-0.707106781186547));
#2865=DIRECTION('ref_axis',(-0.707106781186547,0.,-0.707106781186548));
#2866=DIRECTION('',(-0.707106781186547,0.,-0.707106781186548));
#2867=DIRECTION('',(0.,1.,0.));
#2868=DIRECTION('',(-0.707106781186547,0.,-0.707106781186548));
#2869=DIRECTION('center_axis',(-1.,0.,-1.98679854084673E-16));
#2870=DIRECTION('ref_axis',(-1.98679854084673E-16,0.,1.));
#2871=DIRECTION('',(-1.98679854084673E-16,0.,1.));
#2872=DIRECTION('',(0.,1.,0.));
#2873=DIRECTION('',(-1.98679854084673E-16,0.,1.));
#2874=DIRECTION('center_axis',(-0.707106781186548,0.,-0.707106781186547));
#2875=DIRECTION('ref_axis',(-0.707106781186547,0.,0.707106781186548));
#2876=DIRECTION('',(-0.707106781186547,0.,0.707106781186548));
#2877=DIRECTION('',(0.,1.,0.));
#2878=DIRECTION('',(-0.707106781186547,0.,0.707106781186548));
#2879=DIRECTION('center_axis',(9.93399270423368E-17,0.,-1.));
#2880=DIRECTION('ref_axis',(-1.,0.,-9.93399270423368E-17));
#2881=DIRECTION('',(-1.,0.,-9.93399270423368E-17));
#2882=DIRECTION('',(0.,1.,0.));
#2883=DIRECTION('',(-1.,0.,-9.93399270423368E-17));
#2884=DIRECTION('center_axis',(-0.707106781186548,0.,0.707106781186547));
#2885=DIRECTION('ref_axis',(0.707106781186547,0.,0.707106781186548));
#2886=DIRECTION('',(0.707106781186547,0.,0.707106781186548));
#2887=DIRECTION('',(0.,1.,0.));
#2888=DIRECTION('',(0.707106781186547,0.,0.707106781186548));
#2889=DIRECTION('center_axis',(-1.,0.,-1.98679854084673E-16));
#2890=DIRECTION('ref_axis',(-1.98679854084673E-16,0.,1.));
#2891=DIRECTION('',(-1.98679854084673E-16,0.,1.));
#2892=DIRECTION('',(0.,1.,0.));
#2893=DIRECTION('',(-1.98679854084673E-16,0.,1.));
#2894=DIRECTION('center_axis',(0.,1.,0.));
#2895=DIRECTION('ref_axis',(0.,0.,1.));
#2896=DIRECTION('center_axis',(0.,-1.,0.));
#2897=DIRECTION('ref_axis',(0.,0.,-1.));
#2898=DIRECTION('',(0.,1.,0.));
#2899=DIRECTION('center_axis',(0.,-1.,0.));
#2900=DIRECTION('ref_axis',(0.,0.,-1.));
#2901=DIRECTION('center_axis',(0.,1.,0.));
#2902=DIRECTION('ref_axis',(0.,0.,1.));
#2903=DIRECTION('center_axis',(0.,-1.,0.));
#2904=DIRECTION('ref_axis',(0.,0.,-1.));
#2905=DIRECTION('',(0.,1.,0.));
#2906=DIRECTION('center_axis',(0.,-1.,0.));
#2907=DIRECTION('ref_axis',(0.,0.,-1.));
#2908=DIRECTION('center_axis',(0.,1.,0.));
#2909=DIRECTION('ref_axis',(0.,0.,1.));
#2910=DIRECTION('center_axis',(0.,-1.,0.));
#2911=DIRECTION('ref_axis',(0.,0.,-1.));
#2912=DIRECTION('',(0.,1.,0.));
#2913=DIRECTION('center_axis',(0.,-1.,0.));
#2914=DIRECTION('ref_axis',(0.,0.,-1.));
#2915=DIRECTION('center_axis',(0.,1.,0.));
#2916=DIRECTION('ref_axis',(0.,0.,1.));
#2917=DIRECTION('center_axis',(0.,-1.,0.));
#2918=DIRECTION('ref_axis',(0.,0.,-1.));
#2919=DIRECTION('',(0.,1.,0.));
#2920=DIRECTION('center_axis',(0.,-1.,0.));
#2921=DIRECTION('ref_axis',(0.,0.,-1.));
#2922=DIRECTION('center_axis',(0.,1.,0.));
#2923=DIRECTION('ref_axis',(0.,0.,1.));
#2924=DIRECTION('center_axis',(0.,-1.,0.));
#2925=DIRECTION('ref_axis',(0.,0.,-1.));
#2926=DIRECTION('',(0.,1.,0.));
#2927=DIRECTION('center_axis',(0.,-1.,0.));
#2928=DIRECTION('ref_axis',(0.,0.,-1.));
#2929=DIRECTION('center_axis',(0.707106781186547,0.,0.707106781186548));
#2930=DIRECTION('ref_axis',(0.707106781186548,0.,-0.707106781186547));
#2931=DIRECTION('',(0.707106781186548,0.,-0.707106781186548));
#2932=DIRECTION('',(0.707106781186548,0.,-0.707106781186548));
#2933=DIRECTION('center_axis',(0.,-1.,0.));
#2934=DIRECTION('ref_axis',(1.,0.,0.));
#2935=DIRECTION('center_axis',(0.,1.,0.));
#2936=DIRECTION('ref_axis',(0.,0.,1.));
#2937=DIRECTION('center_axis',(0.,1.,0.));
#2938=DIRECTION('ref_axis',(0.,0.,1.));
#2939=DIRECTION('center_axis',(0.,1.,0.));
#2940=DIRECTION('ref_axis',(0.,0.,1.));
#2941=DIRECTION('center_axis',(0.,1.,0.));
#2942=DIRECTION('ref_axis',(0.,0.,1.));
#2943=DIRECTION('center_axis',(0.,-1.,0.));
#2944=DIRECTION('ref_axis',(0.,0.,-1.));
#2945=DIRECTION('center_axis',(0.,-1.,0.));
#2946=DIRECTION('ref_axis',(0.,0.,-1.));
#2947=DIRECTION('center_axis',(0.,-1.,0.));
#2948=DIRECTION('ref_axis',(0.,0.,-1.));
#2949=DIRECTION('center_axis',(0.,-1.,0.));
#2950=DIRECTION('ref_axis',(0.,0.,-1.));
#2951=DIRECTION('center_axis',(0.,-1.,0.));
#2952=DIRECTION('ref_axis',(1.,0.,0.));
#2953=DIRECTION('center_axis',(0.,1.,0.));
#2954=DIRECTION('ref_axis',(0.,0.,1.));
#2955=DIRECTION('center_axis',(0.,1.,0.));
#2956=DIRECTION('ref_axis',(0.,0.,1.));
#2957=DIRECTION('center_axis',(0.,1.,0.));
#2958=DIRECTION('ref_axis',(0.,0.,1.));
#2959=DIRECTION('center_axis',(0.,1.,0.));
#2960=DIRECTION('ref_axis',(0.,0.,1.));
#2961=DIRECTION('center_axis',(0.,1.,0.));
#2962=DIRECTION('ref_axis',(0.,0.,1.));
#2963=DIRECTION('center_axis',(0.,1.,0.));
#2964=DIRECTION('ref_axis',(0.,0.,1.));
#2965=DIRECTION('center_axis',(0.,-1.,0.));
#2966=DIRECTION('ref_axis',(0.,0.,-1.));
#2967=DIRECTION('center_axis',(0.,-1.,0.));
#2968=DIRECTION('ref_axis',(0.,0.,-1.));
#2969=DIRECTION('center_axis',(0.,-1.,0.));
#2970=DIRECTION('ref_axis',(0.,0.,-1.));
#2971=DIRECTION('',(0.,-1.,0.));
#2972=DIRECTION('center_axis',(0.,-1.,0.));
#2973=DIRECTION('ref_axis',(0.,0.,-1.));
#2974=DIRECTION('',(0.,-1.,0.));
#2975=DIRECTION('center_axis',(0.,1.,0.));
#2976=DIRECTION('ref_axis',(0.,0.,1.));
#2977=DIRECTION('',(0.,1.,0.));
#2978=DIRECTION('center_axis',(0.,1.,0.));
#2979=DIRECTION('ref_axis',(0.,0.,1.));
#2980=DIRECTION('',(0.,1.,0.));
#2981=DIRECTION('center_axis',(0.,1.,0.));
#2982=DIRECTION('ref_axis',(0.,0.,1.));
#2983=DIRECTION('',(0.,1.,0.));
#2984=DIRECTION('center_axis',(0.,1.,0.));
#2985=DIRECTION('ref_axis',(0.,0.,1.));
#2986=DIRECTION('',(0.,1.,0.));
#2987=DIRECTION('center_axis',(0.,1.,0.));
#2988=DIRECTION('ref_axis',(0.,0.,1.));
#2989=DIRECTION('',(0.,1.,0.));
#2990=DIRECTION('center_axis',(0.,1.,0.));
#2991=DIRECTION('ref_axis',(0.,0.,1.));
#2992=DIRECTION('',(0.,1.,0.));
#2993=DIRECTION('axis',(0.,0.,1.));
#2994=DIRECTION('refdir',(1.,0.,0.));
#2995=DIRECTION('center_axis',(0.,0.,-1.));
#2996=DIRECTION('ref_axis',(-1.,0.,0.));
#2997=DIRECTION('center_axis',(0.,0.,1.));
#2998=DIRECTION('ref_axis',(1.,0.,0.));
#2999=DIRECTION('',(0.,0.,1.));
#3000=DIRECTION('center_axis',(0.,0.,1.));
#3001=DIRECTION('ref_axis',(1.,0.,0.));
#3002=DIRECTION('center_axis',(0.,0.,1.));
#3003=DIRECTION('ref_axis',(1.,0.,0.));
#3004=DIRECTION('center_axis',(0.,0.,-1.));
#3005=DIRECTION('ref_axis',(-1.,0.,0.));
#3006=DIRECTION('center_axis',(0.,0.,1.));
#3007=DIRECTION('ref_axis',(1.,0.,0.));
#3008=DIRECTION('center_axis',(0.,0.,1.));
#3009=DIRECTION('ref_axis',(1.,0.,0.));
#3010=DIRECTION('center_axis',(0.,0.,1.));
#3011=DIRECTION('ref_axis',(1.,0.,0.));
#3012=DIRECTION('',(-0.857167300702115,-1.04972719113862E-16,0.515038074910049));
#3013=DIRECTION('center_axis',(0.,0.,-1.));
#3014=DIRECTION('ref_axis',(-1.,0.,0.));
#3015=DIRECTION('center_axis',(0.,0.,-1.));
#3016=DIRECTION('ref_axis',(-1.,0.,0.));
#3017=DIRECTION('center_axis',(0.,0.,-1.));
#3018=DIRECTION('ref_axis',(-1.,0.,0.));
#3019=DIRECTION('',(0.,0.,-1.));
#3020=DIRECTION('center_axis',(0.,0.,-1.));
#3021=DIRECTION('ref_axis',(-1.,0.,0.));
#3022=DIRECTION('',(0.85716730070211,-1.04972719113862E-16,-0.515038074910058));
#3023=DIRECTION('center_axis',(0.,0.,1.));
#3024=DIRECTION('ref_axis',(1.,0.,0.));
#3025=DIRECTION('center_axis',(0.,0.,1.));
#3026=DIRECTION('ref_axis',(1.,0.,0.));
#3027=DIRECTION('center_axis',(0.,0.,1.));
#3028=DIRECTION('ref_axis',(1.,0.,0.));
#3029=DIRECTION('',(0.,0.,1.));
#3030=DIRECTION('',(0.,-1.,0.));
#3031=DIRECTION('',(1.,0.,0.));
#3032=DIRECTION('',(0.,-1.,0.));
#3033=DIRECTION('',(1.,0.,0.));
#3034=DIRECTION('',(0.,0.,1.));
#3035=DIRECTION('',(1.,0.,0.));
#3036=DIRECTION('',(0.,-1.,0.));
#3037=DIRECTION('',(1.,0.,0.));
#3038=DIRECTION('',(0.,-1.,0.));
#3039=DIRECTION('',(1.,0.,0.));
#3040=DIRECTION('',(0.,0.,1.));
#3041=DIRECTION('',(1.,0.,0.));
#3042=DIRECTION('',(0.,1.,0.));
#3043=DIRECTION('',(1.,0.,0.));
#3044=DIRECTION('',(0.,1.,0.));
#3045=DIRECTION('',(1.,0.,0.));
#3046=DIRECTION('',(0.,-1.,0.));
#3047=DIRECTION('',(1.,0.,0.));
#3048=CARTESIAN_POINT('',(0.,0.,0.));
#3049=CARTESIAN_POINT('',(0.,0.,0.));
#3050=CARTESIAN_POINT('Origin',(0.,0.,0.));
#3051=CARTESIAN_POINT('',(0.015875,-2.91619019046964E-18,0.));
#3052=CARTESIAN_POINT('Origin',(0.,-9.72063396823212E-19,0.));
#3053=CARTESIAN_POINT('',(-0.0025527,-3.12615588418345E-19,0.));
#3054=CARTESIAN_POINT('Origin',(0.,0.,0.));
#3055=CARTESIAN_POINT('Origin',(0.,0.,0.0080000094));
#3056=CARTESIAN_POINT('',(0.,0.,0.00953382630219165));
#3057=CARTESIAN_POINT('',(0.0025527,0.,0.0080000094));
#3058=CARTESIAN_POINT('',(0.0025527,-3.12615588418345E-19,0.0080000094));
#3059=CARTESIAN_POINT('',(-0.0025527,-3.12615588418345E-19,0.0080000094));
#3060=CARTESIAN_POINT('Origin',(0.,0.,0.0080000094));
#3061=CARTESIAN_POINT('Origin',(0.,0.,0.0080000094));
#3062=CARTESIAN_POINT('Origin',(0.,0.,0.));
#3063=CARTESIAN_POINT('',(-0.0025527,-3.12615588418345E-19,0.));
#3064=CARTESIAN_POINT('Origin',(0.,-9.72063396823212E-19,0.1016));
#3065=CARTESIAN_POINT('',(0.015875,-2.91619019046964E-18,0.1016));
#3066=CARTESIAN_POINT('',(0.015875,-2.91619019046964E-18,0.1016));
#3067=CARTESIAN_POINT('Origin',(0.,-9.72063396823212E-19,0.1016));
#3068=CARTESIAN_POINT('Origin',(0.,0.,0.1016));
#3069=CARTESIAN_POINT('',(0.0307975,1.88580298983703E-18,0.1016));
#3070=CARTESIAN_POINT('Origin',(0.,1.88580298983703E-18,0.1016));
#3071=CARTESIAN_POINT('Origin',(0.,0.,0.111125));
#3072=CARTESIAN_POINT('',(0.0307975,1.88580298983703E-18,0.111125));
#3073=CARTESIAN_POINT('Origin',(0.,1.88580298983703E-18,0.111125));
#3074=CARTESIAN_POINT('Origin',(0.,1.88580298983703E-18,0.1016));
#3075=CARTESIAN_POINT('',(0.0307975,-1.88580298983703E-18,0.1016));
#3076=CARTESIAN_POINT('',(0.,0.,0.));
#3077=CARTESIAN_POINT('Origin',(-1.38777878078145E-17,-0.009525,0.09525));
#3078=CARTESIAN_POINT('',(0.06985,0.,0.09525));
#3079=CARTESIAN_POINT('',(-0.06985,0.,0.09525));
#3080=CARTESIAN_POINT('',(-1.38777878078145E-17,0.,0.09525));
#3081=CARTESIAN_POINT('',(-0.06985,-0.009525,0.09525));
#3082=CARTESIAN_POINT('',(-0.06985,-0.009525,0.09525));
#3083=CARTESIAN_POINT('',(0.06985,-0.009525,0.09525));
#3084=CARTESIAN_POINT('',(-1.38777878078145E-17,-0.009525,0.09525));
#3085=CARTESIAN_POINT('',(0.06985,-0.009525,0.09525));
#3086=CARTESIAN_POINT('Origin',(-0.08255,-0.009525,0.08255));
#3087=CARTESIAN_POINT('',(-0.09525,0.,0.06985));
#3088=CARTESIAN_POINT('',(-0.08255,0.,0.08255));
#3089=CARTESIAN_POINT('',(-0.09525,-0.009525,0.06985));
#3090=CARTESIAN_POINT('',(-0.09525,-0.009525,0.06985));
#3091=CARTESIAN_POINT('',(-0.08255,-0.009525,0.08255));
#3092=CARTESIAN_POINT('Origin',(-0.09525,-0.009525,0.));
#3093=CARTESIAN_POINT('',(-0.09525,0.,-0.06985));
#3094=CARTESIAN_POINT('',(-0.09525,0.,0.));
#3095=CARTESIAN_POINT('',(-0.09525,-0.009525,-0.06985));
#3096=CARTESIAN_POINT('',(-0.09525,-0.009525,-0.06985));
#3097=CARTESIAN_POINT('',(-0.09525,-0.009525,0.));
#3098=CARTESIAN_POINT('Origin',(-0.08255,-0.009525,-0.08255));
#3099=CARTESIAN_POINT('',(-0.06985,0.,-0.09525));
#3100=CARTESIAN_POINT('',(-0.08255,0.,-0.08255));
#3101=CARTESIAN_POINT('',(-0.06985,-0.009525,-0.09525));
#3102=CARTESIAN_POINT('',(-0.06985,-0.009525,-0.09525));
#3103=CARTESIAN_POINT('',(-0.08255,-0.009525,-0.08255));
#3104=CARTESIAN_POINT('Origin',(2.77555756156289E-17,-0.009525,-0.09525));
#3105=CARTESIAN_POINT('',(0.06985,0.,-0.09525));
#3106=CARTESIAN_POINT('',(2.77555756156289E-17,0.,-0.09525));
#3107=CARTESIAN_POINT('',(0.06985,-0.009525,-0.09525));
#3108=CARTESIAN_POINT('',(0.06985,-0.009525,-0.09525));
#3109=CARTESIAN_POINT('',(2.77555756156289E-17,-0.009525,-0.09525));
#3110=CARTESIAN_POINT('Origin',(0.08255,-0.009525,-0.08255));
#3111=CARTESIAN_POINT('',(0.09525,0.,-0.06985));
#3112=CARTESIAN_POINT('',(0.08255,0.,-0.08255));
#3113=CARTESIAN_POINT('',(0.09525,-0.009525,-0.06985));
#3114=CARTESIAN_POINT('',(0.09525,-0.009525,-0.06985));
#3115=CARTESIAN_POINT('',(0.08255,-0.009525,-0.08255));
#3116=CARTESIAN_POINT('Origin',(0.09525,-0.009525,2.77555756156289E-17));
#3117=CARTESIAN_POINT('',(0.09525,0.,0.06985));
#3118=CARTESIAN_POINT('',(0.09525,0.,2.77555756156289E-17));
#3119=CARTESIAN_POINT('',(0.09525,-0.009525,0.06985));
#3120=CARTESIAN_POINT('',(0.09525,-0.009525,0.06985));
#3121=CARTESIAN_POINT('',(0.09525,-0.009525,2.77555756156289E-17));
#3122=CARTESIAN_POINT('Origin',(-0.0635,-0.009525,0.0635));
#3123=CARTESIAN_POINT('',(-0.0635,-0.009525,0.0599313));
#3124=CARTESIAN_POINT('Origin',(-0.0635,-0.009525,0.0635));
#3125=CARTESIAN_POINT('',(-0.0635,0.,0.0599313));
#3126=CARTESIAN_POINT('',(-0.0635,-0.009525,0.0599313));
#3127=CARTESIAN_POINT('Origin',(-0.0635,0.,0.0635));
#3128=CARTESIAN_POINT('Origin',(0.0635,-0.009525,0.0635));
#3129=CARTESIAN_POINT('',(0.0635,-0.009525,0.0599313));
#3130=CARTESIAN_POINT('Origin',(0.0635,-0.009525,0.0635));
#3131=CARTESIAN_POINT('',(0.0635,0.,0.0599313));
#3132=CARTESIAN_POINT('',(0.0635,-0.009525,0.0599313));
#3133=CARTESIAN_POINT('Origin',(0.0635,0.,0.0635));
#3134=CARTESIAN_POINT('Origin',(0.0635,-0.009525,-0.0635));
#3135=CARTESIAN_POINT('',(0.0635,-0.009525,-0.0670687));
#3136=CARTESIAN_POINT('Origin',(0.0635,-0.009525,-0.0635));
#3137=CARTESIAN_POINT('',(0.0635,0.,-0.0670687));
#3138=CARTESIAN_POINT('',(0.0635,-0.009525,-0.0670687));
#3139=CARTESIAN_POINT('Origin',(0.0635,0.,-0.0635));
#3140=CARTESIAN_POINT('Origin',(-0.0635,-0.009525,-0.0635));
#3141=CARTESIAN_POINT('',(-0.0635,-0.009525,-0.0670687));
#3142=CARTESIAN_POINT('Origin',(-0.0635,-0.009525,-0.0635));
#3143=CARTESIAN_POINT('',(-0.0635,0.,-0.0670687));
#3144=CARTESIAN_POINT('',(-0.0635,-0.009525,-0.0670687));
#3145=CARTESIAN_POINT('Origin',(-0.0635,0.,-0.0635));
#3146=CARTESIAN_POINT('Origin',(0.08255,-0.009525,0.08255));
#3147=CARTESIAN_POINT('',(0.08255,0.,0.08255));
#3148=CARTESIAN_POINT('',(0.08255,-0.009525,0.08255));
#3149=CARTESIAN_POINT('Origin',(0.,-0.009525,0.));
#3150=CARTESIAN_POINT('',(-6.80444377776248E-18,-0.009525,0.0555625));
#3151=CARTESIAN_POINT('Origin',(0.,-0.009525,3.40222188888124E-18));
#3152=CARTESIAN_POINT('Origin',(0.,0.,0.));
#3153=CARTESIAN_POINT('',(-6.80444377776248E-18,0.,0.0555625));
#3154=CARTESIAN_POINT('Origin',(0.,0.,3.40222188888124E-18));
#3155=CARTESIAN_POINT('Origin',(0.,0.045593,3.40222188888124E-18));
#3156=CARTESIAN_POINT('',(-6.80444377776248E-18,0.045593,0.0555625));
#3157=CARTESIAN_POINT('',(0.,0.,0.));
#3158=CARTESIAN_POINT('Origin',(-0.0165242706095246,-0.0398931182138373,
0.005715));
#3159=CARTESIAN_POINT('',(-0.0165242706095246,-0.0398931182138373,0.00652769403026572));
#3160=CARTESIAN_POINT('',(-0.0165242706095246,-0.0385405682138373,0.005715));
#3161=CARTESIAN_POINT('',(-0.0165242706095246,-0.0385405682138373,0.005715));
#3162=CARTESIAN_POINT('',(-0.0165242706095246,-0.0412456682138373,0.005715));
#3163=CARTESIAN_POINT('Origin',(-0.0165242706095246,-0.0398931182138373,
0.005715));
#3164=CARTESIAN_POINT('Origin',(-0.0165242706095246,-0.0398931182138373,
0.005715));
#3165=CARTESIAN_POINT('Origin',(-0.0165242706095246,-0.0398931182138373,
-3.29295319576493E-18));
#3166=CARTESIAN_POINT('',(-0.0165242706095246,-0.0412456682138373,-6.76240014771855E-18));
#3167=CARTESIAN_POINT('Origin',(-0.0165242706095246,-0.0398931182138373,
-6.76240014771855E-18));
#3168=CARTESIAN_POINT('',(-0.0165242706095246,-0.0412456682138373,-3.29295319576493E-18));
#3169=CARTESIAN_POINT('Origin',(0.0398931182138373,-0.0165242706095246,
0.005715));
#3170=CARTESIAN_POINT('',(0.0398931182138373,-0.0165242706095246,0.00652769403026572));
#3171=CARTESIAN_POINT('',(0.0385405682138373,-0.0165242706095246,0.005715));
#3172=CARTESIAN_POINT('',(0.0385405682138373,-0.0165242706095246,0.005715));
#3173=CARTESIAN_POINT('',(0.0412456682138373,-0.0165242706095246,0.005715));
#3174=CARTESIAN_POINT('Origin',(0.0398931182138373,-0.0165242706095246,
0.005715));
#3175=CARTESIAN_POINT('Origin',(0.0398931182138373,-0.0165242706095246,
0.005715));
#3176=CARTESIAN_POINT('Origin',(0.0398931182138373,-0.0165242706095246,
-3.29295319576493E-18));
#3177=CARTESIAN_POINT('',(0.0412456682138373,-0.0165242706095246,-6.76240014771855E-18));
#3178=CARTESIAN_POINT('Origin',(0.0398931182138373,-0.0165242706095246,
-6.76240014771855E-18));
#3179=CARTESIAN_POINT('',(0.0412456682138373,-0.0165242706095246,-3.29295319576493E-18));
#3180=CARTESIAN_POINT('Origin',(0.0165242706095246,0.0398931182138373,0.005715));
#3181=CARTESIAN_POINT('',(0.0165242706095246,0.0398931182138373,0.00652769403026572));
#3182=CARTESIAN_POINT('',(0.0165242706095246,0.0385405682138373,0.005715));
#3183=CARTESIAN_POINT('',(0.0165242706095246,0.0385405682138373,0.005715));
#3184=CARTESIAN_POINT('',(0.0165242706095246,0.0412456682138373,0.005715));
#3185=CARTESIAN_POINT('Origin',(0.0165242706095246,0.0398931182138373,0.005715));
#3186=CARTESIAN_POINT('Origin',(0.0165242706095246,0.0398931182138373,0.005715));
#3187=CARTESIAN_POINT('Origin',(0.0165242706095246,0.0398931182138373,-3.29295319576493E-18));
#3188=CARTESIAN_POINT('',(0.0165242706095246,0.0412456682138373,-6.76240014771855E-18));
#3189=CARTESIAN_POINT('Origin',(0.0165242706095246,0.0398931182138373,-6.76240014771855E-18));
#3190=CARTESIAN_POINT('',(0.0165242706095246,0.0412456682138373,-3.29295319576493E-18));
#3191=CARTESIAN_POINT('Origin',(-0.040005,0.,-3.29295319576493E-18));
#3192=CARTESIAN_POINT('',(0.045759753245284,0.0189543104050429,-3.29295319576493E-18));
#3193=CARTESIAN_POINT('',(0.0340264831823907,0.0140942308140063,-2.80869537285833E-18));
#3194=CARTESIAN_POINT('Origin',(0.0398931182138373,0.0165242706095246,-3.29295319576493E-18));
#3195=CARTESIAN_POINT('',(0.04953,-6.06567559617684E-18,-6.58590639152987E-18));
#3196=CARTESIAN_POINT('Origin',(0.,0.,-6.58590639152987E-18));
#3197=CARTESIAN_POINT('',(-0.045759753245284,-0.0189543104050429,-2.80869537285833E-18));
#3198=CARTESIAN_POINT('Origin',(0.,0.,-6.58590639152987E-18));
#3199=CARTESIAN_POINT('',(-0.0340264831823907,-0.0140942308140063,-3.29295319576493E-18));
#3200=CARTESIAN_POINT('Origin',(-0.0398931182138373,-0.0165242706095246,
-3.29295319576493E-18));
#3201=CARTESIAN_POINT('',(0.03683,-4.5103741612597E-18,0.));
#3202=CARTESIAN_POINT('Origin',(0.,0.,0.));
#3203=CARTESIAN_POINT('Origin',(0.,0.,0.));
#3204=CARTESIAN_POINT('Origin',(-0.04238625,0.,0.00889));
#3205=CARTESIAN_POINT('',(-0.0384264594559757,-0.0159167606606451,0.00889));
#3206=CARTESIAN_POINT('',(-0.0414806182138373,-0.0165242706095246,0.00889));
#3207=CARTESIAN_POINT('Origin',(-0.0398931182138373,-0.0165242706095246,
0.00889));
#3208=CARTESIAN_POINT('',(0.0384264594559757,0.015916760660645,0.00889));
#3209=CARTESIAN_POINT('Origin',(0.,0.,0.00889));
#3210=CARTESIAN_POINT('',(0.0383056182138373,0.0165242706095246,0.00889));
#3211=CARTESIAN_POINT('Origin',(0.0398931182138373,0.0165242706095246,0.00889));
#3212=CARTESIAN_POINT('',(0.041359776971699,0.0171317805584042,0.00889));
#3213=CARTESIAN_POINT('Origin',(0.0398931182138373,0.0165242706095246,0.00889));
#3214=CARTESIAN_POINT('',(-0.041359776971699,-0.0171317805584042,0.00889));
#3215=CARTESIAN_POINT('Origin',(0.,0.,0.00889));
#3216=CARTESIAN_POINT('Origin',(-0.0398931182138373,-0.0165242706095246,
0.00889));
#3217=CARTESIAN_POINT('Origin',(-0.04238625,0.,0.012065));
#3218=CARTESIAN_POINT('',(-0.0415925,0.,0.012065));
#3219=CARTESIAN_POINT('',(-0.0294103387965015,0.0294103387965015,0.012065));
#3220=CARTESIAN_POINT('Origin',(0.,0.,0.012065));
#3221=CARTESIAN_POINT('',(-0.0447675,1.00780102170642E-19,0.012065));
#3222=CARTESIAN_POINT('Origin',(-0.04318,9.72063396823212E-20,0.012065));
#3223=CARTESIAN_POINT('',(-0.0316554028267687,0.0316554028267688,0.012065));
#3224=CARTESIAN_POINT('Origin',(0.,0.,0.012065));
#3225=CARTESIAN_POINT('',(-0.0321203708116351,0.0305328708116352,0.012065));
#3226=CARTESIAN_POINT('Origin',(-0.0305328708116351,0.0305328708116352,
0.012065));
#3227=CARTESIAN_POINT('Origin',(-0.0305328708116351,0.0305328708116352,
0.012065));
#3228=CARTESIAN_POINT('Origin',(-0.04238625,0.,0.012065));
#3229=CARTESIAN_POINT('',(-0.0316554028267687,-0.0316554028267687,0.012065));
#3230=CARTESIAN_POINT('Origin',(0.,0.,0.012065));
#3231=CARTESIAN_POINT('Origin',(-0.04318,9.72063396823212E-20,0.012065));
#3232=CARTESIAN_POINT('',(-0.0294103387965015,-0.0294103387965015,0.012065));
#3233=CARTESIAN_POINT('Origin',(0.,0.,0.012065));
#3234=CARTESIAN_POINT('',(-0.0321203708116352,-0.0305328708116351,0.012065));
#3235=CARTESIAN_POINT('Origin',(-0.0305328708116352,-0.0305328708116351,
0.012065));
#3236=CARTESIAN_POINT('Origin',(-0.0305328708116352,-0.0305328708116351,
0.012065));
#3237=CARTESIAN_POINT('Origin',(-0.04238625,0.,0.012065));
#3238=CARTESIAN_POINT('',(6.68858413066755E-18,0.0415925,0.012065));
#3239=CARTESIAN_POINT('Origin',(0.,0.,0.012065));
#3240=CARTESIAN_POINT('Origin',(-0.0305328708116351,0.0305328708116352,
0.012065));
#3241=CARTESIAN_POINT('',(8.32443643929501E-18,0.0447675,0.012065));
#3242=CARTESIAN_POINT('Origin',(0.,0.,0.012065));
#3243=CARTESIAN_POINT('',(-0.00158749999999999,0.04318,0.012065));
#3244=CARTESIAN_POINT('Origin',(8.02924365775973E-18,0.04318,0.012065));
#3245=CARTESIAN_POINT('Origin',(8.02924365775973E-18,0.04318,0.012065));
#3246=CARTESIAN_POINT('Origin',(-0.04238625,0.,0.012065));
#3247=CARTESIAN_POINT('',(0.0294103387965015,0.0294103387965014,0.012065));
#3248=CARTESIAN_POINT('Origin',(0.,0.,0.012065));
#3249=CARTESIAN_POINT('Origin',(8.02924365775973E-18,0.04318,0.012065));
#3250=CARTESIAN_POINT('',(0.0316554028267688,0.0316554028267687,0.012065));
#3251=CARTESIAN_POINT('Origin',(0.,0.,0.012065));
#3252=CARTESIAN_POINT('',(0.0289453708116352,0.0305328708116351,0.012065));
#3253=CARTESIAN_POINT('Origin',(0.0305328708116352,0.0305328708116351,0.012065));
#3254=CARTESIAN_POINT('Origin',(0.0305328708116352,0.0305328708116351,0.012065));
#3255=CARTESIAN_POINT('Origin',(-0.04238625,0.,0.012065));
#3256=CARTESIAN_POINT('',(0.0415925,5.09361219935363E-18,0.012065));
#3257=CARTESIAN_POINT('Origin',(0.,0.,0.012065));
#3258=CARTESIAN_POINT('Origin',(0.0305328708116352,0.0305328708116351,0.012065));
#3259=CARTESIAN_POINT('',(0.0447675,-5.58321766025356E-18,0.012065));
#3260=CARTESIAN_POINT('Origin',(0.,0.,0.012065));
#3261=CARTESIAN_POINT('Origin',(0.04318,-5.38523121840059E-18,0.012065));
#3262=CARTESIAN_POINT('Origin',(-0.04238625,0.,0.012065));
#3263=CARTESIAN_POINT('',(0.0294103387965015,-0.0294103387965015,0.012065));
#3264=CARTESIAN_POINT('',(2.49820292983565E-18,-0.0415925,0.012065));
#3265=CARTESIAN_POINT('Origin',(0.,0.,0.012065));
#3266=CARTESIAN_POINT('',(0.0289453708116351,-0.0305328708116352,0.012065));
#3267=CARTESIAN_POINT('Origin',(0.0305328708116351,-0.0305328708116352,
0.012065));
#3268=CARTESIAN_POINT('',(0.0316554028267687,-0.0316554028267687,0.012065));
#3269=CARTESIAN_POINT('Origin',(0.0305328708116351,-0.0305328708116352,
0.012065));
#3270=CARTESIAN_POINT('',(-2.8419988812121E-18,-0.0447675,0.012065));
#3271=CARTESIAN_POINT('Origin',(0.,0.,0.012065));
#3272=CARTESIAN_POINT('Origin',(-2.74121877904145E-18,-0.04318,0.012065));
#3273=CARTESIAN_POINT('Origin',(-0.04238625,0.,0.012065));
#3274=CARTESIAN_POINT('Origin',(0.,0.,0.012065));
#3275=CARTESIAN_POINT('',(-0.0015875,-0.04318,0.012065));
#3276=CARTESIAN_POINT('Origin',(-2.74121877904145E-18,-0.04318,0.012065));
#3277=CARTESIAN_POINT('Origin',(-2.74121877904145E-18,-0.04318,0.012065));
#3278=CARTESIAN_POINT('Origin',(0.,0.,0.012065));
#3279=CARTESIAN_POINT('Origin',(-0.0305328708116352,-0.0305328708116351,
0.012065));
#3280=CARTESIAN_POINT('Origin',(-0.04238625,0.,0.00889));
#3281=CARTESIAN_POINT('Origin',(-0.0398931182138373,-0.0165242706095246,
0.00889));
#3282=CARTESIAN_POINT('',(0.0447675,-5.48243755808291E-18,0.00889));
#3283=CARTESIAN_POINT('Origin',(0.,0.,0.00889));
#3284=CARTESIAN_POINT('Origin',(0.,0.,0.00889));
#3285=CARTESIAN_POINT('Origin',(0.0398931182138373,0.0165242706095246,0.00889));
#3286=CARTESIAN_POINT('',(0.0415925,-5.09361219935363E-18,0.00889));
#3287=CARTESIAN_POINT('Origin',(0.,0.,0.00889));
#3288=CARTESIAN_POINT('Origin',(0.,0.,0.00889));
#3289=CARTESIAN_POINT('Origin',(0.,0.,0.));
#3290=CARTESIAN_POINT('Origin',(0.,0.,0.012065));
#3291=CARTESIAN_POINT('',(0.0447675,-5.48243755808291E-18,0.));
#3292=CARTESIAN_POINT('Origin',(-0.04238625,0.,0.012065));
#3293=CARTESIAN_POINT('Origin',(0.,0.,0.012065));
#3294=CARTESIAN_POINT('Origin',(0.04318,-5.38523121840059E-18,0.012065));
#3295=CARTESIAN_POINT('Origin',(0.0305328708116351,-0.0305328708116352,
0.012065));
#3296=CARTESIAN_POINT('Origin',(0.,0.,0.));
#3297=CARTESIAN_POINT('',(0.0415925,-5.09361219935363E-18,0.));
#3298=CARTESIAN_POINT('Origin',(-0.0305328708116352,-0.0305328708116351,
0.01016));
#3299=CARTESIAN_POINT('',(-0.0321203708116352,-0.0305328708116351,0.0127));
#3300=CARTESIAN_POINT('',(-0.0321203708116352,-0.0305328708116351,0.01016));
#3301=CARTESIAN_POINT('Origin',(-0.0305328708116352,-0.0305328708116351,
0.0127));
#3302=CARTESIAN_POINT('Origin',(-2.74121877904145E-18,-0.04318,0.01016));
#3303=CARTESIAN_POINT('',(-0.0015875,-0.04318,0.0127));
#3304=CARTESIAN_POINT('',(-0.0015875,-0.04318,0.01016));
#3305=CARTESIAN_POINT('Origin',(-2.74121877904145E-18,-0.04318,0.0127));
#3306=CARTESIAN_POINT('Origin',(0.0305328708116351,-0.0305328708116352,
0.01016));
#3307=CARTESIAN_POINT('',(0.0289453708116351,-0.0305328708116352,0.0127));
#3308=CARTESIAN_POINT('',(0.0289453708116351,-0.0305328708116352,0.01016));
#3309=CARTESIAN_POINT('Origin',(0.0305328708116351,-0.0305328708116352,
0.0127));
#3310=CARTESIAN_POINT('Origin',(0.04318,-5.38523121840059E-18,0.01016));
#3311=CARTESIAN_POINT('',(0.0415925,-5.57964389776523E-18,0.0127));
#3312=CARTESIAN_POINT('',(0.0415925,-5.57964389776523E-18,0.01016));
#3313=CARTESIAN_POINT('Origin',(0.04318,-5.38523121840059E-18,0.0127));
#3314=CARTESIAN_POINT('Origin',(0.0305328708116352,0.0305328708116351,0.01016));
#3315=CARTESIAN_POINT('',(0.0289453708116352,0.0305328708116351,0.0127));
#3316=CARTESIAN_POINT('',(0.0289453708116352,0.0305328708116351,0.01016));
#3317=CARTESIAN_POINT('Origin',(0.0305328708116352,0.0305328708116351,0.0127));
#3318=CARTESIAN_POINT('Origin',(8.02924365775973E-18,0.04318,0.01016));
#3319=CARTESIAN_POINT('',(-0.00158749999999999,0.04318,0.0127));
#3320=CARTESIAN_POINT('',(-0.00158749999999999,0.04318,0.01016));
#3321=CARTESIAN_POINT('Origin',(8.02924365775973E-18,0.04318,0.0127));
#3322=CARTESIAN_POINT('Origin',(-0.0305328708116351,0.0305328708116352,
0.01016));
#3323=CARTESIAN_POINT('',(-0.0321203708116351,0.0305328708116352,0.0127));
#3324=CARTESIAN_POINT('',(-0.0321203708116351,0.0305328708116352,0.01016));
#3325=CARTESIAN_POINT('Origin',(-0.0305328708116351,0.0305328708116352,
0.0127));
#3326=CARTESIAN_POINT('Origin',(-0.04318,9.72063396823212E-20,0.01016));
#3327=CARTESIAN_POINT('',(-0.0447675,-9.72063396823211E-20,0.0127));
#3328=CARTESIAN_POINT('',(-0.0447675,-9.72063396823211E-20,0.01016));
#3329=CARTESIAN_POINT('Origin',(-0.04318,9.72063396823212E-20,0.0127));
#3330=CARTESIAN_POINT('Origin',(0.,0.,0.));
#3331=CARTESIAN_POINT('Origin',(0.,0.,-6.58590639152987E-18));
#3332=CARTESIAN_POINT('',(0.04953,-6.06567559617684E-18,0.0127));
#3333=CARTESIAN_POINT('',(0.04953,-6.06567559617684E-18,0.));
#3334=CARTESIAN_POINT('Origin',(0.,0.,0.0127));
#3335=CARTESIAN_POINT('Origin',(-0.040005,0.,-3.29295319576493E-18));
#3336=CARTESIAN_POINT('',(0.0335431182138373,0.0165242706095246,-3.33066907387547E-18));
#3337=CARTESIAN_POINT('Origin',(0.0398931182138373,0.0165242706095246,-3.29295319576493E-18));
#3338=CARTESIAN_POINT('Origin',(0.,0.,0.));
#3339=CARTESIAN_POINT('',(-0.0462431182138373,-0.0165242706095246,-3.33066907387547E-18));
#3340=CARTESIAN_POINT('Origin',(-0.0398931182138373,-0.0165242706095246,
-3.29295319576493E-18));
#3341=CARTESIAN_POINT('Origin',(-0.0398931182138373,-0.0165242706095246,
-3.29295319576493E-18));
#3342=CARTESIAN_POINT('Origin',(0.0398931182138373,0.0165242706095246,-3.29295319576493E-18));
#3343=CARTESIAN_POINT('',(-0.0412456682138373,0.0165242706095246,-6.76240014771855E-18));
#3344=CARTESIAN_POINT('Origin',(-0.0398931182138373,0.0165242706095246,
-6.76240014771855E-18));
#3345=CARTESIAN_POINT('Origin',(0.,0.,0.));
#3346=CARTESIAN_POINT('',(0.03683,-4.5103741612597E-18,0.0127));
#3347=CARTESIAN_POINT('Origin',(0.,0.,0.0127));
#3348=CARTESIAN_POINT('',(0.03683,-4.5103741612597E-18,0.));
#3349=CARTESIAN_POINT('Origin',(-0.040005,0.,0.0127));
#3350=CARTESIAN_POINT('Origin',(0.0398931182138373,0.0165242706095246,-0.01651));
#3351=CARTESIAN_POINT('',(0.0383056182138374,0.0165242706095246,-0.047625));
#3352=CARTESIAN_POINT('Origin',(0.0398931182138373,0.0165242706095246,-0.047625));
#3353=CARTESIAN_POINT('',(0.0383056182138373,0.0165242706095246,-0.01651));
#3354=CARTESIAN_POINT('Origin',(-0.0398931182138373,-0.0165242706095246,
-0.01651));
#3355=CARTESIAN_POINT('',(-0.0414806182138373,-0.0165242706095246,-0.047625));
#3356=CARTESIAN_POINT('Origin',(-0.0398931182138373,-0.0165242706095246,
-0.047625));
#3357=CARTESIAN_POINT('',(-0.0414806182138373,-0.0165242706095246,-0.01651));
#3358=CARTESIAN_POINT('Origin',(-0.0398931182138373,-0.0165242706095246,
-0.009525));
#3359=CARTESIAN_POINT('',(-0.0462431182138374,-0.0165242706095246,-0.047625));
#3360=CARTESIAN_POINT('',(-0.0462431182138373,-0.0165242706095246,-0.009525));
#3361=CARTESIAN_POINT('Origin',(-0.0398931182138373,-0.0165242706095246,
-0.047625));
#3362=CARTESIAN_POINT('Origin',(0.0398931182138373,0.0165242706095246,-0.009525));
#3363=CARTESIAN_POINT('',(0.0335431182138373,0.0165242706095246,-0.047625));
#3364=CARTESIAN_POINT('',(0.0335431182138373,0.0165242706095246,-0.009525));
#3365=CARTESIAN_POINT('Origin',(0.0398931182138373,0.0165242706095246,-0.047625));
#3366=CARTESIAN_POINT('Origin',(0.,0.,-0.047625));
#3367=CARTESIAN_POINT('Origin',(0.,0.,-0.047625));
#3368=CARTESIAN_POINT('Origin',(-0.0398931182138373,0.0165242706095246,
0.005715));
#3369=CARTESIAN_POINT('',(-0.0398931182138373,0.0165242706095246,0.00652769403026572));
#3370=CARTESIAN_POINT('',(-0.0385405682138373,0.0165242706095246,0.005715));
#3371=CARTESIAN_POINT('',(-0.0385405682138373,0.0165242706095246,0.005715));
#3372=CARTESIAN_POINT('',(-0.0412456682138373,0.0165242706095246,0.005715));
#3373=CARTESIAN_POINT('Origin',(-0.0398931182138373,0.0165242706095246,
0.005715));
#3374=CARTESIAN_POINT('Origin',(-0.0398931182138373,0.0165242706095246,
0.005715));
#3375=CARTESIAN_POINT('Origin',(-0.0398931182138373,0.0165242706095246,
-3.29295319576493E-18));
#3376=CARTESIAN_POINT('',(-0.0412456682138373,0.0165242706095246,-3.29295319576493E-18));
#3377=CARTESIAN_POINT('',(0.,0.,0.));
#3378=CARTESIAN_POINT('Origin',(0.,3.40222188888124E-18,0.111125));
#3379=CARTESIAN_POINT('',(0.0555625,-3.40222188888124E-18,0.1016));
#3380=CARTESIAN_POINT('Origin',(0.,3.40222188888124E-18,0.1016));
#3381=CARTESIAN_POINT('',(0.0555625,3.40222188888124E-18,0.111125));
#3382=CARTESIAN_POINT('',(0.0555625,-3.40222188888124E-18,0.111125));
#3383=CARTESIAN_POINT('Origin',(0.,3.40222188888124E-18,0.111125));
#3384=CARTESIAN_POINT('Origin',(0.,0.,0.111125));
#3385=CARTESIAN_POINT('',(-0.0508,-3.11060286983427E-18,0.111125));
#3386=CARTESIAN_POINT('Origin',(0.,3.11060286983428E-18,0.111125));
#3387=CARTESIAN_POINT('Origin',(0.,0.,0.));
#3388=CARTESIAN_POINT('',(0.0619125,-1.13731417428316E-17,0.));
#3389=CARTESIAN_POINT('Origin',(0.,-3.79104724761052E-18,0.));
#3390=CARTESIAN_POINT('',(0.0183530706095246,0.0398931182138373,0.));
#3391=CARTESIAN_POINT('Origin',(0.0165242706095246,0.0398931182138373,0.));
#3392=CARTESIAN_POINT('',(0.0417219182138373,-0.0165242706095246,0.));
#3393=CARTESIAN_POINT('Origin',(0.0398931182138373,-0.0165242706095246,
0.));
#3394=CARTESIAN_POINT('',(-0.0146954706095246,-0.0398931182138373,0.));
#3395=CARTESIAN_POINT('Origin',(-0.0165242706095246,-0.0398931182138373,
0.));
#3396=CARTESIAN_POINT('',(-0.0380643182138373,0.0165242706095246,0.));
#3397=CARTESIAN_POINT('Origin',(-0.0398931182138373,0.0165242706095246,
0.));
#3398=CARTESIAN_POINT('',(0.0462431182138374,0.0165242706095246,0.));
#3399=CARTESIAN_POINT('Origin',(0.0398931182138374,0.0165242706095246,0.));
#3400=CARTESIAN_POINT('',(-0.0335431182138373,-0.0165242706095246,0.));
#3401=CARTESIAN_POINT('Origin',(-0.0398931182138373,-0.0165242706095246,
0.));
#3402=CARTESIAN_POINT('',(-0.0307975,-1.88580298983703E-18,0.));
#3403=CARTESIAN_POINT('Origin',(0.,1.88580298983703E-18,0.));
#3404=CARTESIAN_POINT('Origin',(0.,2.17742200888399E-18,0.003175));
#3405=CARTESIAN_POINT('',(-0.03556,-2.177422008884E-18,0.111125));
#3406=CARTESIAN_POINT('Origin',(0.,2.17742200888399E-18,0.111125));
#3407=CARTESIAN_POINT('',(-0.03556,-2.177422008884E-18,0.003175));
#3408=CARTESIAN_POINT('',(-0.03556,-2.177422008884E-18,0.003175));
#3409=CARTESIAN_POINT('Origin',(0.,2.17742200888399E-18,0.003175));
#3410=CARTESIAN_POINT('Origin',(0.,3.11060286983428E-18,0.003175));
#3411=CARTESIAN_POINT('',(-0.0508,-3.11060286983427E-18,0.003175));
#3412=CARTESIAN_POINT('Origin',(0.,3.11060286983428E-18,0.003175));
#3413=CARTESIAN_POINT('',(-0.0508,-3.11060286983427E-18,0.003175));
#3414=CARTESIAN_POINT('Origin',(0.,0.,0.003175));
#3415=CARTESIAN_POINT('',(0.0183530706095246,0.0398931182138373,0.003175));
#3416=CARTESIAN_POINT('Origin',(0.0165242706095246,0.0398931182138373,0.003175));
#3417=CARTESIAN_POINT('',(0.0417219182138373,-0.0165242706095246,0.003175));
#3418=CARTESIAN_POINT('Origin',(0.0398931182138373,-0.0165242706095246,
0.003175));
#3419=CARTESIAN_POINT('',(-0.0146954706095246,-0.0398931182138373,0.003175));
#3420=CARTESIAN_POINT('Origin',(-0.0165242706095246,-0.0398931182138373,
0.003175));
#3421=CARTESIAN_POINT('',(-0.0380643182138373,0.0165242706095246,0.003175));
#3422=CARTESIAN_POINT('Origin',(-0.0398931182138373,0.0165242706095246,
0.003175));
#3423=CARTESIAN_POINT('',(0.0462431182138374,0.0165242706095246,0.003175));
#3424=CARTESIAN_POINT('Origin',(0.0398931182138374,0.0165242706095246,0.003175));
#3425=CARTESIAN_POINT('',(-0.0335431182138373,-0.0165242706095246,0.003175));
#3426=CARTESIAN_POINT('Origin',(-0.0398931182138373,-0.0165242706095246,
0.003175));
#3427=CARTESIAN_POINT('Origin',(0.,0.,0.111125));
#3428=CARTESIAN_POINT('',(-0.0307975,-1.88580298983703E-18,0.111125));
#3429=CARTESIAN_POINT('Origin',(0.,1.88580298983703E-18,0.111125));
#3430=CARTESIAN_POINT('Origin',(0.,1.88580298983703E-18,0.003175));
#3431=CARTESIAN_POINT('',(-0.0307975,-1.88580298983703E-18,0.003175));
#3432=CARTESIAN_POINT('Origin',(0.,-3.79104724761052E-18,0.1016));
#3433=CARTESIAN_POINT('',(0.0619125,-1.13731417428316E-17,0.1016));
#3434=CARTESIAN_POINT('',(0.0619125,-1.13731417428316E-17,0.1016));
#3435=CARTESIAN_POINT('Origin',(0.,-3.79104724761052E-18,0.1016));
#3436=CARTESIAN_POINT('Origin',(0.,0.,0.1016));
#3437=CARTESIAN_POINT('Origin',(-0.0398931182138373,-0.0165242706095246,
0.025908));
#3438=CARTESIAN_POINT('',(-0.0335431182138373,-0.0165242706095246,0.025908));
#3439=CARTESIAN_POINT('Origin',(0.0398931182138374,0.0165242706095246,0.025908));
#3440=CARTESIAN_POINT('',(0.0462431182138374,0.0165242706095246,0.025908));
#3441=CARTESIAN_POINT('Origin',(-0.0398931182138373,0.0165242706095246,
0.003175));
#3442=CARTESIAN_POINT('',(-0.0380643182138373,0.0165242706095246,0.003175));
#3443=CARTESIAN_POINT('Origin',(-0.0165242706095246,-0.0398931182138373,
0.003175));
#3444=CARTESIAN_POINT('',(-0.0146954706095246,-0.0398931182138373,0.003175));
#3445=CARTESIAN_POINT('Origin',(0.0398931182138373,-0.0165242706095246,
0.003175));
#3446=CARTESIAN_POINT('',(0.0417219182138373,-0.0165242706095246,0.003175));
#3447=CARTESIAN_POINT('Origin',(0.0165242706095246,0.0398931182138373,0.003175));
#3448=CARTESIAN_POINT('',(0.0183530706095246,0.0398931182138373,0.003175));
#3449=CARTESIAN_POINT('',(0.,0.,0.));
#3450=CARTESIAN_POINT('Origin',(-4.16333634234433E-17,-0.009525,0.09525));
#3451=CARTESIAN_POINT('',(0.06985,0.,0.09525));
#3452=CARTESIAN_POINT('',(-0.06985,0.,0.09525));
#3453=CARTESIAN_POINT('',(-4.16333634234433E-17,0.,0.09525));
#3454=CARTESIAN_POINT('',(-0.06985,-0.009525,0.09525));
#3455=CARTESIAN_POINT('',(-0.06985,-0.009525,0.09525));
#3456=CARTESIAN_POINT('',(0.06985,-0.009525,0.09525));
#3457=CARTESIAN_POINT('',(-4.16333634234433E-17,-0.009525,0.09525));
#3458=CARTESIAN_POINT('',(0.06985,-0.009525,0.09525));
#3459=CARTESIAN_POINT('Origin',(-0.08255,-0.009525,0.08255));
#3460=CARTESIAN_POINT('',(-0.09525,0.,0.06985));
#3461=CARTESIAN_POINT('',(-0.08255,0.,0.08255));
#3462=CARTESIAN_POINT('',(-0.09525,-0.009525,0.06985));
#3463=CARTESIAN_POINT('',(-0.09525,-0.009525,0.06985));
#3464=CARTESIAN_POINT('',(-0.08255,-0.009525,0.08255));
#3465=CARTESIAN_POINT('Origin',(-0.09525,-0.009525,0.));
#3466=CARTESIAN_POINT('',(-0.09525,0.,-0.06985));
#3467=CARTESIAN_POINT('',(-0.09525,0.,0.));
#3468=CARTESIAN_POINT('',(-0.09525,-0.009525,-0.06985));
#3469=CARTESIAN_POINT('',(-0.09525,-0.009525,-0.06985));
#3470=CARTESIAN_POINT('',(-0.09525,-0.009525,0.));
#3471=CARTESIAN_POINT('Origin',(-0.08255,-0.009525,-0.08255));
#3472=CARTESIAN_POINT('',(-0.06985,0.,-0.09525));
#3473=CARTESIAN_POINT('',(-0.08255,0.,-0.08255));
#3474=CARTESIAN_POINT('',(-0.06985,-0.009525,-0.09525));
#3475=CARTESIAN_POINT('',(-0.06985,-0.009525,-0.09525));
#3476=CARTESIAN_POINT('',(-0.08255,-0.009525,-0.08255));
#3477=CARTESIAN_POINT('Origin',(2.77555756156289E-17,-0.009525,-0.09525));
#3478=CARTESIAN_POINT('',(0.06985,0.,-0.09525));
#3479=CARTESIAN_POINT('',(2.77555756156289E-17,0.,-0.09525));
#3480=CARTESIAN_POINT('',(0.06985,-0.009525,-0.09525));
#3481=CARTESIAN_POINT('',(0.06985,-0.009525,-0.09525));
#3482=CARTESIAN_POINT('',(2.77555756156289E-17,-0.009525,-0.09525));
#3483=CARTESIAN_POINT('Origin',(0.08255,-0.009525,-0.08255));
#3484=CARTESIAN_POINT('',(0.09525,0.,-0.06985));
#3485=CARTESIAN_POINT('',(0.08255,0.,-0.08255));
#3486=CARTESIAN_POINT('',(0.09525,-0.009525,-0.06985));
#3487=CARTESIAN_POINT('',(0.09525,-0.009525,-0.06985));
#3488=CARTESIAN_POINT('',(0.08255,-0.009525,-0.08255));
#3489=CARTESIAN_POINT('Origin',(0.09525,-0.009525,1.38777878078145E-17));
#3490=CARTESIAN_POINT('',(0.09525,0.,0.06985));
#3491=CARTESIAN_POINT('',(0.09525,0.,1.38777878078145E-17));
#3492=CARTESIAN_POINT('',(0.09525,-0.009525,0.06985));
#3493=CARTESIAN_POINT('',(0.09525,-0.009525,0.06985));
#3494=CARTESIAN_POINT('',(0.09525,-0.009525,1.38777878078145E-17));
#3495=CARTESIAN_POINT('Origin',(-0.0635,-0.009525,0.0635));
#3496=CARTESIAN_POINT('',(-0.0635,-0.009525,0.0599313));
#3497=CARTESIAN_POINT('Origin',(-0.0635,-0.009525,0.0635));
#3498=CARTESIAN_POINT('',(-0.0635,0.,0.0599313));
#3499=CARTESIAN_POINT('',(-0.0635,-0.009525,0.0599313));
#3500=CARTESIAN_POINT('Origin',(-0.0635,0.,0.0635));
#3501=CARTESIAN_POINT('Origin',(0.0635,-0.009525,0.0635));
#3502=CARTESIAN_POINT('',(0.0635,-0.009525,0.0599313));
#3503=CARTESIAN_POINT('Origin',(0.0635,-0.009525,0.0635));
#3504=CARTESIAN_POINT('',(0.0635,0.,0.0599313));
#3505=CARTESIAN_POINT('',(0.0635,-0.009525,0.0599313));
#3506=CARTESIAN_POINT('Origin',(0.0635,0.,0.0635));
#3507=CARTESIAN_POINT('Origin',(0.0635,-0.009525,-0.0635));
#3508=CARTESIAN_POINT('',(0.0635,-0.009525,-0.0670687));
#3509=CARTESIAN_POINT('Origin',(0.0635,-0.009525,-0.0635));
#3510=CARTESIAN_POINT('',(0.0635,0.,-0.0670687));
#3511=CARTESIAN_POINT('',(0.0635,-0.009525,-0.0670687));
#3512=CARTESIAN_POINT('Origin',(0.0635,0.,-0.0635));
#3513=CARTESIAN_POINT('Origin',(-0.0635,-0.009525,-0.0635));
#3514=CARTESIAN_POINT('',(-0.0635,-0.009525,-0.0670687));
#3515=CARTESIAN_POINT('Origin',(-0.0635,-0.009525,-0.0635));
#3516=CARTESIAN_POINT('',(-0.0635,0.,-0.0670687));
#3517=CARTESIAN_POINT('',(-0.0635,-0.009525,-0.0670687));
#3518=CARTESIAN_POINT('Origin',(-0.0635,0.,-0.0635));
#3519=CARTESIAN_POINT('Origin',(0.,-0.009525,2.18519851605858E-19));
#3520=CARTESIAN_POINT('',(0.,-0.009525,-0.0035687));
#3521=CARTESIAN_POINT('Origin',(0.,-0.009525,2.18519851605858E-19));
#3522=CARTESIAN_POINT('',(0.,0.,-0.0035687));
#3523=CARTESIAN_POINT('',(-4.37039703211716E-19,-0.009525,-0.0035687));
#3524=CARTESIAN_POINT('Origin',(0.,0.,2.18519851605858E-19));
#3525=CARTESIAN_POINT('Origin',(0.08255,-0.009525,0.08255));
#3526=CARTESIAN_POINT('',(0.08255,0.,0.08255));
#3527=CARTESIAN_POINT('',(0.08255,-0.009525,0.08255));
#3528=CARTESIAN_POINT('Origin',(0.,-0.009525,0.));
#3529=CARTESIAN_POINT('',(0.0398931182138373,-0.009525,-0.0244617706095246));
#3530=CARTESIAN_POINT('Origin',(0.0398931182138373,-0.009525,-0.0165242706095246));
#3531=CARTESIAN_POINT('',(-0.0398931182138373,-0.009525,0.0085867706095246));
#3532=CARTESIAN_POINT('Origin',(-0.0398931182138373,-0.009525,0.0165242706095246));
#3533=CARTESIAN_POINT('',(-0.0165242706095246,-0.009525,-0.0478306182138373));
#3534=CARTESIAN_POINT('Origin',(-0.0165242706095246,-0.009525,-0.0398931182138373));
#3535=CARTESIAN_POINT('',(0.0165242706095246,-0.009525,0.0319556182138373));
#3536=CARTESIAN_POINT('Origin',(0.0165242706095246,-0.009525,0.0398931182138373));
#3537=CARTESIAN_POINT('',(0.0398931182138373,-0.009525,0.00699927060952455));
#3538=CARTESIAN_POINT('Origin',(0.0398931182138373,-0.009525,0.0165242706095246));
#3539=CARTESIAN_POINT('',(-0.0398931182138373,-0.009525,-0.0260492706095246));
#3540=CARTESIAN_POINT('Origin',(-0.0398931182138373,-0.009525,-0.0165242706095246));
#3541=CARTESIAN_POINT('',(-0.0134703841816037,-0.009525,0.0150578841816037));
#3542=CARTESIAN_POINT('Origin',(-0.0134703841816037,-0.009525,0.0134703841816037));
#3543=CARTESIAN_POINT('',(0.0134703841816037,-0.009525,-0.0118828841816037));
#3544=CARTESIAN_POINT('Origin',(0.0134703841816037,-0.009525,-0.0134703841816037));
#3545=CARTESIAN_POINT('Origin',(0.,0.,0.));
#3546=CARTESIAN_POINT('',(0.0398931182138373,1.11022302462516E-18,-0.0244617706095246));
#3547=CARTESIAN_POINT('Origin',(0.0398931182138373,0.,-0.0165242706095246));
#3548=CARTESIAN_POINT('',(-0.0398931182138373,1.11022302462516E-18,0.0085867706095246));
#3549=CARTESIAN_POINT('Origin',(-0.0398931182138373,0.,0.0165242706095246));
#3550=CARTESIAN_POINT('',(-0.0165242706095246,1.11022302462516E-18,-0.0478306182138373));
#3551=CARTESIAN_POINT('Origin',(-0.0165242706095246,0.,-0.0398931182138373));
#3552=CARTESIAN_POINT('',(0.0165242706095246,1.11022302462516E-18,0.0319556182138373));
#3553=CARTESIAN_POINT('Origin',(0.0165242706095246,0.,0.0398931182138373));
#3554=CARTESIAN_POINT('',(0.0398931182138373,0.,0.0069992706095246));
#3555=CARTESIAN_POINT('Origin',(0.0398931182138373,0.,0.0165242706095246));
#3556=CARTESIAN_POINT('',(-0.0398931182138373,0.,-0.0260492706095246));
#3557=CARTESIAN_POINT('Origin',(-0.0398931182138373,0.,-0.0165242706095246));
#3558=CARTESIAN_POINT('',(-0.0134703841816037,4.44089209850063E-18,0.0150578841816037));
#3559=CARTESIAN_POINT('Origin',(-0.0134703841816037,0.,0.0134703841816037));
#3560=CARTESIAN_POINT('',(0.0134703841816037,4.44089209850063E-18,-0.0118828841816037));
#3561=CARTESIAN_POINT('Origin',(0.0134703841816037,0.,-0.0134703841816037));
#3562=CARTESIAN_POINT('Origin',(0.0134703841816037,0.038481,-0.0134703841816037));
#3563=CARTESIAN_POINT('',(0.0134703841816037,0.038481,-0.0118828841816037));
#3564=CARTESIAN_POINT('Origin',(-0.0134703841816037,0.038481,0.0134703841816037));
#3565=CARTESIAN_POINT('',(-0.0134703841816037,0.038481,0.0150578841816037));
#3566=CARTESIAN_POINT('Origin',(-0.0398931182138373,-0.021336,-0.0165242706095246));
#3567=CARTESIAN_POINT('',(-0.0398931182138373,-0.021336,-0.0260492706095246));
#3568=CARTESIAN_POINT('Origin',(0.0398931182138373,-0.021336,0.0165242706095246));
#3569=CARTESIAN_POINT('',(0.0398931182138373,-0.021336,0.0069992706095246));
#3570=CARTESIAN_POINT('Origin',(0.0165242706095246,-0.009525,0.0398931182138373));
#3571=CARTESIAN_POINT('',(0.0165242706095246,-0.009525,0.0319556182138373));
#3572=CARTESIAN_POINT('Origin',(-0.0165242706095246,-0.009525,-0.0398931182138373));
#3573=CARTESIAN_POINT('',(-0.0165242706095246,-0.009525,-0.0478306182138373));
#3574=CARTESIAN_POINT('Origin',(-0.0398931182138373,-0.009525,0.0165242706095246));
#3575=CARTESIAN_POINT('',(-0.0398931182138373,-0.009525,0.0085867706095246));
#3576=CARTESIAN_POINT('Origin',(0.0398931182138373,-0.009525,-0.0165242706095246));
#3577=CARTESIAN_POINT('',(0.0398931182138373,-0.009525,-0.0244617706095246));
#3578=CARTESIAN_POINT('',(0.,0.,0.));
#3579=CARTESIAN_POINT('Origin',(0.,9.72063396823212E-19,0.1016));
#3580=CARTESIAN_POINT('',(0.015875,9.72063396823212E-19,0.));
#3581=CARTESIAN_POINT('Origin',(0.,9.72063396823212E-19,0.));
#3582=CARTESIAN_POINT('',(0.015875,9.72063396823212E-19,0.1016));
#3583=CARTESIAN_POINT('',(0.015875,-9.72063396823211E-19,0.1016));
#3584=CARTESIAN_POINT('Origin',(0.,9.72063396823212E-19,0.1016));
#3585=CARTESIAN_POINT('Origin',(0.,0.,0.1016));
#3586=CARTESIAN_POINT('',(0.0025527,8.53860487769505E-19,0.1016));
#3587=CARTESIAN_POINT('Origin',(0.,1.16647607618785E-18,0.1016));
#3588=CARTESIAN_POINT('Origin',(0.,0.,0.));
#3589=CARTESIAN_POINT('',(-0.0025527,-3.12615588418345E-19,0.));
#3590=CARTESIAN_POINT('Origin',(0.,0.,0.));
#3591=CARTESIAN_POINT('Origin',(0.,1.16647607618785E-18,0.0935999906));
#3592=CARTESIAN_POINT('',(0.,1.16647607618785E-18,0.0920661736978084));
#3593=CARTESIAN_POINT('',(-0.0025527,1.16647607618785E-18,0.0935999906));
#3594=CARTESIAN_POINT('',(-0.0025527,8.53860487769505E-19,0.0935999906));
#3595=CARTESIAN_POINT('',(0.0025527,8.53860487769505E-19,0.0935999906));
#3596=CARTESIAN_POINT('Origin',(0.,1.16647607618785E-18,0.0935999906));
#3597=CARTESIAN_POINT('Origin',(0.,1.16647607618785E-18,0.0935999906));
#3598=CARTESIAN_POINT('Origin',(0.,1.16647607618785E-18,0.1016));
#3599=CARTESIAN_POINT('',(0.0025527,8.53860487769505E-19,0.1016));
#3600=CARTESIAN_POINT('Origin',(0.,0.,0.0080000094));
#3601=CARTESIAN_POINT('',(0.,0.,0.00953382630219165));
#3602=CARTESIAN_POINT('',(0.0025527,0.,0.0080000094));
#3603=CARTESIAN_POINT('',(0.0025527,-3.12615588418345E-19,0.0080000094));
#3604=CARTESIAN_POINT('',(-0.0025527,-3.12615588418345E-19,0.0080000094));
#3605=CARTESIAN_POINT('Origin',(0.,0.,0.0080000094));
#3606=CARTESIAN_POINT('Origin',(0.,0.,0.0080000094));
#3607=CARTESIAN_POINT('Origin',(0.,0.,0.));
#3608=CARTESIAN_POINT('',(-0.0025527,-3.12615588418345E-19,0.));
#3609=CARTESIAN_POINT('',(0.00196649304032328,0.0798566981732845,0.0770308774188161));
#3610=CARTESIAN_POINT('',(-0.0615335069596768,0.0798566981732845,0.0135308774188161));
#3611=CARTESIAN_POINT('',(-0.0615335069596767,-0.0217433018267154,0.0135308774188161));
#3612=CARTESIAN_POINT('',(-0.0615926647537434,0.0766816981732846,0.0135553813794385));
#3613=CARTESIAN_POINT('',(-0.0615926647537434,0.0798566981732845,0.0135553813794386));
#3614=CARTESIAN_POINT('',(-0.0615335069596767,0.0893816981732846,0.0135308774188161));
#3615=CARTESIAN_POINT('',(-0.125033506959677,-0.0217433018267154,0.0770308774188161));
#3616=CARTESIAN_POINT('',(-0.125033506959677,-0.0217433018267154,-0.0499691225811839));
#3617=CARTESIAN_POINT('',(0.00196649304032332,0.0798566981732845,-0.0499691225811839));
#3618=UNCERTAINTY_MEASURE_WITH_UNIT(LENGTH_MEASURE(1.E-5),#3634,
'DISTANCE_ACCURACY_VALUE',
'Maximum model space distance between geometric entities at asserted c
onnectivities');
#3619=UNCERTAINTY_MEASURE_WITH_UNIT(LENGTH_MEASURE(1.E-5),#3634,
'DISTANCE_ACCURACY_VALUE',
'Maximum model space distance between geometric entities at asserted c
onnectivities');
#3620=UNCERTAINTY_MEASURE_WITH_UNIT(LENGTH_MEASURE(1.E-5),#3634,
'DISTANCE_ACCURACY_VALUE',
'Maximum model space distance between geometric entities at asserted c
onnectivities');
#3621=UNCERTAINTY_MEASURE_WITH_UNIT(LENGTH_MEASURE(1.E-5),#3634,
'DISTANCE_ACCURACY_VALUE',
'Maximum model space distance between geometric entities at asserted c
onnectivities');
#3622=UNCERTAINTY_MEASURE_WITH_UNIT(LENGTH_MEASURE(1.E-5),#3634,
'DISTANCE_ACCURACY_VALUE',
'Maximum model space distance between geometric entities at asserted c
onnectivities');
#3623=UNCERTAINTY_MEASURE_WITH_UNIT(LENGTH_MEASURE(1.E-5),#3634,
'DISTANCE_ACCURACY_VALUE',
'Maximum model space distance between geometric entities at asserted c
onnectivities');
#3624=UNCERTAINTY_MEASURE_WITH_UNIT(LENGTH_MEASURE(1.E-5),#3634,
'DISTANCE_ACCURACY_VALUE',
'Maximum model space distance between geometric entities at asserted c
onnectivities');
#3625=UNCERTAINTY_MEASURE_WITH_UNIT(LENGTH_MEASURE(1.E-5),#3634,
'DISTANCE_ACCURACY_VALUE',
'Maximum model space distance between geometric entities at asserted c
onnectivities');
#3626=(
GEOMETRIC_REPRESENTATION_CONTEXT(3)
GLOBAL_UNCERTAINTY_ASSIGNED_CONTEXT((#3618))
GLOBAL_UNIT_ASSIGNED_CONTEXT((#3634,#3635,#3636))
REPRESENTATION_CONTEXT('','3D')
);
#3627=(
GEOMETRIC_REPRESENTATION_CONTEXT(3)
GLOBAL_UNCERTAINTY_ASSIGNED_CONTEXT((#3619))
GLOBAL_UNIT_ASSIGNED_CONTEXT((#3634,#3635,#3636))
REPRESENTATION_CONTEXT('','3D')
);
#3628=(
GEOMETRIC_REPRESENTATION_CONTEXT(3)
GLOBAL_UNCERTAINTY_ASSIGNED_CONTEXT((#3620))
GLOBAL_UNIT_ASSIGNED_CONTEXT((#3634,#3635,#3636))
REPRESENTATION_CONTEXT('','3D')
);
#3629=(
GEOMETRIC_REPRESENTATION_CONTEXT(3)
GLOBAL_UNCERTAINTY_ASSIGNED_CONTEXT((#3621))
GLOBAL_UNIT_ASSIGNED_CONTEXT((#3634,#3635,#3636))
REPRESENTATION_CONTEXT('','3D')
);
#3630=(
GEOMETRIC_REPRESENTATION_CONTEXT(3)
GLOBAL_UNCERTAINTY_ASSIGNED_CONTEXT((#3622))
GLOBAL_UNIT_ASSIGNED_CONTEXT((#3634,#3635,#3636))
REPRESENTATION_CONTEXT('','3D')
);
#3631=(
GEOMETRIC_REPRESENTATION_CONTEXT(3)
GLOBAL_UNCERTAINTY_ASSIGNED_CONTEXT((#3623))
GLOBAL_UNIT_ASSIGNED_CONTEXT((#3634,#3635,#3636))
REPRESENTATION_CONTEXT('','3D')
);
#3632=(
GEOMETRIC_REPRESENTATION_CONTEXT(3)
GLOBAL_UNCERTAINTY_ASSIGNED_CONTEXT((#3624))
GLOBAL_UNIT_ASSIGNED_CONTEXT((#3634,#3635,#3636))
REPRESENTATION_CONTEXT('','3D')
);
#3633=(
GEOMETRIC_REPRESENTATION_CONTEXT(3)
GLOBAL_UNCERTAINTY_ASSIGNED_CONTEXT((#3625))
GLOBAL_UNIT_ASSIGNED_CONTEXT((#3634,#3635,#3636))
REPRESENTATION_CONTEXT('','3D')
);
#3634=(
LENGTH_UNIT()
NAMED_UNIT(*)
SI_UNIT($,.METRE.)
);
#3635=(
NAMED_UNIT(*)
PLANE_ANGLE_UNIT()
SI_UNIT($,.RADIAN.)
);
#3636=(
NAMED_UNIT(*)
SI_UNIT($,.STERADIAN.)
SOLID_ANGLE_UNIT()
);
#3637=SHAPE_DEFINITION_REPRESENTATION(#3644,#3660);
#3638=SHAPE_DEFINITION_REPRESENTATION(#3645,#3661);
#3639=SHAPE_DEFINITION_REPRESENTATION(#3646,#3662);
#3640=SHAPE_DEFINITION_REPRESENTATION(#3647,#3663);
#3641=SHAPE_DEFINITION_REPRESENTATION(#3648,#3664);
#3642=SHAPE_DEFINITION_REPRESENTATION(#3649,#3665);
#3643=SHAPE_DEFINITION_REPRESENTATION(#3650,#3666);
#3644=PRODUCT_DEFINITION_SHAPE('',$,#3668);
#3645=PRODUCT_DEFINITION_SHAPE('',$,#3669);
#3646=PRODUCT_DEFINITION_SHAPE('',$,#3670);
#3647=PRODUCT_DEFINITION_SHAPE('',$,#3671);
#3648=PRODUCT_DEFINITION_SHAPE('',$,#3672);
#3649=PRODUCT_DEFINITION_SHAPE('',$,#3673);
#3650=PRODUCT_DEFINITION_SHAPE('',$,#3674);
#3651=PRODUCT_DEFINITION_SHAPE($,$,#38);
#3652=PRODUCT_DEFINITION_SHAPE($,$,#39);
#3653=PRODUCT_DEFINITION_SHAPE($,$,#40);
#3654=PRODUCT_DEFINITION_SHAPE($,$,#41);
#3655=PRODUCT_DEFINITION_SHAPE($,$,#42);
#3656=PRODUCT_DEFINITION_SHAPE($,$,#43);
#3657=PRODUCT_DEFINITION_SHAPE($,$,#44);
#3658=PRODUCT_DEFINITION_SHAPE($,$,#45);
#3659=PRODUCT_DEFINITION_SHAPE($,$,#46);
#3660=SHAPE_REPRESENTATION('',(#2086,#2361,#2362,#2363,#2364,#2365,#2366,
#2367,#2368,#2369),#3626);
#3661=SHAPE_REPRESENTATION('',(#2087),#3627);
#3662=SHAPE_REPRESENTATION('',(#2102),#3628);
#3663=SHAPE_REPRESENTATION('',(#2128),#3629);
#3664=SHAPE_REPRESENTATION('',(#2256),#3630);
#3665=SHAPE_REPRESENTATION('',(#2295),#3631);
#3666=SHAPE_REPRESENTATION('',(#2345),#3632);
#3667=PRODUCT_DEFINITION_CONTEXT('part definition',#3690,'design');
#3668=PRODUCT_DEFINITION('BPL-700 Assembly','(Unsaved)',#3675,#3667);
#3669=PRODUCT_DEFINITION('Part 1','Part 1 (3)',#3676,#3667);
#3670=PRODUCT_DEFINITION('Part 1_1','Part 1 (4)',#3677,#3667);
#3671=PRODUCT_DEFINITION('Part 1_2','Part 1 (8)',#3678,#3667);
#3672=PRODUCT_DEFINITION('Part 1_3','Part 1 (5)',#3679,#3667);
#3673=PRODUCT_DEFINITION('Part 1_4','Part 1 (7)',#3680,#3667);
#3674=PRODUCT_DEFINITION('Part 1_5','Part 1 (2)',#3681,#3667);
#3675=PRODUCT_DEFINITION_FORMATION('',$,#3692);
#3676=PRODUCT_DEFINITION_FORMATION('',$,#3693);
#3677=PRODUCT_DEFINITION_FORMATION('',$,#3694);
#3678=PRODUCT_DEFINITION_FORMATION('',$,#3695);
#3679=PRODUCT_DEFINITION_FORMATION('',$,#3696);
#3680=PRODUCT_DEFINITION_FORMATION('',$,#3697);
#3681=PRODUCT_DEFINITION_FORMATION('',$,#3698);
#3682=PRODUCT_RELATED_PRODUCT_CATEGORY('(Unsaved)','(Unsaved)',(#3692));
#3683=PRODUCT_RELATED_PRODUCT_CATEGORY('Part 1 (3)','Part 1 (3)',(#3693));
#3684=PRODUCT_RELATED_PRODUCT_CATEGORY('Part 1 (4)','Part 1 (4)',(#3694));
#3685=PRODUCT_RELATED_PRODUCT_CATEGORY('Part 1 (8)','Part 1 (8)',(#3695));
#3686=PRODUCT_RELATED_PRODUCT_CATEGORY('Part 1 (5)','Part 1 (5)',(#3696));
#3687=PRODUCT_RELATED_PRODUCT_CATEGORY('Part 1 (7)','Part 1 (7)',(#3697));
#3688=PRODUCT_RELATED_PRODUCT_CATEGORY('Part 1 (2)','Part 1 (2)',(#3698));
#3689=APPLICATION_PROTOCOL_DEFINITION('international standard',
'automotive_design',2009,#3690);
#3690=APPLICATION_CONTEXT(
'Core Data for Automotive Mechanical Design Process');
#3691=PRODUCT_CONTEXT('part definition',#3690,'mechanical');
#3692=PRODUCT('BPL-700 Assembly','(Unsaved)','STEP AP242 Edition 2',(#3691));
#3693=PRODUCT('Part 1','Part 1 (3)','Part 1',(#3691));
#3694=PRODUCT('Part 1_1','Part 1 (4)','Part 1',(#3691));
#3695=PRODUCT('Part 1_2','Part 1 (8)','Part 1',(#3691));
#3696=PRODUCT('Part 1_3','Part 1 (5)','Part 1',(#3691));
#3697=PRODUCT('Part 1_4','Part 1 (7)','Part 1',(#3691));
#3698=PRODUCT('Part 1_5','Part 1 (2)','Part 1',(#3691));
#3699=PRESENTATION_STYLE_ASSIGNMENT((#3703));
#3700=PRESENTATION_STYLE_ASSIGNMENT((#3704));
#3701=PRESENTATION_STYLE_ASSIGNMENT((#3705));
#3702=PRESENTATION_STYLE_ASSIGNMENT((#3706));
#3703=SURFACE_STYLE_USAGE(.BOTH.,#3707);
#3704=SURFACE_STYLE_USAGE(.BOTH.,#3708);
#3705=SURFACE_STYLE_USAGE(.BOTH.,#3709);
#3706=SURFACE_STYLE_USAGE(.BOTH.,#3710);
#3707=SURFACE_SIDE_STYLE('',(#3711));
#3708=SURFACE_SIDE_STYLE('',(#3712));
#3709=SURFACE_SIDE_STYLE('',(#3713));
#3710=SURFACE_SIDE_STYLE('',(#3714));
#3711=SURFACE_STYLE_FILL_AREA(#3715);
#3712=SURFACE_STYLE_FILL_AREA(#3716);
#3713=SURFACE_STYLE_FILL_AREA(#3717);
#3714=SURFACE_STYLE_FILL_AREA(#3718);
#3715=FILL_AREA_STYLE('Steel - Satin',(#3719));
#3716=FILL_AREA_STYLE('Opaque(112,121,128)',(#3720));
#3717=FILL_AREA_STYLE('Opaque(179,179,179)',(#3721));
#3718=FILL_AREA_STYLE('Opaque(234,234,234)',(#3722));
#3719=FILL_AREA_STYLE_COLOUR('Steel - Satin',#3723);
#3720=FILL_AREA_STYLE_COLOUR('Opaque(112,121,128)',#3724);
#3721=FILL_AREA_STYLE_COLOUR('Opaque(179,179,179)',#3725);
#3722=FILL_AREA_STYLE_COLOUR('Opaque(234,234,234)',#3726);
#3723=COLOUR_RGB('Steel - Satin',0.627450980392157,0.627450980392157,0.627450980392157);
#3724=COLOUR_RGB('Opaque(112,121,128)',0.43921568627451,0.474509803921569,
0.501960784313725);
#3725=COLOUR_RGB('Opaque(179,179,179)',0.701960784313725,0.701960784313725,
0.701960784313725);
#3726=COLOUR_RGB('Opaque(234,234,234)',0.917647058823529,0.917647058823529,
0.917647058823529);
ENDSEC;
END-ISO-10303-21;
