ISO-10303-21;
HEADER;
/* Generated by software containing ST-Developer
 * from STEP Tools, Inc. (www.steptools.com) 
 */
/* OPTION: using custom renumber hook */

FILE_DESCRIPTION(
/* description */ ('STEP AP214',
'CAx-IF Rec.Pracs.---User Defined Attributes---1.5---2016-08-15'),
/* implementation_level */ '2;1');

FILE_NAME(
/* name */ '6a9cb0bcee29b1a944bf3ffa',
/* time_stamp */ '2026-09-06T00:15:57Z',
/* author */ (''),
/* organization */ (''),
/* preprocessor_version */ 'ST-DEVELOPER v20',
/* originating_system */ 'ONSHAPE BY PTC INC, 1.220',
/* authorisation */ '  ');

FILE_SCHEMA (('AUTOMOTIVE_DESIGN {1 0 10303 214 3 1 1}'));
ENDSEC;

DATA;
#10=PROPERTY_DEFINITION_REPRESENTATION(#14,#12);
#11=PROPERTY_DEFINITION_REPRESENTATION(#15,#13);
#12=REPRESENTATION('',(#16),#3068);
#13=REPRESENTATION('',(#17),#3068);
#14=PROPERTY_DEFINITION('pmi validation property','',#3085);
#15=PROPERTY_DEFINITION('pmi validation property','',#3085);
#16=VALUE_REPRESENTATION_ITEM('number of annotations',COUNT_MEASURE(0.));
#17=VALUE_REPRESENTATION_ITEM('number of views',COUNT_MEASURE(0.));
#18=LINE('',#2874,#66);
#19=LINE('',#2877,#67);
#20=LINE('',#2879,#68);
#21=LINE('',#2881,#69);
#22=LINE('',#2883,#70);
#23=LINE('',#2885,#71);
#24=LINE('',#2887,#72);
#25=LINE('',#2889,#73);
#26=LINE('',#2891,#74);
#27=LINE('',#2893,#75);
#28=LINE('',#2895,#76);
#29=LINE('',#2897,#77);
#30=LINE('',#2899,#78);
#31=LINE('',#2901,#79);
#32=LINE('',#2903,#80);
#33=LINE('',#2905,#81);
#34=LINE('',#2907,#82);
#35=LINE('',#2909,#83);
#36=LINE('',#2911,#84);
#37=LINE('',#2913,#85);
#38=LINE('',#2915,#86);
#39=LINE('',#2917,#87);
#40=LINE('',#2944,#88);
#41=LINE('',#2945,#89);
#42=LINE('',#2991,#90);
#43=LINE('',#2994,#91);
#44=LINE('',#2996,#92);
#45=LINE('',#2998,#93);
#46=LINE('',#3000,#94);
#47=LINE('',#3002,#95);
#48=LINE('',#3004,#96);
#49=LINE('',#3006,#97);
#50=LINE('',#3008,#98);
#51=LINE('',#3010,#99);
#52=LINE('',#3012,#100);
#53=LINE('',#3014,#101);
#54=LINE('',#3016,#102);
#55=LINE('',#3018,#103);
#56=LINE('',#3020,#104);
#57=LINE('',#3022,#105);
#58=LINE('',#3024,#106);
#59=LINE('',#3026,#107);
#60=LINE('',#3028,#108);
#61=LINE('',#3030,#109);
#62=LINE('',#3032,#110);
#63=LINE('',#3034,#111);
#64=LINE('',#3056,#112);
#65=LINE('',#3057,#113);
#66=VECTOR('',#2405,1.);
#67=VECTOR('',#2406,1.);
#68=VECTOR('',#2407,1.);
#69=VECTOR('',#2408,1.);
#70=VECTOR('',#2411,1.);
#71=VECTOR('',#2412,1.);
#72=VECTOR('',#2413,1.);
#73=VECTOR('',#2416,1.);
#74=VECTOR('',#2417,1.);
#75=VECTOR('',#2418,1.);
#76=VECTOR('',#2421,1.);
#77=VECTOR('',#2422,1.);
#78=VECTOR('',#2423,1.);
#79=VECTOR('',#2426,1.);
#80=VECTOR('',#2427,1.);
#81=VECTOR('',#2428,1.);
#82=VECTOR('',#2431,1.);
#83=VECTOR('',#2432,1.);
#84=VECTOR('',#2433,1.);
#85=VECTOR('',#2436,1.);
#86=VECTOR('',#2437,1.);
#87=VECTOR('',#2438,1.);
#88=VECTOR('',#2471,1.);
#89=VECTOR('',#2472,1.);
#90=VECTOR('',#2531,1.);
#91=VECTOR('',#2532,1.);
#92=VECTOR('',#2533,1.);
#93=VECTOR('',#2534,1.);
#94=VECTOR('',#2537,1.);
#95=VECTOR('',#2538,1.);
#96=VECTOR('',#2539,1.);
#97=VECTOR('',#2542,1.);
#98=VECTOR('',#2543,1.);
#99=VECTOR('',#2544,1.);
#100=VECTOR('',#2547,1.);
#101=VECTOR('',#2548,1.);
#102=VECTOR('',#2549,1.);
#103=VECTOR('',#2552,1.);
#104=VECTOR('',#2553,1.);
#105=VECTOR('',#2554,1.);
#106=VECTOR('',#2557,1.);
#107=VECTOR('',#2558,1.);
#108=VECTOR('',#2559,1.);
#109=VECTOR('',#2562,1.);
#110=VECTOR('',#2563,1.);
#111=VECTOR('',#2564,1.);
#112=VECTOR('',#2591,1.);
#113=VECTOR('',#2592,1.);
#114=CONTEXT_DEPENDENT_SHAPE_REPRESENTATION(#132,#3087);
#115=CONTEXT_DEPENDENT_SHAPE_REPRESENTATION(#133,#3088);
#116=CONTEXT_DEPENDENT_SHAPE_REPRESENTATION(#134,#3090);
#117=CONTEXT_DEPENDENT_SHAPE_REPRESENTATION(#135,#3092);
#118=CONTEXT_DEPENDENT_SHAPE_REPRESENTATION(#136,#3094);
#119=CONTEXT_DEPENDENT_SHAPE_REPRESENTATION(#137,#3096);
#120=CONTEXT_DEPENDENT_SHAPE_REPRESENTATION(#138,#3097);
#121=CONTEXT_DEPENDENT_SHAPE_REPRESENTATION(#139,#3099);
#122=CONTEXT_DEPENDENT_SHAPE_REPRESENTATION(#140,#3100);
#123=NEXT_ASSEMBLY_USAGE_OCCURRENCE('NAUO1','outer_solenoid:1__Body1',
'outer_solenoid:1__Body1',#3101,#3102,'');
#124=NEXT_ASSEMBLY_USAGE_OCCURRENCE('NAUO2','outer_solenoid:1__Body1',
'outer_solenoid:1__Body1',#3101,#3102,'');
#125=NEXT_ASSEMBLY_USAGE_OCCURRENCE('NAUO3','center_solenoid:1__Body1',
'center_solenoid:1__Body1',#3101,#3103,'');
#126=NEXT_ASSEMBLY_USAGE_OCCURRENCE('NAUO4','injector:1__Body1',
'injector:1__Body1',#3101,#3104,'');
#127=NEXT_ASSEMBLY_USAGE_OCCURRENCE('NAUO5','chamber:1__Body1',
'chamber:1__Body1',#3101,#3105,'');
#128=NEXT_ASSEMBLY_USAGE_OCCURRENCE('NAUO6','bottom_plate:1__Body1',
'bottom_plate:1__Body1',#3101,#3106,'');
#129=NEXT_ASSEMBLY_USAGE_OCCURRENCE('NAUO7','outer_solenoid:1__Body1',
'outer_solenoid:1__Body1',#3101,#3102,'');
#130=NEXT_ASSEMBLY_USAGE_OCCURRENCE('NAUO8','top_plate:1__Body1',
'top_plate:1__Body1',#3101,#3107,'');
#131=NEXT_ASSEMBLY_USAGE_OCCURRENCE('NAUO9','outer_solenoid:1__Body1',
'outer_solenoid:1__Body1',#3101,#3102,'');
#132=(
REPRESENTATION_RELATIONSHIP(' ',' ',#1782,#1781)
REPRESENTATION_RELATIONSHIP_WITH_TRANSFORMATION(#141)
SHAPE_REPRESENTATION_RELATIONSHIP()
);
#133=(
REPRESENTATION_RELATIONSHIP(' ',' ',#1782,#1781)
REPRESENTATION_RELATIONSHIP_WITH_TRANSFORMATION(#142)
SHAPE_REPRESENTATION_RELATIONSHIP()
);
#134=(
REPRESENTATION_RELATIONSHIP(' ',' ',#1783,#1781)
REPRESENTATION_RELATIONSHIP_WITH_TRANSFORMATION(#143)
SHAPE_REPRESENTATION_RELATIONSHIP()
);
#135=(
REPRESENTATION_RELATIONSHIP(' ',' ',#1784,#1781)
REPRESENTATION_RELATIONSHIP_WITH_TRANSFORMATION(#144)
SHAPE_REPRESENTATION_RELATIONSHIP()
);
#136=(
REPRESENTATION_RELATIONSHIP(' ',' ',#1785,#1781)
REPRESENTATION_RELATIONSHIP_WITH_TRANSFORMATION(#145)
SHAPE_REPRESENTATION_RELATIONSHIP()
);
#137=(
REPRESENTATION_RELATIONSHIP(' ',' ',#1786,#1781)
REPRESENTATION_RELATIONSHIP_WITH_TRANSFORMATION(#146)
SHAPE_REPRESENTATION_RELATIONSHIP()
);
#138=(
REPRESENTATION_RELATIONSHIP(' ',' ',#1782,#1781)
REPRESENTATION_RELATIONSHIP_WITH_TRANSFORMATION(#147)
SHAPE_REPRESENTATION_RELATIONSHIP()
);
#139=(
REPRESENTATION_RELATIONSHIP(' ',' ',#1787,#1781)
REPRESENTATION_RELATIONSHIP_WITH_TRANSFORMATION(#148)
SHAPE_REPRESENTATION_RELATIONSHIP()
);
#140=(
REPRESENTATION_RELATIONSHIP(' ',' ',#1782,#1781)
REPRESENTATION_RELATIONSHIP_WITH_TRANSFORMATION(#149)
SHAPE_REPRESENTATION_RELATIONSHIP()
);
#141=ITEM_DEFINED_TRANSFORMATION(' ',' ',#1788,#1802);
#142=ITEM_DEFINED_TRANSFORMATION(' ',' ',#1788,#1803);
#143=ITEM_DEFINED_TRANSFORMATION(' ',' ',#1788,#1817);
#144=ITEM_DEFINED_TRANSFORMATION(' ',' ',#1788,#1927);
#145=ITEM_DEFINED_TRANSFORMATION(' ',' ',#1788,#1966);
#146=ITEM_DEFINED_TRANSFORMATION(' ',' ',#1788,#2016);
#147=ITEM_DEFINED_TRANSFORMATION(' ',' ',#1788,#2017);
#148=ITEM_DEFINED_TRANSFORMATION(' ',' ',#1788,#2043);
#149=ITEM_DEFINED_TRANSFORMATION(' ',' ',#1788,#2044);
#150=SHAPE_REPRESENTATION_RELATIONSHIP('','',#1782,#156);
#151=SHAPE_REPRESENTATION_RELATIONSHIP('','',#1783,#157);
#152=SHAPE_REPRESENTATION_RELATIONSHIP('','',#1784,#158);
#153=SHAPE_REPRESENTATION_RELATIONSHIP('','',#1785,#159);
#154=SHAPE_REPRESENTATION_RELATIONSHIP('','',#1786,#160);
#155=SHAPE_REPRESENTATION_RELATIONSHIP('','',#1787,#161);
#156=ADVANCED_BREP_SHAPE_REPRESENTATION('',(#1768),#3069);
#157=ADVANCED_BREP_SHAPE_REPRESENTATION('',(#1769),#3070);
#158=ADVANCED_BREP_SHAPE_REPRESENTATION('',(#1770),#3071);
#159=ADVANCED_BREP_SHAPE_REPRESENTATION('',(#1771),#3072);
#160=ADVANCED_BREP_SHAPE_REPRESENTATION('',(#1772),#3073);
#161=ADVANCED_BREP_SHAPE_REPRESENTATION('',(#1773),#3074);
#162=VERTEX_LOOP('',#790);
#163=VERTEX_LOOP('',#792);
#164=VERTEX_LOOP('',#796);
#165=VERTEX_LOOP('',#801);
#166=VERTEX_LOOP('',#804);
#167=VERTEX_LOOP('',#807);
#168=VERTEX_LOOP('',#849);
#169=CONICAL_SURFACE('',#1796,0.0025527,1.02974425867666);
#170=CONICAL_SURFACE('',#1799,0.0025527,1.02974425867665);
#171=CONICAL_SURFACE('',#1807,0.0025527,1.02974425867665);
#172=CONICAL_SURFACE('',#1818,0.00135255,1.02974425867665);
#173=CONICAL_SURFACE('',#1822,0.00135255,1.02974425867665);
#174=CONICAL_SURFACE('',#1826,0.00135255,1.02974425867665);
#175=CONICAL_SURFACE('',#1924,0.00135255,1.02974425867665);
#176=PLANE('',#1792);
#177=PLANE('',#1794);
#178=PLANE('',#1804);
#179=PLANE('',#1812);
#180=PLANE('',#1814);
#181=PLANE('',#1830);
#182=PLANE('',#1835);
#183=PLANE('',#1840);
#184=PLANE('',#1845);
#185=PLANE('',#1850);
#186=PLANE('',#1855);
#187=PLANE('',#1860);
#188=PLANE('',#1865);
#189=PLANE('',#1870);
#190=PLANE('',#1875);
#191=PLANE('',#1882);
#192=PLANE('',#1906);
#193=PLANE('',#1913);
#194=PLANE('',#1922);
#195=PLANE('',#1923);
#196=PLANE('',#1931);
#197=PLANE('',#1933);
#198=PLANE('',#1947);
#199=PLANE('',#1954);
#200=PLANE('',#1959);
#201=PLANE('',#1967);
#202=PLANE('',#1968);
#203=PLANE('',#1969);
#204=PLANE('',#1970);
#205=PLANE('',#1971);
#206=PLANE('',#1972);
#207=PLANE('',#1973);
#208=PLANE('',#1989);
#209=PLANE('',#1990);
#210=PLANE('',#1999);
#211=PLANE('',#2018);
#212=PLANE('',#2019);
#213=PLANE('',#2020);
#214=PLANE('',#2021);
#215=PLANE('',#2022);
#216=PLANE('',#2023);
#217=PLANE('',#2024);
#218=PLANE('',#2037);
#219=PLANE('',#2038);
#220=PLANE('',#2040);
#221=ORIENTED_EDGE('',*,*,#597,.F.);
#222=ORIENTED_EDGE('',*,*,#598,.T.);
#223=ORIENTED_EDGE('',*,*,#597,.T.);
#224=ORIENTED_EDGE('',*,*,#599,.T.);
#225=ORIENTED_EDGE('',*,*,#598,.F.);
#226=ORIENTED_EDGE('',*,*,#600,.T.);
#227=ORIENTED_EDGE('',*,*,#601,.F.);
#228=ORIENTED_EDGE('',*,*,#601,.T.);
#229=ORIENTED_EDGE('',*,*,#599,.F.);
#230=ORIENTED_EDGE('',*,*,#602,.F.);
#231=ORIENTED_EDGE('',*,*,#602,.T.);
#232=ORIENTED_EDGE('',*,*,#600,.F.);
#233=ORIENTED_EDGE('',*,*,#603,.T.);
#234=ORIENTED_EDGE('',*,*,#604,.T.);
#235=ORIENTED_EDGE('',*,*,#605,.F.);
#236=ORIENTED_EDGE('',*,*,#605,.T.);
#237=ORIENTED_EDGE('',*,*,#604,.F.);
#238=ORIENTED_EDGE('',*,*,#606,.T.);
#239=ORIENTED_EDGE('',*,*,#603,.F.);
#240=ORIENTED_EDGE('',*,*,#607,.F.);
#241=ORIENTED_EDGE('',*,*,#606,.F.);
#242=ORIENTED_EDGE('',*,*,#608,.T.);
#243=ORIENTED_EDGE('',*,*,#608,.F.);
#244=ORIENTED_EDGE('',*,*,#607,.T.);
#245=ORIENTED_EDGE('',*,*,#609,.F.);
#246=ORIENTED_EDGE('',*,*,#609,.T.);
#247=ORIENTED_EDGE('',*,*,#610,.F.);
#248=ORIENTED_EDGE('',*,*,#611,.F.);
#249=ORIENTED_EDGE('',*,*,#611,.T.);
#250=ORIENTED_EDGE('',*,*,#612,.F.);
#251=ORIENTED_EDGE('',*,*,#613,.F.);
#252=ORIENTED_EDGE('',*,*,#613,.T.);
#253=ORIENTED_EDGE('',*,*,#614,.F.);
#254=ORIENTED_EDGE('',*,*,#615,.F.);
#255=ORIENTED_EDGE('',*,*,#616,.T.);
#256=ORIENTED_EDGE('',*,*,#617,.F.);
#257=ORIENTED_EDGE('',*,*,#618,.F.);
#258=ORIENTED_EDGE('',*,*,#610,.T.);
#259=ORIENTED_EDGE('',*,*,#612,.T.);
#260=ORIENTED_EDGE('',*,*,#619,.F.);
#261=ORIENTED_EDGE('',*,*,#620,.T.);
#262=ORIENTED_EDGE('',*,*,#621,.F.);
#263=ORIENTED_EDGE('',*,*,#622,.F.);
#264=ORIENTED_EDGE('',*,*,#623,.F.);
#265=ORIENTED_EDGE('',*,*,#624,.T.);
#266=ORIENTED_EDGE('',*,*,#625,.T.);
#267=ORIENTED_EDGE('',*,*,#626,.T.);
#268=ORIENTED_EDGE('',*,*,#627,.T.);
#269=ORIENTED_EDGE('',*,*,#628,.T.);
#270=ORIENTED_EDGE('',*,*,#629,.F.);
#271=ORIENTED_EDGE('',*,*,#630,.T.);
#272=ORIENTED_EDGE('',*,*,#631,.F.);
#273=ORIENTED_EDGE('',*,*,#632,.T.);
#274=ORIENTED_EDGE('',*,*,#633,.T.);
#275=ORIENTED_EDGE('',*,*,#634,.T.);
#276=ORIENTED_EDGE('',*,*,#635,.F.);
#277=ORIENTED_EDGE('',*,*,#636,.T.);
#278=ORIENTED_EDGE('',*,*,#637,.T.);
#279=ORIENTED_EDGE('',*,*,#638,.T.);
#280=ORIENTED_EDGE('',*,*,#639,.F.);
#281=ORIENTED_EDGE('',*,*,#640,.T.);
#282=ORIENTED_EDGE('',*,*,#641,.T.);
#283=ORIENTED_EDGE('',*,*,#642,.T.);
#284=ORIENTED_EDGE('',*,*,#643,.F.);
#285=ORIENTED_EDGE('',*,*,#644,.T.);
#286=ORIENTED_EDGE('',*,*,#645,.T.);
#287=ORIENTED_EDGE('',*,*,#646,.T.);
#288=ORIENTED_EDGE('',*,*,#647,.F.);
#289=ORIENTED_EDGE('',*,*,#648,.T.);
#290=ORIENTED_EDGE('',*,*,#649,.T.);
#291=ORIENTED_EDGE('',*,*,#650,.T.);
#292=ORIENTED_EDGE('',*,*,#651,.F.);
#293=ORIENTED_EDGE('',*,*,#652,.F.);
#294=ORIENTED_EDGE('',*,*,#653,.F.);
#295=ORIENTED_EDGE('',*,*,#654,.T.);
#296=ORIENTED_EDGE('',*,*,#622,.T.);
#297=ORIENTED_EDGE('',*,*,#652,.T.);
#298=ORIENTED_EDGE('',*,*,#625,.F.);
#299=ORIENTED_EDGE('',*,*,#627,.F.);
#300=ORIENTED_EDGE('',*,*,#649,.F.);
#301=ORIENTED_EDGE('',*,*,#645,.F.);
#302=ORIENTED_EDGE('',*,*,#655,.F.);
#303=ORIENTED_EDGE('',*,*,#641,.F.);
#304=ORIENTED_EDGE('',*,*,#637,.F.);
#305=ORIENTED_EDGE('',*,*,#633,.F.);
#306=ORIENTED_EDGE('',*,*,#656,.F.);
#307=ORIENTED_EDGE('',*,*,#657,.T.);
#308=ORIENTED_EDGE('',*,*,#655,.T.);
#309=ORIENTED_EDGE('',*,*,#658,.T.);
#310=ORIENTED_EDGE('',*,*,#639,.T.);
#311=ORIENTED_EDGE('',*,*,#656,.T.);
#312=ORIENTED_EDGE('',*,*,#643,.T.);
#313=ORIENTED_EDGE('',*,*,#647,.T.);
#314=ORIENTED_EDGE('',*,*,#629,.T.);
#315=ORIENTED_EDGE('',*,*,#623,.T.);
#316=ORIENTED_EDGE('',*,*,#631,.T.);
#317=ORIENTED_EDGE('',*,*,#635,.T.);
#318=ORIENTED_EDGE('',*,*,#654,.F.);
#319=ORIENTED_EDGE('',*,*,#620,.F.);
#320=ORIENTED_EDGE('',*,*,#659,.T.);
#321=ORIENTED_EDGE('',*,*,#650,.F.);
#322=ORIENTED_EDGE('',*,*,#630,.F.);
#323=ORIENTED_EDGE('',*,*,#660,.T.);
#324=ORIENTED_EDGE('',*,*,#646,.F.);
#325=ORIENTED_EDGE('',*,*,#648,.F.);
#326=ORIENTED_EDGE('',*,*,#661,.T.);
#327=ORIENTED_EDGE('',*,*,#658,.F.);
#328=ORIENTED_EDGE('',*,*,#644,.F.);
#329=ORIENTED_EDGE('',*,*,#662,.T.);
#330=ORIENTED_EDGE('',*,*,#657,.F.);
#331=ORIENTED_EDGE('',*,*,#642,.F.);
#332=ORIENTED_EDGE('',*,*,#663,.T.);
#333=ORIENTED_EDGE('',*,*,#640,.F.);
#334=ORIENTED_EDGE('',*,*,#638,.F.);
#335=ORIENTED_EDGE('',*,*,#664,.T.);
#336=ORIENTED_EDGE('',*,*,#636,.F.);
#337=ORIENTED_EDGE('',*,*,#634,.F.);
#338=ORIENTED_EDGE('',*,*,#665,.T.);
#339=ORIENTED_EDGE('',*,*,#632,.F.);
#340=ORIENTED_EDGE('',*,*,#626,.F.);
#341=ORIENTED_EDGE('',*,*,#666,.T.);
#342=ORIENTED_EDGE('',*,*,#628,.F.);
#343=ORIENTED_EDGE('',*,*,#624,.F.);
#344=ORIENTED_EDGE('',*,*,#667,.T.);
#345=ORIENTED_EDGE('',*,*,#616,.F.);
#346=ORIENTED_EDGE('',*,*,#668,.F.);
#347=ORIENTED_EDGE('',*,*,#669,.F.);
#348=ORIENTED_EDGE('',*,*,#670,.F.);
#349=ORIENTED_EDGE('',*,*,#671,.F.);
#350=ORIENTED_EDGE('',*,*,#668,.T.);
#351=ORIENTED_EDGE('',*,*,#614,.T.);
#352=ORIENTED_EDGE('',*,*,#672,.T.);
#353=ORIENTED_EDGE('',*,*,#670,.T.);
#354=ORIENTED_EDGE('',*,*,#618,.T.);
#355=ORIENTED_EDGE('',*,*,#673,.F.);
#356=ORIENTED_EDGE('',*,*,#667,.F.);
#357=ORIENTED_EDGE('',*,*,#666,.F.);
#358=ORIENTED_EDGE('',*,*,#665,.F.);
#359=ORIENTED_EDGE('',*,*,#664,.F.);
#360=ORIENTED_EDGE('',*,*,#663,.F.);
#361=ORIENTED_EDGE('',*,*,#662,.F.);
#362=ORIENTED_EDGE('',*,*,#661,.F.);
#363=ORIENTED_EDGE('',*,*,#660,.F.);
#364=ORIENTED_EDGE('',*,*,#659,.F.);
#365=ORIENTED_EDGE('',*,*,#673,.T.);
#366=ORIENTED_EDGE('',*,*,#653,.T.);
#367=ORIENTED_EDGE('',*,*,#621,.T.);
#368=ORIENTED_EDGE('',*,*,#674,.T.);
#369=ORIENTED_EDGE('',*,*,#619,.T.);
#370=ORIENTED_EDGE('',*,*,#651,.T.);
#371=ORIENTED_EDGE('',*,*,#675,.T.);
#372=ORIENTED_EDGE('',*,*,#676,.F.);
#373=ORIENTED_EDGE('',*,*,#617,.T.);
#374=ORIENTED_EDGE('',*,*,#671,.T.);
#375=ORIENTED_EDGE('',*,*,#677,.F.);
#376=ORIENTED_EDGE('',*,*,#615,.T.);
#377=ORIENTED_EDGE('',*,*,#669,.T.);
#378=ORIENTED_EDGE('',*,*,#677,.T.);
#379=ORIENTED_EDGE('',*,*,#674,.F.);
#380=ORIENTED_EDGE('',*,*,#676,.T.);
#381=ORIENTED_EDGE('',*,*,#675,.F.);
#382=ORIENTED_EDGE('',*,*,#678,.F.);
#383=ORIENTED_EDGE('',*,*,#678,.T.);
#384=ORIENTED_EDGE('',*,*,#672,.F.);
#385=ORIENTED_EDGE('',*,*,#679,.F.);
#386=ORIENTED_EDGE('',*,*,#680,.F.);
#387=ORIENTED_EDGE('',*,*,#679,.T.);
#388=ORIENTED_EDGE('',*,*,#681,.F.);
#389=ORIENTED_EDGE('',*,*,#682,.T.);
#390=ORIENTED_EDGE('',*,*,#683,.F.);
#391=ORIENTED_EDGE('',*,*,#684,.F.);
#392=ORIENTED_EDGE('',*,*,#685,.F.);
#393=ORIENTED_EDGE('',*,*,#686,.F.);
#394=ORIENTED_EDGE('',*,*,#687,.F.);
#395=ORIENTED_EDGE('',*,*,#688,.F.);
#396=ORIENTED_EDGE('',*,*,#689,.T.);
#397=ORIENTED_EDGE('',*,*,#690,.T.);
#398=ORIENTED_EDGE('',*,*,#691,.F.);
#399=ORIENTED_EDGE('',*,*,#681,.T.);
#400=ORIENTED_EDGE('',*,*,#692,.F.);
#401=ORIENTED_EDGE('',*,*,#692,.T.);
#402=ORIENTED_EDGE('',*,*,#693,.T.);
#403=ORIENTED_EDGE('',*,*,#694,.T.);
#404=ORIENTED_EDGE('',*,*,#695,.T.);
#405=ORIENTED_EDGE('',*,*,#696,.T.);
#406=ORIENTED_EDGE('',*,*,#697,.F.);
#407=ORIENTED_EDGE('',*,*,#698,.F.);
#408=ORIENTED_EDGE('',*,*,#690,.F.);
#409=ORIENTED_EDGE('',*,*,#691,.T.);
#410=ORIENTED_EDGE('',*,*,#699,.F.);
#411=ORIENTED_EDGE('',*,*,#699,.T.);
#412=ORIENTED_EDGE('',*,*,#689,.F.);
#413=ORIENTED_EDGE('',*,*,#700,.T.);
#414=ORIENTED_EDGE('',*,*,#682,.F.);
#415=ORIENTED_EDGE('',*,*,#700,.F.);
#416=ORIENTED_EDGE('',*,*,#680,.T.);
#417=ORIENTED_EDGE('',*,*,#688,.T.);
#418=ORIENTED_EDGE('',*,*,#698,.T.);
#419=ORIENTED_EDGE('',*,*,#687,.T.);
#420=ORIENTED_EDGE('',*,*,#697,.T.);
#421=ORIENTED_EDGE('',*,*,#686,.T.);
#422=ORIENTED_EDGE('',*,*,#696,.F.);
#423=ORIENTED_EDGE('',*,*,#685,.T.);
#424=ORIENTED_EDGE('',*,*,#695,.F.);
#425=ORIENTED_EDGE('',*,*,#684,.T.);
#426=ORIENTED_EDGE('',*,*,#694,.F.);
#427=ORIENTED_EDGE('',*,*,#683,.T.);
#428=ORIENTED_EDGE('',*,*,#693,.F.);
#429=ORIENTED_EDGE('',*,*,#701,.T.);
#430=ORIENTED_EDGE('',*,*,#702,.F.);
#431=ORIENTED_EDGE('',*,*,#703,.F.);
#432=ORIENTED_EDGE('',*,*,#704,.T.);
#433=ORIENTED_EDGE('',*,*,#705,.T.);
#434=ORIENTED_EDGE('',*,*,#706,.F.);
#435=ORIENTED_EDGE('',*,*,#707,.F.);
#436=ORIENTED_EDGE('',*,*,#702,.T.);
#437=ORIENTED_EDGE('',*,*,#708,.F.);
#438=ORIENTED_EDGE('',*,*,#709,.F.);
#439=ORIENTED_EDGE('',*,*,#710,.T.);
#440=ORIENTED_EDGE('',*,*,#706,.T.);
#441=ORIENTED_EDGE('',*,*,#711,.F.);
#442=ORIENTED_EDGE('',*,*,#712,.F.);
#443=ORIENTED_EDGE('',*,*,#713,.T.);
#444=ORIENTED_EDGE('',*,*,#709,.T.);
#445=ORIENTED_EDGE('',*,*,#714,.F.);
#446=ORIENTED_EDGE('',*,*,#715,.F.);
#447=ORIENTED_EDGE('',*,*,#716,.T.);
#448=ORIENTED_EDGE('',*,*,#712,.T.);
#449=ORIENTED_EDGE('',*,*,#717,.T.);
#450=ORIENTED_EDGE('',*,*,#718,.F.);
#451=ORIENTED_EDGE('',*,*,#719,.F.);
#452=ORIENTED_EDGE('',*,*,#715,.T.);
#453=ORIENTED_EDGE('',*,*,#720,.T.);
#454=ORIENTED_EDGE('',*,*,#721,.F.);
#455=ORIENTED_EDGE('',*,*,#722,.F.);
#456=ORIENTED_EDGE('',*,*,#718,.T.);
#457=ORIENTED_EDGE('',*,*,#723,.F.);
#458=ORIENTED_EDGE('',*,*,#724,.T.);
#459=ORIENTED_EDGE('',*,*,#725,.F.);
#460=ORIENTED_EDGE('',*,*,#726,.T.);
#461=ORIENTED_EDGE('',*,*,#727,.F.);
#462=ORIENTED_EDGE('',*,*,#728,.T.);
#463=ORIENTED_EDGE('',*,*,#729,.F.);
#464=ORIENTED_EDGE('',*,*,#730,.T.);
#465=ORIENTED_EDGE('',*,*,#731,.F.);
#466=ORIENTED_EDGE('',*,*,#732,.T.);
#467=ORIENTED_EDGE('',*,*,#733,.F.);
#468=ORIENTED_EDGE('',*,*,#704,.F.);
#469=ORIENTED_EDGE('',*,*,#734,.T.);
#470=ORIENTED_EDGE('',*,*,#721,.T.);
#471=ORIENTED_EDGE('',*,*,#703,.T.);
#472=ORIENTED_EDGE('',*,*,#707,.T.);
#473=ORIENTED_EDGE('',*,*,#710,.F.);
#474=ORIENTED_EDGE('',*,*,#713,.F.);
#475=ORIENTED_EDGE('',*,*,#716,.F.);
#476=ORIENTED_EDGE('',*,*,#719,.T.);
#477=ORIENTED_EDGE('',*,*,#722,.T.);
#478=ORIENTED_EDGE('',*,*,#734,.F.);
#479=ORIENTED_EDGE('',*,*,#735,.T.);
#480=ORIENTED_EDGE('',*,*,#736,.T.);
#481=ORIENTED_EDGE('',*,*,#737,.T.);
#482=ORIENTED_EDGE('',*,*,#738,.T.);
#483=ORIENTED_EDGE('',*,*,#739,.F.);
#484=ORIENTED_EDGE('',*,*,#740,.F.);
#485=ORIENTED_EDGE('',*,*,#741,.F.);
#486=ORIENTED_EDGE('',*,*,#742,.F.);
#487=ORIENTED_EDGE('',*,*,#732,.F.);
#488=ORIENTED_EDGE('',*,*,#730,.F.);
#489=ORIENTED_EDGE('',*,*,#728,.F.);
#490=ORIENTED_EDGE('',*,*,#726,.F.);
#491=ORIENTED_EDGE('',*,*,#724,.F.);
#492=ORIENTED_EDGE('',*,*,#701,.F.);
#493=ORIENTED_EDGE('',*,*,#733,.T.);
#494=ORIENTED_EDGE('',*,*,#720,.F.);
#495=ORIENTED_EDGE('',*,*,#717,.F.);
#496=ORIENTED_EDGE('',*,*,#714,.T.);
#497=ORIENTED_EDGE('',*,*,#711,.T.);
#498=ORIENTED_EDGE('',*,*,#708,.T.);
#499=ORIENTED_EDGE('',*,*,#705,.F.);
#500=ORIENTED_EDGE('',*,*,#743,.F.);
#501=ORIENTED_EDGE('',*,*,#744,.F.);
#502=ORIENTED_EDGE('',*,*,#745,.F.);
#503=ORIENTED_EDGE('',*,*,#746,.F.);
#504=ORIENTED_EDGE('',*,*,#747,.F.);
#505=ORIENTED_EDGE('',*,*,#748,.F.);
#506=ORIENTED_EDGE('',*,*,#749,.T.);
#507=ORIENTED_EDGE('',*,*,#750,.T.);
#508=ORIENTED_EDGE('',*,*,#731,.T.);
#509=ORIENTED_EDGE('',*,*,#729,.T.);
#510=ORIENTED_EDGE('',*,*,#727,.T.);
#511=ORIENTED_EDGE('',*,*,#725,.T.);
#512=ORIENTED_EDGE('',*,*,#723,.T.);
#513=ORIENTED_EDGE('',*,*,#742,.T.);
#514=ORIENTED_EDGE('',*,*,#750,.F.);
#515=ORIENTED_EDGE('',*,*,#741,.T.);
#516=ORIENTED_EDGE('',*,*,#749,.F.);
#517=ORIENTED_EDGE('',*,*,#748,.T.);
#518=ORIENTED_EDGE('',*,*,#740,.T.);
#519=ORIENTED_EDGE('',*,*,#747,.T.);
#520=ORIENTED_EDGE('',*,*,#739,.T.);
#521=ORIENTED_EDGE('',*,*,#746,.T.);
#522=ORIENTED_EDGE('',*,*,#738,.F.);
#523=ORIENTED_EDGE('',*,*,#745,.T.);
#524=ORIENTED_EDGE('',*,*,#737,.F.);
#525=ORIENTED_EDGE('',*,*,#744,.T.);
#526=ORIENTED_EDGE('',*,*,#736,.F.);
#527=ORIENTED_EDGE('',*,*,#743,.T.);
#528=ORIENTED_EDGE('',*,*,#735,.F.);
#529=ORIENTED_EDGE('',*,*,#751,.T.);
#530=ORIENTED_EDGE('',*,*,#752,.F.);
#531=ORIENTED_EDGE('',*,*,#753,.F.);
#532=ORIENTED_EDGE('',*,*,#754,.T.);
#533=ORIENTED_EDGE('',*,*,#755,.T.);
#534=ORIENTED_EDGE('',*,*,#756,.F.);
#535=ORIENTED_EDGE('',*,*,#757,.F.);
#536=ORIENTED_EDGE('',*,*,#752,.T.);
#537=ORIENTED_EDGE('',*,*,#758,.F.);
#538=ORIENTED_EDGE('',*,*,#759,.F.);
#539=ORIENTED_EDGE('',*,*,#760,.T.);
#540=ORIENTED_EDGE('',*,*,#756,.T.);
#541=ORIENTED_EDGE('',*,*,#761,.F.);
#542=ORIENTED_EDGE('',*,*,#762,.F.);
#543=ORIENTED_EDGE('',*,*,#763,.T.);
#544=ORIENTED_EDGE('',*,*,#759,.T.);
#545=ORIENTED_EDGE('',*,*,#764,.F.);
#546=ORIENTED_EDGE('',*,*,#765,.F.);
#547=ORIENTED_EDGE('',*,*,#766,.T.);
#548=ORIENTED_EDGE('',*,*,#762,.T.);
#549=ORIENTED_EDGE('',*,*,#767,.T.);
#550=ORIENTED_EDGE('',*,*,#768,.F.);
#551=ORIENTED_EDGE('',*,*,#769,.F.);
#552=ORIENTED_EDGE('',*,*,#765,.T.);
#553=ORIENTED_EDGE('',*,*,#770,.T.);
#554=ORIENTED_EDGE('',*,*,#771,.F.);
#555=ORIENTED_EDGE('',*,*,#772,.F.);
#556=ORIENTED_EDGE('',*,*,#768,.T.);
#557=ORIENTED_EDGE('',*,*,#773,.F.);
#558=ORIENTED_EDGE('',*,*,#774,.T.);
#559=ORIENTED_EDGE('',*,*,#775,.F.);
#560=ORIENTED_EDGE('',*,*,#776,.T.);
#561=ORIENTED_EDGE('',*,*,#777,.F.);
#562=ORIENTED_EDGE('',*,*,#778,.T.);
#563=ORIENTED_EDGE('',*,*,#779,.F.);
#564=ORIENTED_EDGE('',*,*,#780,.T.);
#565=ORIENTED_EDGE('',*,*,#781,.F.);
#566=ORIENTED_EDGE('',*,*,#754,.F.);
#567=ORIENTED_EDGE('',*,*,#782,.T.);
#568=ORIENTED_EDGE('',*,*,#771,.T.);
#569=ORIENTED_EDGE('',*,*,#753,.T.);
#570=ORIENTED_EDGE('',*,*,#757,.T.);
#571=ORIENTED_EDGE('',*,*,#760,.F.);
#572=ORIENTED_EDGE('',*,*,#763,.F.);
#573=ORIENTED_EDGE('',*,*,#766,.F.);
#574=ORIENTED_EDGE('',*,*,#769,.T.);
#575=ORIENTED_EDGE('',*,*,#772,.T.);
#576=ORIENTED_EDGE('',*,*,#782,.F.);
#577=ORIENTED_EDGE('',*,*,#783,.F.);
#578=ORIENTED_EDGE('',*,*,#780,.F.);
#579=ORIENTED_EDGE('',*,*,#778,.F.);
#580=ORIENTED_EDGE('',*,*,#776,.F.);
#581=ORIENTED_EDGE('',*,*,#774,.F.);
#582=ORIENTED_EDGE('',*,*,#751,.F.);
#583=ORIENTED_EDGE('',*,*,#781,.T.);
#584=ORIENTED_EDGE('',*,*,#770,.F.);
#585=ORIENTED_EDGE('',*,*,#767,.F.);
#586=ORIENTED_EDGE('',*,*,#764,.T.);
#587=ORIENTED_EDGE('',*,*,#761,.T.);
#588=ORIENTED_EDGE('',*,*,#758,.T.);
#589=ORIENTED_EDGE('',*,*,#755,.F.);
#590=ORIENTED_EDGE('',*,*,#784,.T.);
#591=ORIENTED_EDGE('',*,*,#779,.T.);
#592=ORIENTED_EDGE('',*,*,#777,.T.);
#593=ORIENTED_EDGE('',*,*,#775,.T.);
#594=ORIENTED_EDGE('',*,*,#773,.T.);
#595=ORIENTED_EDGE('',*,*,#783,.T.);
#596=ORIENTED_EDGE('',*,*,#784,.F.);
#597=EDGE_CURVE('',#785,#785,#940,.F.);
#598=EDGE_CURVE('',#786,#786,#941,.F.);
#599=EDGE_CURVE('',#787,#787,#942,.T.);
#600=EDGE_CURVE('',#788,#788,#943,.T.);
#601=EDGE_CURVE('',#789,#789,#944,.T.);
#602=EDGE_CURVE('',#791,#791,#945,.T.);
#603=EDGE_CURVE('',#793,#793,#946,.T.);
#604=EDGE_CURVE('',#794,#794,#947,.T.);
#605=EDGE_CURVE('',#795,#795,#948,.T.);
#606=EDGE_CURVE('',#797,#797,#949,.T.);
#607=EDGE_CURVE('',#798,#798,#950,.F.);
#608=EDGE_CURVE('',#799,#799,#951,.F.);
#609=EDGE_CURVE('',#800,#800,#952,.T.);
#610=EDGE_CURVE('',#802,#802,#953,.T.);
#611=EDGE_CURVE('',#803,#803,#954,.T.);
#612=EDGE_CURVE('',#805,#805,#955,.T.);
#613=EDGE_CURVE('',#806,#806,#956,.T.);
#614=EDGE_CURVE('',#808,#808,#957,.T.);
#615=EDGE_CURVE('',#809,#810,#958,.F.);
#616=EDGE_CURVE('',#809,#811,#959,.T.);
#617=EDGE_CURVE('',#812,#811,#960,.F.);
#618=EDGE_CURVE('',#810,#812,#961,.T.);
#619=EDGE_CURVE('',#813,#814,#962,.T.);
#620=EDGE_CURVE('',#813,#815,#963,.T.);
#621=EDGE_CURVE('',#816,#815,#964,.T.);
#622=EDGE_CURVE('',#814,#816,#965,.T.);
#623=EDGE_CURVE('',#817,#818,#966,.T.);
#624=EDGE_CURVE('',#817,#819,#967,.T.);
#625=EDGE_CURVE('',#819,#820,#968,.T.);
#626=EDGE_CURVE('',#820,#818,#969,.T.);
#627=EDGE_CURVE('',#821,#819,#970,.T.);
#628=EDGE_CURVE('',#819,#817,#971,.T.);
#629=EDGE_CURVE('',#822,#817,#972,.T.);
#630=EDGE_CURVE('',#822,#821,#973,.T.);
#631=EDGE_CURVE('',#818,#823,#974,.T.);
#632=EDGE_CURVE('',#818,#820,#975,.T.);
#633=EDGE_CURVE('',#820,#824,#976,.T.);
#634=EDGE_CURVE('',#824,#823,#977,.T.);
#635=EDGE_CURVE('',#823,#825,#978,.T.);
#636=EDGE_CURVE('',#823,#824,#979,.T.);
#637=EDGE_CURVE('',#824,#826,#980,.T.);
#638=EDGE_CURVE('',#826,#825,#981,.T.);
#639=EDGE_CURVE('',#825,#827,#982,.T.);
#640=EDGE_CURVE('',#825,#826,#983,.T.);
#641=EDGE_CURVE('',#826,#828,#984,.T.);
#642=EDGE_CURVE('',#828,#827,#985,.T.);
#643=EDGE_CURVE('',#829,#830,#986,.T.);
#644=EDGE_CURVE('',#829,#831,#987,.T.);
#645=EDGE_CURVE('',#831,#832,#988,.T.);
#646=EDGE_CURVE('',#832,#830,#989,.T.);
#647=EDGE_CURVE('',#830,#822,#990,.T.);
#648=EDGE_CURVE('',#830,#832,#991,.T.);
#649=EDGE_CURVE('',#832,#821,#992,.T.);
#650=EDGE_CURVE('',#821,#822,#993,.T.);
#651=EDGE_CURVE('',#814,#813,#994,.T.);
#652=EDGE_CURVE('',#816,#814,#995,.T.);
#653=EDGE_CURVE('',#815,#816,#996,.T.);
#654=EDGE_CURVE('',#815,#813,#997,.T.);
#655=EDGE_CURVE('',#828,#831,#998,.T.);
#656=EDGE_CURVE('',#827,#829,#999,.T.);
#657=EDGE_CURVE('',#827,#828,#1000,.T.);
#658=EDGE_CURVE('',#831,#829,#1001,.T.);
#659=EDGE_CURVE('',#833,#833,#1002,.T.);
#660=EDGE_CURVE('',#834,#834,#1003,.T.);
#661=EDGE_CURVE('',#835,#835,#1004,.T.);
#662=EDGE_CURVE('',#836,#836,#1005,.T.);
#663=EDGE_CURVE('',#837,#837,#1006,.T.);
#664=EDGE_CURVE('',#838,#838,#1007,.T.);
#665=EDGE_CURVE('',#839,#839,#1008,.T.);
#666=EDGE_CURVE('',#840,#840,#1009,.T.);
#667=EDGE_CURVE('',#841,#841,#1010,.T.);
#668=EDGE_CURVE('',#811,#809,#1011,.T.);
#669=EDGE_CURVE('',#810,#809,#1012,.F.);
#670=EDGE_CURVE('',#812,#810,#1013,.T.);
#671=EDGE_CURVE('',#811,#812,#1014,.F.);
#672=EDGE_CURVE('',#842,#842,#1015,.T.);
#673=EDGE_CURVE('',#843,#843,#1016,.T.);
#674=EDGE_CURVE('',#844,#844,#1017,.F.);
#675=EDGE_CURVE('',#845,#845,#1018,.F.);
#676=EDGE_CURVE('',#846,#846,#1019,.F.);
#677=EDGE_CURVE('',#847,#847,#1020,.F.);
#678=EDGE_CURVE('',#848,#848,#1021,.T.);
#679=EDGE_CURVE('',#850,#850,#1022,.F.);
#680=EDGE_CURVE('',#851,#851,#1023,.T.);
#681=EDGE_CURVE('',#852,#852,#1024,.T.);
#682=EDGE_CURVE('',#853,#853,#1025,.T.);
#683=EDGE_CURVE('',#854,#854,#1026,.T.);
#684=EDGE_CURVE('',#855,#855,#1027,.T.);
#685=EDGE_CURVE('',#856,#856,#1028,.T.);
#686=EDGE_CURVE('',#857,#857,#1029,.T.);
#687=EDGE_CURVE('',#858,#858,#1030,.T.);
#688=EDGE_CURVE('',#859,#859,#1031,.T.);
#689=EDGE_CURVE('',#860,#860,#1032,.T.);
#690=EDGE_CURVE('',#861,#861,#1033,.T.);
#691=EDGE_CURVE('',#862,#862,#1034,.T.);
#692=EDGE_CURVE('',#863,#863,#1035,.T.);
#693=EDGE_CURVE('',#864,#864,#1036,.T.);
#694=EDGE_CURVE('',#865,#865,#1037,.T.);
#695=EDGE_CURVE('',#866,#866,#1038,.T.);
#696=EDGE_CURVE('',#867,#867,#1039,.T.);
#697=EDGE_CURVE('',#868,#868,#1040,.F.);
#698=EDGE_CURVE('',#869,#869,#1041,.F.);
#699=EDGE_CURVE('',#870,#870,#1042,.T.);
#700=EDGE_CURVE('',#871,#871,#1043,.T.);
#701=EDGE_CURVE('',#872,#873,#18,.T.);
#702=EDGE_CURVE('',#874,#873,#19,.T.);
#703=EDGE_CURVE('',#875,#874,#20,.F.);
#704=EDGE_CURVE('',#875,#872,#21,.T.);
#705=EDGE_CURVE('',#873,#876,#22,.T.);
#706=EDGE_CURVE('',#877,#876,#23,.T.);
#707=EDGE_CURVE('',#874,#877,#24,.T.);
#708=EDGE_CURVE('',#878,#876,#25,.T.);
#709=EDGE_CURVE('',#879,#878,#26,.T.);
#710=EDGE_CURVE('',#879,#877,#27,.T.);
#711=EDGE_CURVE('',#880,#878,#28,.T.);
#712=EDGE_CURVE('',#881,#880,#29,.T.);
#713=EDGE_CURVE('',#881,#879,#30,.T.);
#714=EDGE_CURVE('',#882,#880,#31,.F.);
#715=EDGE_CURVE('',#883,#882,#32,.T.);
#716=EDGE_CURVE('',#883,#881,#33,.T.);
#717=EDGE_CURVE('',#882,#884,#34,.T.);
#718=EDGE_CURVE('',#885,#884,#35,.T.);
#719=EDGE_CURVE('',#883,#885,#36,.T.);
#720=EDGE_CURVE('',#884,#886,#37,.T.);
#721=EDGE_CURVE('',#887,#886,#38,.T.);
#722=EDGE_CURVE('',#885,#887,#39,.T.);
#723=EDGE_CURVE('',#888,#888,#1044,.F.);
#724=EDGE_CURVE('',#889,#889,#1045,.F.);
#725=EDGE_CURVE('',#890,#890,#1046,.F.);
#726=EDGE_CURVE('',#891,#891,#1047,.F.);
#727=EDGE_CURVE('',#892,#892,#1048,.F.);
#728=EDGE_CURVE('',#893,#893,#1049,.F.);
#729=EDGE_CURVE('',#894,#894,#1050,.F.);
#730=EDGE_CURVE('',#895,#895,#1051,.F.);
#731=EDGE_CURVE('',#896,#896,#1052,.F.);
#732=EDGE_CURVE('',#897,#897,#1053,.F.);
#733=EDGE_CURVE('',#872,#886,#40,.T.);
#734=EDGE_CURVE('',#875,#887,#41,.T.);
#735=EDGE_CURVE('',#898,#898,#1054,.T.);
#736=EDGE_CURVE('',#899,#899,#1055,.T.);
#737=EDGE_CURVE('',#900,#900,#1056,.T.);
#738=EDGE_CURVE('',#901,#901,#1057,.T.);
#739=EDGE_CURVE('',#902,#902,#1058,.F.);
#740=EDGE_CURVE('',#903,#903,#1059,.F.);
#741=EDGE_CURVE('',#904,#904,#1060,.T.);
#742=EDGE_CURVE('',#905,#905,#1061,.T.);
#743=EDGE_CURVE('',#906,#906,#1062,.T.);
#744=EDGE_CURVE('',#907,#907,#1063,.T.);
#745=EDGE_CURVE('',#908,#908,#1064,.T.);
#746=EDGE_CURVE('',#909,#909,#1065,.T.);
#747=EDGE_CURVE('',#910,#910,#1066,.T.);
#748=EDGE_CURVE('',#911,#911,#1067,.T.);
#749=EDGE_CURVE('',#912,#912,#1068,.T.);
#750=EDGE_CURVE('',#913,#913,#1069,.T.);
#751=EDGE_CURVE('',#914,#915,#42,.T.);
#752=EDGE_CURVE('',#916,#915,#43,.T.);
#753=EDGE_CURVE('',#917,#916,#44,.F.);
#754=EDGE_CURVE('',#917,#914,#45,.T.);
#755=EDGE_CURVE('',#915,#918,#46,.T.);
#756=EDGE_CURVE('',#919,#918,#47,.T.);
#757=EDGE_CURVE('',#916,#919,#48,.T.);
#758=EDGE_CURVE('',#920,#918,#49,.T.);
#759=EDGE_CURVE('',#921,#920,#50,.T.);
#760=EDGE_CURVE('',#921,#919,#51,.T.);
#761=EDGE_CURVE('',#922,#920,#52,.T.);
#762=EDGE_CURVE('',#923,#922,#53,.T.);
#763=EDGE_CURVE('',#923,#921,#54,.T.);
#764=EDGE_CURVE('',#924,#922,#55,.F.);
#765=EDGE_CURVE('',#925,#924,#56,.T.);
#766=EDGE_CURVE('',#925,#923,#57,.T.);
#767=EDGE_CURVE('',#924,#926,#58,.T.);
#768=EDGE_CURVE('',#927,#926,#59,.T.);
#769=EDGE_CURVE('',#925,#927,#60,.T.);
#770=EDGE_CURVE('',#926,#928,#61,.T.);
#771=EDGE_CURVE('',#929,#928,#62,.T.);
#772=EDGE_CURVE('',#927,#929,#63,.T.);
#773=EDGE_CURVE('',#930,#930,#1070,.F.);
#774=EDGE_CURVE('',#931,#931,#1071,.F.);
#775=EDGE_CURVE('',#932,#932,#1072,.F.);
#776=EDGE_CURVE('',#933,#933,#1073,.F.);
#777=EDGE_CURVE('',#934,#934,#1074,.F.);
#778=EDGE_CURVE('',#935,#935,#1075,.F.);
#779=EDGE_CURVE('',#936,#936,#1076,.F.);
#780=EDGE_CURVE('',#937,#937,#1077,.F.);
#781=EDGE_CURVE('',#914,#928,#64,.T.);
#782=EDGE_CURVE('',#917,#929,#65,.T.);
#783=EDGE_CURVE('',#938,#938,#1078,.T.);
#784=EDGE_CURVE('',#939,#939,#1079,.T.);
#785=VERTEX_POINT('',#2610);
#786=VERTEX_POINT('',#2612);
#787=VERTEX_POINT('',#2615);
#788=VERTEX_POINT('',#2618);
#789=VERTEX_POINT('',#2621);
#790=VERTEX_POINT('',#2622);
#791=VERTEX_POINT('',#2626);
#792=VERTEX_POINT('',#2627);
#793=VERTEX_POINT('',#2633);
#794=VERTEX_POINT('',#2635);
#795=VERTEX_POINT('',#2638);
#796=VERTEX_POINT('',#2639);
#797=VERTEX_POINT('',#2643);
#798=VERTEX_POINT('',#2646);
#799=VERTEX_POINT('',#2649);
#800=VERTEX_POINT('',#2654);
#801=VERTEX_POINT('',#2655);
#802=VERTEX_POINT('',#2658);
#803=VERTEX_POINT('',#2661);
#804=VERTEX_POINT('',#2662);
#805=VERTEX_POINT('',#2665);
#806=VERTEX_POINT('',#2668);
#807=VERTEX_POINT('',#2669);
#808=VERTEX_POINT('',#2672);
#809=VERTEX_POINT('',#2675);
#810=VERTEX_POINT('',#2676);
#811=VERTEX_POINT('',#2678);
#812=VERTEX_POINT('',#2680);
#813=VERTEX_POINT('',#2684);
#814=VERTEX_POINT('',#2685);
#815=VERTEX_POINT('',#2687);
#816=VERTEX_POINT('',#2689);
#817=VERTEX_POINT('',#2693);
#818=VERTEX_POINT('',#2694);
#819=VERTEX_POINT('',#2696);
#820=VERTEX_POINT('',#2698);
#821=VERTEX_POINT('',#2702);
#822=VERTEX_POINT('',#2705);
#823=VERTEX_POINT('',#2709);
#824=VERTEX_POINT('',#2712);
#825=VERTEX_POINT('',#2716);
#826=VERTEX_POINT('',#2719);
#827=VERTEX_POINT('',#2723);
#828=VERTEX_POINT('',#2726);
#829=VERTEX_POINT('',#2730);
#830=VERTEX_POINT('',#2731);
#831=VERTEX_POINT('',#2733);
#832=VERTEX_POINT('',#2735);
#833=VERTEX_POINT('',#2756);
#834=VERTEX_POINT('',#2759);
#835=VERTEX_POINT('',#2762);
#836=VERTEX_POINT('',#2765);
#837=VERTEX_POINT('',#2768);
#838=VERTEX_POINT('',#2771);
#839=VERTEX_POINT('',#2774);
#840=VERTEX_POINT('',#2777);
#841=VERTEX_POINT('',#2780);
#842=VERTEX_POINT('',#2787);
#843=VERTEX_POINT('',#2790);
#844=VERTEX_POINT('',#2794);
#845=VERTEX_POINT('',#2797);
#846=VERTEX_POINT('',#2800);
#847=VERTEX_POINT('',#2803);
#848=VERTEX_POINT('',#2808);
#849=VERTEX_POINT('',#2809);
#850=VERTEX_POINT('',#2814);
#851=VERTEX_POINT('',#2816);
#852=VERTEX_POINT('',#2819);
#853=VERTEX_POINT('',#2822);
#854=VERTEX_POINT('',#2824);
#855=VERTEX_POINT('',#2826);
#856=VERTEX_POINT('',#2828);
#857=VERTEX_POINT('',#2830);
#858=VERTEX_POINT('',#2832);
#859=VERTEX_POINT('',#2834);
#860=VERTEX_POINT('',#2836);
#861=VERTEX_POINT('',#2839);
#862=VERTEX_POINT('',#2841);
#863=VERTEX_POINT('',#2844);
#864=VERTEX_POINT('',#2847);
#865=VERTEX_POINT('',#2849);
#866=VERTEX_POINT('',#2851);
#867=VERTEX_POINT('',#2853);
#868=VERTEX_POINT('',#2855);
#869=VERTEX_POINT('',#2857);
#870=VERTEX_POINT('',#2860);
#871=VERTEX_POINT('',#2864);
#872=VERTEX_POINT('',#2875);
#873=VERTEX_POINT('',#2876);
#874=VERTEX_POINT('',#2878);
#875=VERTEX_POINT('',#2880);
#876=VERTEX_POINT('',#2884);
#877=VERTEX_POINT('',#2886);
#878=VERTEX_POINT('',#2890);
#879=VERTEX_POINT('',#2892);
#880=VERTEX_POINT('',#2896);
#881=VERTEX_POINT('',#2898);
#882=VERTEX_POINT('',#2902);
#883=VERTEX_POINT('',#2904);
#884=VERTEX_POINT('',#2908);
#885=VERTEX_POINT('',#2910);
#886=VERTEX_POINT('',#2914);
#887=VERTEX_POINT('',#2916);
#888=VERTEX_POINT('',#2920);
#889=VERTEX_POINT('',#2922);
#890=VERTEX_POINT('',#2925);
#891=VERTEX_POINT('',#2927);
#892=VERTEX_POINT('',#2930);
#893=VERTEX_POINT('',#2932);
#894=VERTEX_POINT('',#2935);
#895=VERTEX_POINT('',#2937);
#896=VERTEX_POINT('',#2940);
#897=VERTEX_POINT('',#2942);
#898=VERTEX_POINT('',#2948);
#899=VERTEX_POINT('',#2950);
#900=VERTEX_POINT('',#2952);
#901=VERTEX_POINT('',#2954);
#902=VERTEX_POINT('',#2956);
#903=VERTEX_POINT('',#2958);
#904=VERTEX_POINT('',#2960);
#905=VERTEX_POINT('',#2962);
#906=VERTEX_POINT('',#2965);
#907=VERTEX_POINT('',#2967);
#908=VERTEX_POINT('',#2969);
#909=VERTEX_POINT('',#2971);
#910=VERTEX_POINT('',#2973);
#911=VERTEX_POINT('',#2975);
#912=VERTEX_POINT('',#2977);
#913=VERTEX_POINT('',#2979);
#914=VERTEX_POINT('',#2992);
#915=VERTEX_POINT('',#2993);
#916=VERTEX_POINT('',#2995);
#917=VERTEX_POINT('',#2997);
#918=VERTEX_POINT('',#3001);
#919=VERTEX_POINT('',#3003);
#920=VERTEX_POINT('',#3007);
#921=VERTEX_POINT('',#3009);
#922=VERTEX_POINT('',#3013);
#923=VERTEX_POINT('',#3015);
#924=VERTEX_POINT('',#3019);
#925=VERTEX_POINT('',#3021);
#926=VERTEX_POINT('',#3025);
#927=VERTEX_POINT('',#3027);
#928=VERTEX_POINT('',#3031);
#929=VERTEX_POINT('',#3033);
#930=VERTEX_POINT('',#3037);
#931=VERTEX_POINT('',#3039);
#932=VERTEX_POINT('',#3042);
#933=VERTEX_POINT('',#3044);
#934=VERTEX_POINT('',#3047);
#935=VERTEX_POINT('',#3049);
#936=VERTEX_POINT('',#3052);
#937=VERTEX_POINT('',#3054);
#938=VERTEX_POINT('',#3060);
#939=VERTEX_POINT('',#3063);
#940=CIRCLE('',#1790,0.015875);
#941=CIRCLE('',#1791,0.015875);
#942=CIRCLE('',#1793,0.0025527);
#943=CIRCLE('',#1795,0.0025527);
#944=CIRCLE('',#1797,0.0025527);
#945=CIRCLE('',#1800,0.0025527);
#946=CIRCLE('',#1805,0.015875);
#947=CIRCLE('',#1806,0.0025527);
#948=CIRCLE('',#1808,0.0025527);
#949=CIRCLE('',#1811,0.015875);
#950=CIRCLE('',#1813,0.0307975);
#951=CIRCLE('',#1815,0.0307975);
#952=CIRCLE('',#1819,0.00135255);
#953=CIRCLE('',#1821,0.00135255);
#954=CIRCLE('',#1823,0.00135255);
#955=CIRCLE('',#1825,0.00135255);
#956=CIRCLE('',#1827,0.00135255);
#957=CIRCLE('',#1829,0.00135255);
#958=CIRCLE('',#1831,0.00635);
#959=CIRCLE('',#1832,0.04953);
#960=CIRCLE('',#1833,0.00635);
#961=CIRCLE('',#1834,0.03683);
#962=CIRCLE('',#1836,0.0015875);
#963=CIRCLE('',#1837,0.0415925);
#964=CIRCLE('',#1838,0.0015875);
#965=CIRCLE('',#1839,0.0447675);
#966=CIRCLE('',#1841,0.0415925);
#967=CIRCLE('',#1842,0.0015875);
#968=CIRCLE('',#1843,0.0447675);
#969=CIRCLE('',#1844,0.0015875);
#970=CIRCLE('',#1846,0.0447675);
#971=CIRCLE('',#1847,0.0015875);
#972=CIRCLE('',#1848,0.0415925);
#973=CIRCLE('',#1849,0.0015875);
#974=CIRCLE('',#1851,0.0415925);
#975=CIRCLE('',#1852,0.0015875);
#976=CIRCLE('',#1853,0.0447675);
#977=CIRCLE('',#1854,0.0015875);
#978=CIRCLE('',#1856,0.0415925);
#979=CIRCLE('',#1857,0.0015875);
#980=CIRCLE('',#1858,0.0447675);
#981=CIRCLE('',#1859,0.0015875);
#982=CIRCLE('',#1861,0.0415925);
#983=CIRCLE('',#1862,0.0015875);
#984=CIRCLE('',#1863,0.0447675);
#985=CIRCLE('',#1864,0.0015875);
#986=CIRCLE('',#1866,0.0415925);
#987=CIRCLE('',#1867,0.0015875);
#988=CIRCLE('',#1868,0.0447675);
#989=CIRCLE('',#1869,0.0015875);
#990=CIRCLE('',#1871,0.0415925);
#991=CIRCLE('',#1872,0.0015875);
#992=CIRCLE('',#1873,0.0447675);
#993=CIRCLE('',#1874,0.0015875);
#994=CIRCLE('',#1876,0.0015875);
#995=CIRCLE('',#1877,0.0447675);
#996=CIRCLE('',#1878,0.0015875);
#997=CIRCLE('',#1879,0.0415925);
#998=CIRCLE('',#1881,0.0447675);
#999=CIRCLE('',#1883,0.0415925);
#1000=CIRCLE('',#1884,0.0015875);
#1001=CIRCLE('',#1885,0.0015875);
#1002=CIRCLE('',#1888,0.0015875);
#1003=CIRCLE('',#1890,0.0015875);
#1004=CIRCLE('',#1892,0.0015875);
#1005=CIRCLE('',#1894,0.0015875);
#1006=CIRCLE('',#1896,0.0015875);
#1007=CIRCLE('',#1898,0.0015875);
#1008=CIRCLE('',#1900,0.0015875);
#1009=CIRCLE('',#1902,0.0015875);
#1010=CIRCLE('',#1904,0.04953);
#1011=CIRCLE('',#1905,0.04953);
#1012=CIRCLE('',#1907,0.00635);
#1013=CIRCLE('',#1908,0.03683);
#1014=CIRCLE('',#1909,0.00635);
#1015=CIRCLE('',#1910,0.00135255);
#1016=CIRCLE('',#1912,0.03683);
#1017=CIRCLE('',#1915,0.0015875);
#1018=CIRCLE('',#1917,0.0015875);
#1019=CIRCLE('',#1919,0.00635);
#1020=CIRCLE('',#1921,0.00635);
#1021=CIRCLE('',#1925,0.00135255);
#1022=CIRCLE('',#1929,0.0555625);
#1023=CIRCLE('',#1930,0.0555625);
#1024=CIRCLE('',#1932,0.0508);
#1025=CIRCLE('',#1934,0.0619125);
#1026=CIRCLE('',#1935,0.0018288);
#1027=CIRCLE('',#1936,0.0018288);
#1028=CIRCLE('',#1937,0.0018288);
#1029=CIRCLE('',#1938,0.0018288);
#1030=CIRCLE('',#1939,0.00635);
#1031=CIRCLE('',#1940,0.00635);
#1032=CIRCLE('',#1941,0.0307975);
#1033=CIRCLE('',#1943,0.03556);
#1034=CIRCLE('',#1944,0.03556);
#1035=CIRCLE('',#1946,0.0508);
#1036=CIRCLE('',#1948,0.0018288);
#1037=CIRCLE('',#1949,0.0018288);
#1038=CIRCLE('',#1950,0.0018288);
#1039=CIRCLE('',#1951,0.0018288);
#1040=CIRCLE('',#1952,0.00635);
#1041=CIRCLE('',#1953,0.00635);
#1042=CIRCLE('',#1955,0.0307975);
#1043=CIRCLE('',#1958,0.0619125);
#1044=CIRCLE('',#1975,0.0035687);
#1045=CIRCLE('',#1976,0.0035687);
#1046=CIRCLE('',#1978,0.0035687);
#1047=CIRCLE('',#1979,0.0035687);
#1048=CIRCLE('',#1981,0.0035687);
#1049=CIRCLE('',#1982,0.0035687);
#1050=CIRCLE('',#1984,0.0035687);
#1051=CIRCLE('',#1985,0.0035687);
#1052=CIRCLE('',#1987,0.0035687);
#1053=CIRCLE('',#1988,0.0035687);
#1054=CIRCLE('',#1991,0.0079375);
#1055=CIRCLE('',#1992,0.0079375);
#1056=CIRCLE('',#1993,0.0079375);
#1057=CIRCLE('',#1994,0.0079375);
#1058=CIRCLE('',#1995,0.009525);
#1059=CIRCLE('',#1996,0.009525);
#1060=CIRCLE('',#1997,0.0015875);
#1061=CIRCLE('',#1998,0.0015875);
#1062=CIRCLE('',#2000,0.0079375);
#1063=CIRCLE('',#2001,0.0079375);
#1064=CIRCLE('',#2002,0.0079375);
#1065=CIRCLE('',#2003,0.0079375);
#1066=CIRCLE('',#2004,0.009525);
#1067=CIRCLE('',#2005,0.009525);
#1068=CIRCLE('',#2006,0.0015875);
#1069=CIRCLE('',#2007,0.0015875);
#1070=CIRCLE('',#2026,0.0035687);
#1071=CIRCLE('',#2027,0.0035687);
#1072=CIRCLE('',#2029,0.0035687);
#1073=CIRCLE('',#2030,0.0035687);
#1074=CIRCLE('',#2032,0.0035687);
#1075=CIRCLE('',#2033,0.0035687);
#1076=CIRCLE('',#2035,0.0035687);
#1077=CIRCLE('',#2036,0.0035687);
#1078=CIRCLE('',#2039,0.0555625);
#1079=CIRCLE('',#2041,0.0555625);
#1080=EDGE_LOOP('',(#221));
#1081=EDGE_LOOP('',(#222));
#1082=EDGE_LOOP('',(#223));
#1083=EDGE_LOOP('',(#224));
#1084=EDGE_LOOP('',(#225));
#1085=EDGE_LOOP('',(#226));
#1086=EDGE_LOOP('',(#227));
#1087=EDGE_LOOP('',(#228));
#1088=EDGE_LOOP('',(#229));
#1089=EDGE_LOOP('',(#230));
#1090=EDGE_LOOP('',(#231));
#1091=EDGE_LOOP('',(#232));
#1092=EDGE_LOOP('',(#233));
#1093=EDGE_LOOP('',(#234));
#1094=EDGE_LOOP('',(#235));
#1095=EDGE_LOOP('',(#236));
#1096=EDGE_LOOP('',(#237));
#1097=EDGE_LOOP('',(#238));
#1098=EDGE_LOOP('',(#239));
#1099=EDGE_LOOP('',(#240));
#1100=EDGE_LOOP('',(#241));
#1101=EDGE_LOOP('',(#242));
#1102=EDGE_LOOP('',(#243));
#1103=EDGE_LOOP('',(#244));
#1104=EDGE_LOOP('',(#245));
#1105=EDGE_LOOP('',(#246));
#1106=EDGE_LOOP('',(#247));
#1107=EDGE_LOOP('',(#248));
#1108=EDGE_LOOP('',(#249));
#1109=EDGE_LOOP('',(#250));
#1110=EDGE_LOOP('',(#251));
#1111=EDGE_LOOP('',(#252));
#1112=EDGE_LOOP('',(#253));
#1113=EDGE_LOOP('',(#254,#255,#256,#257));
#1114=EDGE_LOOP('',(#258));
#1115=EDGE_LOOP('',(#259));
#1116=EDGE_LOOP('',(#260,#261,#262,#263));
#1117=EDGE_LOOP('',(#264,#265,#266,#267));
#1118=EDGE_LOOP('',(#268,#269,#270,#271));
#1119=EDGE_LOOP('',(#272,#273,#274,#275));
#1120=EDGE_LOOP('',(#276,#277,#278,#279));
#1121=EDGE_LOOP('',(#280,#281,#282,#283));
#1122=EDGE_LOOP('',(#284,#285,#286,#287));
#1123=EDGE_LOOP('',(#288,#289,#290,#291));
#1124=EDGE_LOOP('',(#292,#293,#294,#295));
#1125=EDGE_LOOP('',(#296,#297));
#1126=EDGE_LOOP('',(#298,#299,#300,#301,#302,#303,#304,#305));
#1127=EDGE_LOOP('',(#306,#307,#308,#309));
#1128=EDGE_LOOP('',(#310,#311,#312,#313,#314,#315,#316,#317));
#1129=EDGE_LOOP('',(#318,#319));
#1130=EDGE_LOOP('',(#320));
#1131=EDGE_LOOP('',(#321,#322));
#1132=EDGE_LOOP('',(#323));
#1133=EDGE_LOOP('',(#324,#325));
#1134=EDGE_LOOP('',(#326));
#1135=EDGE_LOOP('',(#327,#328));
#1136=EDGE_LOOP('',(#329));
#1137=EDGE_LOOP('',(#330,#331));
#1138=EDGE_LOOP('',(#332));
#1139=EDGE_LOOP('',(#333,#334));
#1140=EDGE_LOOP('',(#335));
#1141=EDGE_LOOP('',(#336,#337));
#1142=EDGE_LOOP('',(#338));
#1143=EDGE_LOOP('',(#339,#340));
#1144=EDGE_LOOP('',(#341));
#1145=EDGE_LOOP('',(#342,#343));
#1146=EDGE_LOOP('',(#344));
#1147=EDGE_LOOP('',(#345,#346));
#1148=EDGE_LOOP('',(#347,#348,#349,#350));
#1149=EDGE_LOOP('',(#351));
#1150=EDGE_LOOP('',(#352));
#1151=EDGE_LOOP('',(#353,#354));
#1152=EDGE_LOOP('',(#355));
#1153=EDGE_LOOP('',(#356));
#1154=EDGE_LOOP('',(#357));
#1155=EDGE_LOOP('',(#358));
#1156=EDGE_LOOP('',(#359));
#1157=EDGE_LOOP('',(#360));
#1158=EDGE_LOOP('',(#361));
#1159=EDGE_LOOP('',(#362));
#1160=EDGE_LOOP('',(#363));
#1161=EDGE_LOOP('',(#364));
#1162=EDGE_LOOP('',(#365));
#1163=EDGE_LOOP('',(#366,#367));
#1164=EDGE_LOOP('',(#368));
#1165=EDGE_LOOP('',(#369,#370));
#1166=EDGE_LOOP('',(#371));
#1167=EDGE_LOOP('',(#372));
#1168=EDGE_LOOP('',(#373,#374));
#1169=EDGE_LOOP('',(#375));
#1170=EDGE_LOOP('',(#376,#377));
#1171=EDGE_LOOP('',(#378));
#1172=EDGE_LOOP('',(#379));
#1173=EDGE_LOOP('',(#380));
#1174=EDGE_LOOP('',(#381));
#1175=EDGE_LOOP('',(#382));
#1176=EDGE_LOOP('',(#383));
#1177=EDGE_LOOP('',(#384));
#1178=EDGE_LOOP('',(#385));
#1179=EDGE_LOOP('',(#386));
#1180=EDGE_LOOP('',(#387));
#1181=EDGE_LOOP('',(#388));
#1182=EDGE_LOOP('',(#389));
#1183=EDGE_LOOP('',(#390));
#1184=EDGE_LOOP('',(#391));
#1185=EDGE_LOOP('',(#392));
#1186=EDGE_LOOP('',(#393));
#1187=EDGE_LOOP('',(#394));
#1188=EDGE_LOOP('',(#395));
#1189=EDGE_LOOP('',(#396));
#1190=EDGE_LOOP('',(#397));
#1191=EDGE_LOOP('',(#398));
#1192=EDGE_LOOP('',(#399));
#1193=EDGE_LOOP('',(#400));
#1194=EDGE_LOOP('',(#401));
#1195=EDGE_LOOP('',(#402));
#1196=EDGE_LOOP('',(#403));
#1197=EDGE_LOOP('',(#404));
#1198=EDGE_LOOP('',(#405));
#1199=EDGE_LOOP('',(#406));
#1200=EDGE_LOOP('',(#407));
#1201=EDGE_LOOP('',(#408));
#1202=EDGE_LOOP('',(#409));
#1203=EDGE_LOOP('',(#410));
#1204=EDGE_LOOP('',(#411));
#1205=EDGE_LOOP('',(#412));
#1206=EDGE_LOOP('',(#413));
#1207=EDGE_LOOP('',(#414));
#1208=EDGE_LOOP('',(#415));
#1209=EDGE_LOOP('',(#416));
#1210=EDGE_LOOP('',(#417));
#1211=EDGE_LOOP('',(#418));
#1212=EDGE_LOOP('',(#419));
#1213=EDGE_LOOP('',(#420));
#1214=EDGE_LOOP('',(#421));
#1215=EDGE_LOOP('',(#422));
#1216=EDGE_LOOP('',(#423));
#1217=EDGE_LOOP('',(#424));
#1218=EDGE_LOOP('',(#425));
#1219=EDGE_LOOP('',(#426));
#1220=EDGE_LOOP('',(#427));
#1221=EDGE_LOOP('',(#428));
#1222=EDGE_LOOP('',(#429,#430,#431,#432));
#1223=EDGE_LOOP('',(#433,#434,#435,#436));
#1224=EDGE_LOOP('',(#437,#438,#439,#440));
#1225=EDGE_LOOP('',(#441,#442,#443,#444));
#1226=EDGE_LOOP('',(#445,#446,#447,#448));
#1227=EDGE_LOOP('',(#449,#450,#451,#452));
#1228=EDGE_LOOP('',(#453,#454,#455,#456));
#1229=EDGE_LOOP('',(#457));
#1230=EDGE_LOOP('',(#458));
#1231=EDGE_LOOP('',(#459));
#1232=EDGE_LOOP('',(#460));
#1233=EDGE_LOOP('',(#461));
#1234=EDGE_LOOP('',(#462));
#1235=EDGE_LOOP('',(#463));
#1236=EDGE_LOOP('',(#464));
#1237=EDGE_LOOP('',(#465));
#1238=EDGE_LOOP('',(#466));
#1239=EDGE_LOOP('',(#467,#468,#469,#470));
#1240=EDGE_LOOP('',(#471,#472,#473,#474,#475,#476,#477,#478));
#1241=EDGE_LOOP('',(#479));
#1242=EDGE_LOOP('',(#480));
#1243=EDGE_LOOP('',(#481));
#1244=EDGE_LOOP('',(#482));
#1245=EDGE_LOOP('',(#483));
#1246=EDGE_LOOP('',(#484));
#1247=EDGE_LOOP('',(#485));
#1248=EDGE_LOOP('',(#486));
#1249=EDGE_LOOP('',(#487));
#1250=EDGE_LOOP('',(#488));
#1251=EDGE_LOOP('',(#489));
#1252=EDGE_LOOP('',(#490));
#1253=EDGE_LOOP('',(#491));
#1254=EDGE_LOOP('',(#492,#493,#494,#495,#496,#497,#498,#499));
#1255=EDGE_LOOP('',(#500));
#1256=EDGE_LOOP('',(#501));
#1257=EDGE_LOOP('',(#502));
#1258=EDGE_LOOP('',(#503));
#1259=EDGE_LOOP('',(#504));
#1260=EDGE_LOOP('',(#505));
#1261=EDGE_LOOP('',(#506));
#1262=EDGE_LOOP('',(#507));
#1263=EDGE_LOOP('',(#508));
#1264=EDGE_LOOP('',(#509));
#1265=EDGE_LOOP('',(#510));
#1266=EDGE_LOOP('',(#511));
#1267=EDGE_LOOP('',(#512));
#1268=EDGE_LOOP('',(#513));
#1269=EDGE_LOOP('',(#514));
#1270=EDGE_LOOP('',(#515));
#1271=EDGE_LOOP('',(#516));
#1272=EDGE_LOOP('',(#517));
#1273=EDGE_LOOP('',(#518));
#1274=EDGE_LOOP('',(#519));
#1275=EDGE_LOOP('',(#520));
#1276=EDGE_LOOP('',(#521));
#1277=EDGE_LOOP('',(#522));
#1278=EDGE_LOOP('',(#523));
#1279=EDGE_LOOP('',(#524));
#1280=EDGE_LOOP('',(#525));
#1281=EDGE_LOOP('',(#526));
#1282=EDGE_LOOP('',(#527));
#1283=EDGE_LOOP('',(#528));
#1284=EDGE_LOOP('',(#529,#530,#531,#532));
#1285=EDGE_LOOP('',(#533,#534,#535,#536));
#1286=EDGE_LOOP('',(#537,#538,#539,#540));
#1287=EDGE_LOOP('',(#541,#542,#543,#544));
#1288=EDGE_LOOP('',(#545,#546,#547,#548));
#1289=EDGE_LOOP('',(#549,#550,#551,#552));
#1290=EDGE_LOOP('',(#553,#554,#555,#556));
#1291=EDGE_LOOP('',(#557));
#1292=EDGE_LOOP('',(#558));
#1293=EDGE_LOOP('',(#559));
#1294=EDGE_LOOP('',(#560));
#1295=EDGE_LOOP('',(#561));
#1296=EDGE_LOOP('',(#562));
#1297=EDGE_LOOP('',(#563));
#1298=EDGE_LOOP('',(#564));
#1299=EDGE_LOOP('',(#565,#566,#567,#568));
#1300=EDGE_LOOP('',(#569,#570,#571,#572,#573,#574,#575,#576));
#1301=EDGE_LOOP('',(#577));
#1302=EDGE_LOOP('',(#578));
#1303=EDGE_LOOP('',(#579));
#1304=EDGE_LOOP('',(#580));
#1305=EDGE_LOOP('',(#581));
#1306=EDGE_LOOP('',(#582,#583,#584,#585,#586,#587,#588,#589));
#1307=EDGE_LOOP('',(#590));
#1308=EDGE_LOOP('',(#591));
#1309=EDGE_LOOP('',(#592));
#1310=EDGE_LOOP('',(#593));
#1311=EDGE_LOOP('',(#594));
#1312=EDGE_LOOP('',(#595));
#1313=EDGE_LOOP('',(#596));
#1314=FACE_BOUND('',#1080,.T.);
#1315=FACE_BOUND('',#1081,.T.);
#1316=FACE_BOUND('',#1082,.T.);
#1317=FACE_BOUND('',#1083,.T.);
#1318=FACE_BOUND('',#1084,.T.);
#1319=FACE_BOUND('',#1085,.T.);
#1320=FACE_BOUND('',#1086,.T.);
#1321=FACE_BOUND('',#162,.T.);
#1322=FACE_BOUND('',#1087,.T.);
#1323=FACE_BOUND('',#1088,.T.);
#1324=FACE_BOUND('',#1089,.T.);
#1325=FACE_BOUND('',#163,.T.);
#1326=FACE_BOUND('',#1090,.T.);
#1327=FACE_BOUND('',#1091,.T.);
#1328=FACE_BOUND('',#1092,.T.);
#1329=FACE_BOUND('',#1093,.T.);
#1330=FACE_BOUND('',#1094,.T.);
#1331=FACE_BOUND('',#164,.T.);
#1332=FACE_BOUND('',#1095,.T.);
#1333=FACE_BOUND('',#1096,.T.);
#1334=FACE_BOUND('',#1097,.T.);
#1335=FACE_BOUND('',#1098,.T.);
#1336=FACE_BOUND('',#1099,.T.);
#1337=FACE_BOUND('',#1100,.T.);
#1338=FACE_BOUND('',#1101,.T.);
#1339=FACE_BOUND('',#1102,.T.);
#1340=FACE_BOUND('',#1103,.T.);
#1341=FACE_BOUND('',#1104,.T.);
#1342=FACE_BOUND('',#165,.T.);
#1343=FACE_BOUND('',#1105,.T.);
#1344=FACE_BOUND('',#1106,.T.);
#1345=FACE_BOUND('',#1107,.T.);
#1346=FACE_BOUND('',#166,.T.);
#1347=FACE_BOUND('',#1108,.T.);
#1348=FACE_BOUND('',#1109,.T.);
#1349=FACE_BOUND('',#1110,.T.);
#1350=FACE_BOUND('',#167,.T.);
#1351=FACE_BOUND('',#1111,.T.);
#1352=FACE_BOUND('',#1112,.T.);
#1353=FACE_BOUND('',#1113,.T.);
#1354=FACE_BOUND('',#1114,.T.);
#1355=FACE_BOUND('',#1115,.T.);
#1356=FACE_BOUND('',#1116,.T.);
#1357=FACE_BOUND('',#1117,.T.);
#1358=FACE_BOUND('',#1118,.T.);
#1359=FACE_BOUND('',#1119,.T.);
#1360=FACE_BOUND('',#1120,.T.);
#1361=FACE_BOUND('',#1121,.T.);
#1362=FACE_BOUND('',#1122,.T.);
#1363=FACE_BOUND('',#1123,.T.);
#1364=FACE_BOUND('',#1124,.T.);
#1365=FACE_BOUND('',#1125,.T.);
#1366=FACE_BOUND('',#1126,.T.);
#1367=FACE_BOUND('',#1127,.T.);
#1368=FACE_BOUND('',#1128,.T.);
#1369=FACE_BOUND('',#1129,.T.);
#1370=FACE_BOUND('',#1130,.T.);
#1371=FACE_BOUND('',#1131,.T.);
#1372=FACE_BOUND('',#1132,.T.);
#1373=FACE_BOUND('',#1133,.T.);
#1374=FACE_BOUND('',#1134,.T.);
#1375=FACE_BOUND('',#1135,.T.);
#1376=FACE_BOUND('',#1136,.T.);
#1377=FACE_BOUND('',#1137,.T.);
#1378=FACE_BOUND('',#1138,.T.);
#1379=FACE_BOUND('',#1139,.T.);
#1380=FACE_BOUND('',#1140,.T.);
#1381=FACE_BOUND('',#1141,.T.);
#1382=FACE_BOUND('',#1142,.T.);
#1383=FACE_BOUND('',#1143,.T.);
#1384=FACE_BOUND('',#1144,.T.);
#1385=FACE_BOUND('',#1145,.T.);
#1386=FACE_BOUND('',#1146,.T.);
#1387=FACE_BOUND('',#1147,.T.);
#1388=FACE_BOUND('',#1148,.T.);
#1389=FACE_BOUND('',#1149,.T.);
#1390=FACE_BOUND('',#1150,.T.);
#1391=FACE_BOUND('',#1151,.T.);
#1392=FACE_BOUND('',#1152,.T.);
#1393=FACE_BOUND('',#1153,.T.);
#1394=FACE_BOUND('',#1154,.T.);
#1395=FACE_BOUND('',#1155,.T.);
#1396=FACE_BOUND('',#1156,.T.);
#1397=FACE_BOUND('',#1157,.T.);
#1398=FACE_BOUND('',#1158,.T.);
#1399=FACE_BOUND('',#1159,.T.);
#1400=FACE_BOUND('',#1160,.T.);
#1401=FACE_BOUND('',#1161,.T.);
#1402=FACE_BOUND('',#1162,.T.);
#1403=FACE_BOUND('',#1163,.T.);
#1404=FACE_BOUND('',#1164,.T.);
#1405=FACE_BOUND('',#1165,.T.);
#1406=FACE_BOUND('',#1166,.T.);
#1407=FACE_BOUND('',#1167,.T.);
#1408=FACE_BOUND('',#1168,.T.);
#1409=FACE_BOUND('',#1169,.T.);
#1410=FACE_BOUND('',#1170,.T.);
#1411=FACE_BOUND('',#1171,.T.);
#1412=FACE_BOUND('',#1172,.T.);
#1413=FACE_BOUND('',#1173,.T.);
#1414=FACE_BOUND('',#1174,.T.);
#1415=FACE_BOUND('',#1175,.T.);
#1416=FACE_BOUND('',#168,.T.);
#1417=FACE_BOUND('',#1176,.T.);
#1418=FACE_BOUND('',#1177,.T.);
#1419=FACE_BOUND('',#1178,.T.);
#1420=FACE_BOUND('',#1179,.T.);
#1421=FACE_BOUND('',#1180,.T.);
#1422=FACE_BOUND('',#1181,.T.);
#1423=FACE_BOUND('',#1182,.T.);
#1424=FACE_BOUND('',#1183,.T.);
#1425=FACE_BOUND('',#1184,.T.);
#1426=FACE_BOUND('',#1185,.T.);
#1427=FACE_BOUND('',#1186,.T.);
#1428=FACE_BOUND('',#1187,.T.);
#1429=FACE_BOUND('',#1188,.T.);
#1430=FACE_BOUND('',#1189,.T.);
#1431=FACE_BOUND('',#1190,.T.);
#1432=FACE_BOUND('',#1191,.T.);
#1433=FACE_BOUND('',#1192,.T.);
#1434=FACE_BOUND('',#1193,.T.);
#1435=FACE_BOUND('',#1194,.T.);
#1436=FACE_BOUND('',#1195,.T.);
#1437=FACE_BOUND('',#1196,.T.);
#1438=FACE_BOUND('',#1197,.T.);
#1439=FACE_BOUND('',#1198,.T.);
#1440=FACE_BOUND('',#1199,.T.);
#1441=FACE_BOUND('',#1200,.T.);
#1442=FACE_BOUND('',#1201,.T.);
#1443=FACE_BOUND('',#1202,.T.);
#1444=FACE_BOUND('',#1203,.T.);
#1445=FACE_BOUND('',#1204,.T.);
#1446=FACE_BOUND('',#1205,.T.);
#1447=FACE_BOUND('',#1206,.T.);
#1448=FACE_BOUND('',#1207,.T.);
#1449=FACE_BOUND('',#1208,.T.);
#1450=FACE_BOUND('',#1209,.T.);
#1451=FACE_BOUND('',#1210,.T.);
#1452=FACE_BOUND('',#1211,.T.);
#1453=FACE_BOUND('',#1212,.T.);
#1454=FACE_BOUND('',#1213,.T.);
#1455=FACE_BOUND('',#1214,.T.);
#1456=FACE_BOUND('',#1215,.T.);
#1457=FACE_BOUND('',#1216,.T.);
#1458=FACE_BOUND('',#1217,.T.);
#1459=FACE_BOUND('',#1218,.T.);
#1460=FACE_BOUND('',#1219,.T.);
#1461=FACE_BOUND('',#1220,.T.);
#1462=FACE_BOUND('',#1221,.T.);
#1463=FACE_BOUND('',#1222,.T.);
#1464=FACE_BOUND('',#1223,.T.);
#1465=FACE_BOUND('',#1224,.T.);
#1466=FACE_BOUND('',#1225,.T.);
#1467=FACE_BOUND('',#1226,.T.);
#1468=FACE_BOUND('',#1227,.T.);
#1469=FACE_BOUND('',#1228,.T.);
#1470=FACE_BOUND('',#1229,.T.);
#1471=FACE_BOUND('',#1230,.T.);
#1472=FACE_BOUND('',#1231,.T.);
#1473=FACE_BOUND('',#1232,.T.);
#1474=FACE_BOUND('',#1233,.T.);
#1475=FACE_BOUND('',#1234,.T.);
#1476=FACE_BOUND('',#1235,.T.);
#1477=FACE_BOUND('',#1236,.T.);
#1478=FACE_BOUND('',#1237,.T.);
#1479=FACE_BOUND('',#1238,.T.);
#1480=FACE_BOUND('',#1239,.T.);
#1481=FACE_BOUND('',#1240,.T.);
#1482=FACE_BOUND('',#1241,.T.);
#1483=FACE_BOUND('',#1242,.T.);
#1484=FACE_BOUND('',#1243,.T.);
#1485=FACE_BOUND('',#1244,.T.);
#1486=FACE_BOUND('',#1245,.T.);
#1487=FACE_BOUND('',#1246,.T.);
#1488=FACE_BOUND('',#1247,.T.);
#1489=FACE_BOUND('',#1248,.T.);
#1490=FACE_BOUND('',#1249,.T.);
#1491=FACE_BOUND('',#1250,.T.);
#1492=FACE_BOUND('',#1251,.T.);
#1493=FACE_BOUND('',#1252,.T.);
#1494=FACE_BOUND('',#1253,.T.);
#1495=FACE_BOUND('',#1254,.T.);
#1496=FACE_BOUND('',#1255,.T.);
#1497=FACE_BOUND('',#1256,.T.);
#1498=FACE_BOUND('',#1257,.T.);
#1499=FACE_BOUND('',#1258,.T.);
#1500=FACE_BOUND('',#1259,.T.);
#1501=FACE_BOUND('',#1260,.T.);
#1502=FACE_BOUND('',#1261,.T.);
#1503=FACE_BOUND('',#1262,.T.);
#1504=FACE_BOUND('',#1263,.T.);
#1505=FACE_BOUND('',#1264,.T.);
#1506=FACE_BOUND('',#1265,.T.);
#1507=FACE_BOUND('',#1266,.T.);
#1508=FACE_BOUND('',#1267,.T.);
#1509=FACE_BOUND('',#1268,.T.);
#1510=FACE_BOUND('',#1269,.T.);
#1511=FACE_BOUND('',#1270,.T.);
#1512=FACE_BOUND('',#1271,.T.);
#1513=FACE_BOUND('',#1272,.T.);
#1514=FACE_BOUND('',#1273,.T.);
#1515=FACE_BOUND('',#1274,.T.);
#1516=FACE_BOUND('',#1275,.T.);
#1517=FACE_BOUND('',#1276,.T.);
#1518=FACE_BOUND('',#1277,.T.);
#1519=FACE_BOUND('',#1278,.T.);
#1520=FACE_BOUND('',#1279,.T.);
#1521=FACE_BOUND('',#1280,.T.);
#1522=FACE_BOUND('',#1281,.T.);
#1523=FACE_BOUND('',#1282,.T.);
#1524=FACE_BOUND('',#1283,.T.);
#1525=FACE_BOUND('',#1284,.T.);
#1526=FACE_BOUND('',#1285,.T.);
#1527=FACE_BOUND('',#1286,.T.);
#1528=FACE_BOUND('',#1287,.T.);
#1529=FACE_BOUND('',#1288,.T.);
#1530=FACE_BOUND('',#1289,.T.);
#1531=FACE_BOUND('',#1290,.T.);
#1532=FACE_BOUND('',#1291,.T.);
#1533=FACE_BOUND('',#1292,.T.);
#1534=FACE_BOUND('',#1293,.T.);
#1535=FACE_BOUND('',#1294,.T.);
#1536=FACE_BOUND('',#1295,.T.);
#1537=FACE_BOUND('',#1296,.T.);
#1538=FACE_BOUND('',#1297,.T.);
#1539=FACE_BOUND('',#1298,.T.);
#1540=FACE_BOUND('',#1299,.T.);
#1541=FACE_BOUND('',#1300,.T.);
#1542=FACE_BOUND('',#1301,.T.);
#1543=FACE_BOUND('',#1302,.T.);
#1544=FACE_BOUND('',#1303,.T.);
#1545=FACE_BOUND('',#1304,.T.);
#1546=FACE_BOUND('',#1305,.T.);
#1547=FACE_BOUND('',#1306,.T.);
#1548=FACE_BOUND('',#1307,.T.);
#1549=FACE_BOUND('',#1308,.T.);
#1550=FACE_BOUND('',#1309,.T.);
#1551=FACE_BOUND('',#1310,.T.);
#1552=FACE_BOUND('',#1311,.T.);
#1553=FACE_BOUND('',#1312,.T.);
#1554=FACE_BOUND('',#1313,.T.);
#1555=CYLINDRICAL_SURFACE('',#1789,0.015875);
#1556=CYLINDRICAL_SURFACE('',#1798,0.0025527);
#1557=CYLINDRICAL_SURFACE('',#1801,0.0025527);
#1558=CYLINDRICAL_SURFACE('',#1809,0.0025527);
#1559=CYLINDRICAL_SURFACE('',#1810,0.015875);
#1560=CYLINDRICAL_SURFACE('',#1816,0.0307975);
#1561=CYLINDRICAL_SURFACE('',#1820,0.00135255);
#1562=CYLINDRICAL_SURFACE('',#1824,0.00135255);
#1563=CYLINDRICAL_SURFACE('',#1828,0.00135255);
#1564=CYLINDRICAL_SURFACE('',#1880,0.0447675);
#1565=CYLINDRICAL_SURFACE('',#1886,0.0415925);
#1566=CYLINDRICAL_SURFACE('',#1887,0.0015875);
#1567=CYLINDRICAL_SURFACE('',#1889,0.0015875);
#1568=CYLINDRICAL_SURFACE('',#1891,0.0015875);
#1569=CYLINDRICAL_SURFACE('',#1893,0.0015875);
#1570=CYLINDRICAL_SURFACE('',#1895,0.0015875);
#1571=CYLINDRICAL_SURFACE('',#1897,0.0015875);
#1572=CYLINDRICAL_SURFACE('',#1899,0.0015875);
#1573=CYLINDRICAL_SURFACE('',#1901,0.0015875);
#1574=CYLINDRICAL_SURFACE('',#1903,0.04953);
#1575=CYLINDRICAL_SURFACE('',#1911,0.03683);
#1576=CYLINDRICAL_SURFACE('',#1914,0.0015875);
#1577=CYLINDRICAL_SURFACE('',#1916,0.0015875);
#1578=CYLINDRICAL_SURFACE('',#1918,0.00635);
#1579=CYLINDRICAL_SURFACE('',#1920,0.00635);
#1580=CYLINDRICAL_SURFACE('',#1926,0.00135255);
#1581=CYLINDRICAL_SURFACE('',#1928,0.0555625);
#1582=CYLINDRICAL_SURFACE('',#1942,0.03556);
#1583=CYLINDRICAL_SURFACE('',#1945,0.0508);
#1584=CYLINDRICAL_SURFACE('',#1956,0.0307975);
#1585=CYLINDRICAL_SURFACE('',#1957,0.0619125);
#1586=CYLINDRICAL_SURFACE('',#1960,0.00635);
#1587=CYLINDRICAL_SURFACE('',#1961,0.00635);
#1588=CYLINDRICAL_SURFACE('',#1962,0.0018288);
#1589=CYLINDRICAL_SURFACE('',#1963,0.0018288);
#1590=CYLINDRICAL_SURFACE('',#1964,0.0018288);
#1591=CYLINDRICAL_SURFACE('',#1965,0.0018288);
#1592=CYLINDRICAL_SURFACE('',#1974,0.0035687);
#1593=CYLINDRICAL_SURFACE('',#1977,0.0035687);
#1594=CYLINDRICAL_SURFACE('',#1980,0.0035687);
#1595=CYLINDRICAL_SURFACE('',#1983,0.0035687);
#1596=CYLINDRICAL_SURFACE('',#1986,0.0035687);
#1597=CYLINDRICAL_SURFACE('',#2008,0.0015875);
#1598=CYLINDRICAL_SURFACE('',#2009,0.0015875);
#1599=CYLINDRICAL_SURFACE('',#2010,0.009525);
#1600=CYLINDRICAL_SURFACE('',#2011,0.009525);
#1601=CYLINDRICAL_SURFACE('',#2012,0.0079375);
#1602=CYLINDRICAL_SURFACE('',#2013,0.0079375);
#1603=CYLINDRICAL_SURFACE('',#2014,0.0079375);
#1604=CYLINDRICAL_SURFACE('',#2015,0.0079375);
#1605=CYLINDRICAL_SURFACE('',#2025,0.0035687);
#1606=CYLINDRICAL_SURFACE('',#2028,0.0035687);
#1607=CYLINDRICAL_SURFACE('',#2031,0.0035687);
#1608=CYLINDRICAL_SURFACE('',#2034,0.0035687);
#1609=CYLINDRICAL_SURFACE('',#2042,0.0555625);
#1610=ADVANCED_FACE('',(#1314,#1315),#1555,.T.);
#1611=ADVANCED_FACE('',(#1316,#1317),#176,.T.);
#1612=ADVANCED_FACE('',(#1318,#1319),#177,.F.);
#1613=ADVANCED_FACE('',(#1320,#1321),#169,.F.);
#1614=ADVANCED_FACE('',(#1322,#1323),#1556,.F.);
#1615=ADVANCED_FACE('',(#1324,#1325),#170,.F.);
#1616=ADVANCED_FACE('',(#1326,#1327),#1557,.F.);
#1617=ADVANCED_FACE('',(#1328,#1329),#178,.F.);
#1618=ADVANCED_FACE('',(#1330,#1331),#171,.F.);
#1619=ADVANCED_FACE('',(#1332,#1333),#1558,.F.);
#1620=ADVANCED_FACE('',(#1334,#1335),#1559,.T.);
#1621=ADVANCED_FACE('',(#1336,#1337),#179,.T.);
#1622=ADVANCED_FACE('',(#1338),#180,.T.);
#1623=ADVANCED_FACE('',(#1339,#1340),#1560,.T.);
#1624=ADVANCED_FACE('',(#1341,#1342),#172,.F.);
#1625=ADVANCED_FACE('',(#1343,#1344),#1561,.F.);
#1626=ADVANCED_FACE('',(#1345,#1346),#173,.F.);
#1627=ADVANCED_FACE('',(#1347,#1348),#1562,.F.);
#1628=ADVANCED_FACE('',(#1349,#1350),#174,.F.);
#1629=ADVANCED_FACE('',(#1351,#1352),#1563,.F.);
#1630=ADVANCED_FACE('',(#1353,#1354,#1355),#181,.T.);
#1631=ADVANCED_FACE('',(#1356),#182,.T.);
#1632=ADVANCED_FACE('',(#1357),#183,.F.);
#1633=ADVANCED_FACE('',(#1358),#184,.F.);
#1634=ADVANCED_FACE('',(#1359),#185,.F.);
#1635=ADVANCED_FACE('',(#1360),#186,.F.);
#1636=ADVANCED_FACE('',(#1361),#187,.F.);
#1637=ADVANCED_FACE('',(#1362),#188,.F.);
#1638=ADVANCED_FACE('',(#1363),#189,.F.);
#1639=ADVANCED_FACE('',(#1364),#190,.T.);
#1640=ADVANCED_FACE('',(#1365,#1366),#1564,.F.);
#1641=ADVANCED_FACE('',(#1367),#191,.F.);
#1642=ADVANCED_FACE('',(#1368,#1369),#1565,.T.);
#1643=ADVANCED_FACE('',(#1370,#1371),#1566,.F.);
#1644=ADVANCED_FACE('',(#1372,#1373),#1567,.F.);
#1645=ADVANCED_FACE('',(#1374,#1375),#1568,.F.);
#1646=ADVANCED_FACE('',(#1376,#1377),#1569,.F.);
#1647=ADVANCED_FACE('',(#1378,#1379),#1570,.F.);
#1648=ADVANCED_FACE('',(#1380,#1381),#1571,.F.);
#1649=ADVANCED_FACE('',(#1382,#1383),#1572,.F.);
#1650=ADVANCED_FACE('',(#1384,#1385),#1573,.F.);
#1651=ADVANCED_FACE('',(#1386,#1387),#1574,.T.);
#1652=ADVANCED_FACE('',(#1388,#1389,#1390),#192,.T.);
#1653=ADVANCED_FACE('',(#1391,#1392),#1575,.F.);
#1654=ADVANCED_FACE('',(#1393,#1394,#1395,#1396,#1397,#1398,#1399,#1400,
#1401,#1402),#193,.T.);
#1655=ADVANCED_FACE('',(#1403,#1404),#1576,.F.);
#1656=ADVANCED_FACE('',(#1405,#1406),#1577,.F.);
#1657=ADVANCED_FACE('',(#1407,#1408),#1578,.T.);
#1658=ADVANCED_FACE('',(#1409,#1410),#1579,.T.);
#1659=ADVANCED_FACE('',(#1411,#1412),#194,.T.);
#1660=ADVANCED_FACE('',(#1413,#1414),#195,.T.);
#1661=ADVANCED_FACE('',(#1415,#1416),#175,.F.);
#1662=ADVANCED_FACE('',(#1417,#1418),#1580,.F.);
#1663=ADVANCED_FACE('',(#1419,#1420),#1581,.T.);
#1664=ADVANCED_FACE('',(#1421,#1422),#196,.T.);
#1665=ADVANCED_FACE('',(#1423,#1424,#1425,#1426,#1427,#1428,#1429,#1430),
#197,.F.);
#1666=ADVANCED_FACE('',(#1431,#1432),#1582,.T.);
#1667=ADVANCED_FACE('',(#1433,#1434),#1583,.F.);
#1668=ADVANCED_FACE('',(#1435,#1436,#1437,#1438,#1439,#1440,#1441,#1442),
#198,.T.);
#1669=ADVANCED_FACE('',(#1443,#1444),#199,.T.);
#1670=ADVANCED_FACE('',(#1445,#1446),#1584,.F.);
#1671=ADVANCED_FACE('',(#1447,#1448),#1585,.T.);
#1672=ADVANCED_FACE('',(#1449,#1450),#200,.F.);
#1673=ADVANCED_FACE('',(#1451,#1452),#1586,.F.);
#1674=ADVANCED_FACE('',(#1453,#1454),#1587,.F.);
#1675=ADVANCED_FACE('',(#1455,#1456),#1588,.F.);
#1676=ADVANCED_FACE('',(#1457,#1458),#1589,.F.);
#1677=ADVANCED_FACE('',(#1459,#1460),#1590,.F.);
#1678=ADVANCED_FACE('',(#1461,#1462),#1591,.F.);
#1679=ADVANCED_FACE('',(#1463),#201,.F.);
#1680=ADVANCED_FACE('',(#1464),#202,.F.);
#1681=ADVANCED_FACE('',(#1465),#203,.T.);
#1682=ADVANCED_FACE('',(#1466),#204,.T.);
#1683=ADVANCED_FACE('',(#1467),#205,.T.);
#1684=ADVANCED_FACE('',(#1468),#206,.F.);
#1685=ADVANCED_FACE('',(#1469),#207,.F.);
#1686=ADVANCED_FACE('',(#1470,#1471),#1592,.F.);
#1687=ADVANCED_FACE('',(#1472,#1473),#1593,.F.);
#1688=ADVANCED_FACE('',(#1474,#1475),#1594,.F.);
#1689=ADVANCED_FACE('',(#1476,#1477),#1595,.F.);
#1690=ADVANCED_FACE('',(#1478,#1479),#1596,.F.);
#1691=ADVANCED_FACE('',(#1480),#208,.T.);
#1692=ADVANCED_FACE('',(#1481,#1482,#1483,#1484,#1485,#1486,#1487,#1488,
#1489,#1490,#1491,#1492,#1493,#1494),#209,.T.);
#1693=ADVANCED_FACE('',(#1495,#1496,#1497,#1498,#1499,#1500,#1501,#1502,
#1503,#1504,#1505,#1506,#1507,#1508),#210,.F.);
#1694=ADVANCED_FACE('',(#1509,#1510),#1597,.F.);
#1695=ADVANCED_FACE('',(#1511,#1512),#1598,.F.);
#1696=ADVANCED_FACE('',(#1513,#1514),#1599,.F.);
#1697=ADVANCED_FACE('',(#1515,#1516),#1600,.F.);
#1698=ADVANCED_FACE('',(#1517,#1518),#1601,.F.);
#1699=ADVANCED_FACE('',(#1519,#1520),#1602,.F.);
#1700=ADVANCED_FACE('',(#1521,#1522),#1603,.F.);
#1701=ADVANCED_FACE('',(#1523,#1524),#1604,.F.);
#1702=ADVANCED_FACE('',(#1525),#211,.F.);
#1703=ADVANCED_FACE('',(#1526),#212,.F.);
#1704=ADVANCED_FACE('',(#1527),#213,.T.);
#1705=ADVANCED_FACE('',(#1528),#214,.T.);
#1706=ADVANCED_FACE('',(#1529),#215,.T.);
#1707=ADVANCED_FACE('',(#1530),#216,.F.);
#1708=ADVANCED_FACE('',(#1531),#217,.F.);
#1709=ADVANCED_FACE('',(#1532,#1533),#1605,.F.);
#1710=ADVANCED_FACE('',(#1534,#1535),#1606,.F.);
#1711=ADVANCED_FACE('',(#1536,#1537),#1607,.F.);
#1712=ADVANCED_FACE('',(#1538,#1539),#1608,.F.);
#1713=ADVANCED_FACE('',(#1540),#218,.T.);
#1714=ADVANCED_FACE('',(#1541,#1542,#1543,#1544,#1545,#1546),#219,.T.);
#1715=ADVANCED_FACE('',(#1547,#1548,#1549,#1550,#1551,#1552),#220,.F.);
#1716=ADVANCED_FACE('',(#1553,#1554),#1609,.F.);
#1717=CLOSED_SHELL('',(#1610,#1611,#1612,#1613,#1614,#1615,#1616));
#1718=CLOSED_SHELL('',(#1617,#1618,#1619,#1620,#1621,#1622,#1623));
#1719=CLOSED_SHELL('',(#1624,#1625,#1626,#1627,#1628,#1629,#1630,#1631,
#1632,#1633,#1634,#1635,#1636,#1637,#1638,#1639,#1640,#1641,#1642,#1643,
#1644,#1645,#1646,#1647,#1648,#1649,#1650,#1651,#1652,#1653,#1654,#1655,
#1656,#1657,#1658,#1659,#1660,#1661,#1662));
#1720=CLOSED_SHELL('',(#1663,#1664,#1665,#1666,#1667,#1668,#1669,#1670,
#1671,#1672,#1673,#1674,#1675,#1676,#1677,#1678));
#1721=CLOSED_SHELL('',(#1679,#1680,#1681,#1682,#1683,#1684,#1685,#1686,
#1687,#1688,#1689,#1690,#1691,#1692,#1693,#1694,#1695,#1696,#1697,#1698,
#1699,#1700,#1701));
#1722=CLOSED_SHELL('',(#1702,#1703,#1704,#1705,#1706,#1707,#1708,#1709,
#1710,#1711,#1712,#1713,#1714,#1715,#1716));
#1723=STYLED_ITEM('',(#1729),#1768);
#1724=STYLED_ITEM('',(#1730),#1769);
#1725=STYLED_ITEM('',(#1731),#1770);
#1726=STYLED_ITEM('',(#1732),#1771);
#1727=STYLED_ITEM('',(#1733),#1772);
#1728=STYLED_ITEM('',(#1734),#1773);
#1729=PRESENTATION_STYLE_ASSIGNMENT((#1735));
#1730=PRESENTATION_STYLE_ASSIGNMENT((#1736));
#1731=PRESENTATION_STYLE_ASSIGNMENT((#1737));
#1732=PRESENTATION_STYLE_ASSIGNMENT((#1738));
#1733=PRESENTATION_STYLE_ASSIGNMENT((#1739));
#1734=PRESENTATION_STYLE_ASSIGNMENT((#1740));
#1735=SURFACE_STYLE_USAGE(.BOTH.,#1741);
#1736=SURFACE_STYLE_USAGE(.BOTH.,#1742);
#1737=SURFACE_STYLE_USAGE(.BOTH.,#1743);
#1738=SURFACE_STYLE_USAGE(.BOTH.,#1744);
#1739=SURFACE_STYLE_USAGE(.BOTH.,#1745);
#1740=SURFACE_STYLE_USAGE(.BOTH.,#1746);
#1741=SURFACE_SIDE_STYLE('',(#1747));
#1742=SURFACE_SIDE_STYLE('',(#1748));
#1743=SURFACE_SIDE_STYLE('',(#1749));
#1744=SURFACE_SIDE_STYLE('',(#1750));
#1745=SURFACE_SIDE_STYLE('',(#1751));
#1746=SURFACE_SIDE_STYLE('',(#1752));
#1747=SURFACE_STYLE_FILL_AREA(#1753);
#1748=SURFACE_STYLE_FILL_AREA(#1754);
#1749=SURFACE_STYLE_FILL_AREA(#1755);
#1750=SURFACE_STYLE_FILL_AREA(#1756);
#1751=SURFACE_STYLE_FILL_AREA(#1757);
#1752=SURFACE_STYLE_FILL_AREA(#1758);
#1753=FILL_AREA_STYLE('',(#1759));
#1754=FILL_AREA_STYLE('',(#1760));
#1755=FILL_AREA_STYLE('',(#1761));
#1756=FILL_AREA_STYLE('',(#1762));
#1757=FILL_AREA_STYLE('',(#1763));
#1758=FILL_AREA_STYLE('',(#1764));
#1759=FILL_AREA_STYLE_COLOUR('',#1765);
#1760=FILL_AREA_STYLE_COLOUR('',#1765);
#1761=FILL_AREA_STYLE_COLOUR('',#1766);
#1762=FILL_AREA_STYLE_COLOUR('',#1767);
#1763=FILL_AREA_STYLE_COLOUR('',#1765);
#1764=FILL_AREA_STYLE_COLOUR('',#1765);
#1765=COLOUR_RGB('',0.43921568627451,0.474509803921569,0.501960784313726);
#1766=COLOUR_RGB('',0.701960784313725,0.701960784313725,0.701960784313725);
#1767=COLOUR_RGB('',0.917647058823529,0.917647058823529,0.917647058823529);
#1768=MANIFOLD_SOLID_BREP('outer_solenoid:1__Body1',#1717);
#1769=MANIFOLD_SOLID_BREP('center_solenoid:1__Body1',#1718);
#1770=MANIFOLD_SOLID_BREP('injector:1__Body1',#1719);
#1771=MANIFOLD_SOLID_BREP('chamber:1__Body1',#1720);
#1772=MANIFOLD_SOLID_BREP('bottom_plate:1__Body1',#1721);
#1773=MANIFOLD_SOLID_BREP('top_plate:1__Body1',#1722);
#1774=SHAPE_DEFINITION_REPRESENTATION(#3085,#1781);
#1775=SHAPE_DEFINITION_REPRESENTATION(#3086,#1782);
#1776=SHAPE_DEFINITION_REPRESENTATION(#3089,#1783);
#1777=SHAPE_DEFINITION_REPRESENTATION(#3091,#1784);
#1778=SHAPE_DEFINITION_REPRESENTATION(#3093,#1785);
#1779=SHAPE_DEFINITION_REPRESENTATION(#3095,#1786);
#1780=SHAPE_DEFINITION_REPRESENTATION(#3098,#1787);
#1781=SHAPE_REPRESENTATION('BPL-700 Assembly',(#1788,#1802,#1803,#1817,
#1927,#1966,#2016,#2017,#2043,#2044),#3068);
#1782=SHAPE_REPRESENTATION('outer_solenoid:1__Body1',(#1788),#3069);
#1783=SHAPE_REPRESENTATION('center_solenoid:1__Body1',(#1788),#3070);
#1784=SHAPE_REPRESENTATION('injector:1__Body1',(#1788),#3071);
#1785=SHAPE_REPRESENTATION('chamber:1__Body1',(#1788),#3072);
#1786=SHAPE_REPRESENTATION('bottom_plate:1__Body1',(#1788),#3073);
#1787=SHAPE_REPRESENTATION('top_plate:1__Body1',(#1788),#3074);
#1788=AXIS2_PLACEMENT_3D('',#2607,#2045,#2046);
#1789=AXIS2_PLACEMENT_3D('',#2608,#2047,#2048);
#1790=AXIS2_PLACEMENT_3D('',#2609,#2049,#2050);
#1791=AXIS2_PLACEMENT_3D('',#2611,#2051,#2052);
#1792=AXIS2_PLACEMENT_3D('',#2613,#2053,#2054);
#1793=AXIS2_PLACEMENT_3D('',#2614,#2055,#2056);
#1794=AXIS2_PLACEMENT_3D('',#2616,#2057,#2058);
#1795=AXIS2_PLACEMENT_3D('',#2617,#2059,#2060);
#1796=AXIS2_PLACEMENT_3D('',#2619,#2061,#2062);
#1797=AXIS2_PLACEMENT_3D('',#2620,#2063,#2064);
#1798=AXIS2_PLACEMENT_3D('',#2623,#2065,#2066);
#1799=AXIS2_PLACEMENT_3D('',#2624,#2067,#2068);
#1800=AXIS2_PLACEMENT_3D('',#2625,#2069,#2070);
#1801=AXIS2_PLACEMENT_3D('',#2628,#2071,#2072);
#1802=AXIS2_PLACEMENT_3D('',#2629,#2073,#2074);
#1803=AXIS2_PLACEMENT_3D('',#2630,#2075,#2076);
#1804=AXIS2_PLACEMENT_3D('',#2631,#2077,#2078);
#1805=AXIS2_PLACEMENT_3D('',#2632,#2079,#2080);
#1806=AXIS2_PLACEMENT_3D('',#2634,#2081,#2082);
#1807=AXIS2_PLACEMENT_3D('',#2636,#2083,#2084);
#1808=AXIS2_PLACEMENT_3D('',#2637,#2085,#2086);
#1809=AXIS2_PLACEMENT_3D('',#2640,#2087,#2088);
#1810=AXIS2_PLACEMENT_3D('',#2641,#2089,#2090);
#1811=AXIS2_PLACEMENT_3D('',#2642,#2091,#2092);
#1812=AXIS2_PLACEMENT_3D('',#2644,#2093,#2094);
#1813=AXIS2_PLACEMENT_3D('',#2645,#2095,#2096);
#1814=AXIS2_PLACEMENT_3D('',#2647,#2097,#2098);
#1815=AXIS2_PLACEMENT_3D('',#2648,#2099,#2100);
#1816=AXIS2_PLACEMENT_3D('',#2650,#2101,#2102);
#1817=AXIS2_PLACEMENT_3D('',#2651,#2103,#2104);
#1818=AXIS2_PLACEMENT_3D('',#2652,#2105,#2106);
#1819=AXIS2_PLACEMENT_3D('',#2653,#2107,#2108);
#1820=AXIS2_PLACEMENT_3D('',#2656,#2109,#2110);
#1821=AXIS2_PLACEMENT_3D('',#2657,#2111,#2112);
#1822=AXIS2_PLACEMENT_3D('',#2659,#2113,#2114);
#1823=AXIS2_PLACEMENT_3D('',#2660,#2115,#2116);
#1824=AXIS2_PLACEMENT_3D('',#2663,#2117,#2118);
#1825=AXIS2_PLACEMENT_3D('',#2664,#2119,#2120);
#1826=AXIS2_PLACEMENT_3D('',#2666,#2121,#2122);
#1827=AXIS2_PLACEMENT_3D('',#2667,#2123,#2124);
#1828=AXIS2_PLACEMENT_3D('',#2670,#2125,#2126);
#1829=AXIS2_PLACEMENT_3D('',#2671,#2127,#2128);
#1830=AXIS2_PLACEMENT_3D('',#2673,#2129,#2130);
#1831=AXIS2_PLACEMENT_3D('',#2674,#2131,#2132);
#1832=AXIS2_PLACEMENT_3D('',#2677,#2133,#2134);
#1833=AXIS2_PLACEMENT_3D('',#2679,#2135,#2136);
#1834=AXIS2_PLACEMENT_3D('',#2681,#2137,#2138);
#1835=AXIS2_PLACEMENT_3D('',#2682,#2139,#2140);
#1836=AXIS2_PLACEMENT_3D('',#2683,#2141,#2142);
#1837=AXIS2_PLACEMENT_3D('',#2686,#2143,#2144);
#1838=AXIS2_PLACEMENT_3D('',#2688,#2145,#2146);
#1839=AXIS2_PLACEMENT_3D('',#2690,#2147,#2148);
#1840=AXIS2_PLACEMENT_3D('',#2691,#2149,#2150);
#1841=AXIS2_PLACEMENT_3D('',#2692,#2151,#2152);
#1842=AXIS2_PLACEMENT_3D('',#2695,#2153,#2154);
#1843=AXIS2_PLACEMENT_3D('',#2697,#2155,#2156);
#1844=AXIS2_PLACEMENT_3D('',#2699,#2157,#2158);
#1845=AXIS2_PLACEMENT_3D('',#2700,#2159,#2160);
#1846=AXIS2_PLACEMENT_3D('',#2701,#2161,#2162);
#1847=AXIS2_PLACEMENT_3D('',#2703,#2163,#2164);
#1848=AXIS2_PLACEMENT_3D('',#2704,#2165,#2166);
#1849=AXIS2_PLACEMENT_3D('',#2706,#2167,#2168);
#1850=AXIS2_PLACEMENT_3D('',#2707,#2169,#2170);
#1851=AXIS2_PLACEMENT_3D('',#2708,#2171,#2172);
#1852=AXIS2_PLACEMENT_3D('',#2710,#2173,#2174);
#1853=AXIS2_PLACEMENT_3D('',#2711,#2175,#2176);
#1854=AXIS2_PLACEMENT_3D('',#2713,#2177,#2178);
#1855=AXIS2_PLACEMENT_3D('',#2714,#2179,#2180);
#1856=AXIS2_PLACEMENT_3D('',#2715,#2181,#2182);
#1857=AXIS2_PLACEMENT_3D('',#2717,#2183,#2184);
#1858=AXIS2_PLACEMENT_3D('',#2718,#2185,#2186);
#1859=AXIS2_PLACEMENT_3D('',#2720,#2187,#2188);
#1860=AXIS2_PLACEMENT_3D('',#2721,#2189,#2190);
#1861=AXIS2_PLACEMENT_3D('',#2722,#2191,#2192);
#1862=AXIS2_PLACEMENT_3D('',#2724,#2193,#2194);
#1863=AXIS2_PLACEMENT_3D('',#2725,#2195,#2196);
#1864=AXIS2_PLACEMENT_3D('',#2727,#2197,#2198);
#1865=AXIS2_PLACEMENT_3D('',#2728,#2199,#2200);
#1866=AXIS2_PLACEMENT_3D('',#2729,#2201,#2202);
#1867=AXIS2_PLACEMENT_3D('',#2732,#2203,#2204);
#1868=AXIS2_PLACEMENT_3D('',#2734,#2205,#2206);
#1869=AXIS2_PLACEMENT_3D('',#2736,#2207,#2208);
#1870=AXIS2_PLACEMENT_3D('',#2737,#2209,#2210);
#1871=AXIS2_PLACEMENT_3D('',#2738,#2211,#2212);
#1872=AXIS2_PLACEMENT_3D('',#2739,#2213,#2214);
#1873=AXIS2_PLACEMENT_3D('',#2740,#2215,#2216);
#1874=AXIS2_PLACEMENT_3D('',#2741,#2217,#2218);
#1875=AXIS2_PLACEMENT_3D('',#2742,#2219,#2220);
#1876=AXIS2_PLACEMENT_3D('',#2743,#2221,#2222);
#1877=AXIS2_PLACEMENT_3D('',#2744,#2223,#2224);
#1878=AXIS2_PLACEMENT_3D('',#2745,#2225,#2226);
#1879=AXIS2_PLACEMENT_3D('',#2746,#2227,#2228);
#1880=AXIS2_PLACEMENT_3D('',#2747,#2229,#2230);
#1881=AXIS2_PLACEMENT_3D('',#2748,#2231,#2232);
#1882=AXIS2_PLACEMENT_3D('',#2749,#2233,#2234);
#1883=AXIS2_PLACEMENT_3D('',#2750,#2235,#2236);
#1884=AXIS2_PLACEMENT_3D('',#2751,#2237,#2238);
#1885=AXIS2_PLACEMENT_3D('',#2752,#2239,#2240);
#1886=AXIS2_PLACEMENT_3D('',#2753,#2241,#2242);
#1887=AXIS2_PLACEMENT_3D('',#2754,#2243,#2244);
#1888=AXIS2_PLACEMENT_3D('',#2755,#2245,#2246);
#1889=AXIS2_PLACEMENT_3D('',#2757,#2247,#2248);
#1890=AXIS2_PLACEMENT_3D('',#2758,#2249,#2250);
#1891=AXIS2_PLACEMENT_3D('',#2760,#2251,#2252);
#1892=AXIS2_PLACEMENT_3D('',#2761,#2253,#2254);
#1893=AXIS2_PLACEMENT_3D('',#2763,#2255,#2256);
#1894=AXIS2_PLACEMENT_3D('',#2764,#2257,#2258);
#1895=AXIS2_PLACEMENT_3D('',#2766,#2259,#2260);
#1896=AXIS2_PLACEMENT_3D('',#2767,#2261,#2262);
#1897=AXIS2_PLACEMENT_3D('',#2769,#2263,#2264);
#1898=AXIS2_PLACEMENT_3D('',#2770,#2265,#2266);
#1899=AXIS2_PLACEMENT_3D('',#2772,#2267,#2268);
#1900=AXIS2_PLACEMENT_3D('',#2773,#2269,#2270);
#1901=AXIS2_PLACEMENT_3D('',#2775,#2271,#2272);
#1902=AXIS2_PLACEMENT_3D('',#2776,#2273,#2274);
#1903=AXIS2_PLACEMENT_3D('',#2778,#2275,#2276);
#1904=AXIS2_PLACEMENT_3D('',#2779,#2277,#2278);
#1905=AXIS2_PLACEMENT_3D('',#2781,#2279,#2280);
#1906=AXIS2_PLACEMENT_3D('',#2782,#2281,#2282);
#1907=AXIS2_PLACEMENT_3D('',#2783,#2283,#2284);
#1908=AXIS2_PLACEMENT_3D('',#2784,#2285,#2286);
#1909=AXIS2_PLACEMENT_3D('',#2785,#2287,#2288);
#1910=AXIS2_PLACEMENT_3D('',#2786,#2289,#2290);
#1911=AXIS2_PLACEMENT_3D('',#2788,#2291,#2292);
#1912=AXIS2_PLACEMENT_3D('',#2789,#2293,#2294);
#1913=AXIS2_PLACEMENT_3D('',#2791,#2295,#2296);
#1914=AXIS2_PLACEMENT_3D('',#2792,#2297,#2298);
#1915=AXIS2_PLACEMENT_3D('',#2793,#2299,#2300);
#1916=AXIS2_PLACEMENT_3D('',#2795,#2301,#2302);
#1917=AXIS2_PLACEMENT_3D('',#2796,#2303,#2304);
#1918=AXIS2_PLACEMENT_3D('',#2798,#2305,#2306);
#1919=AXIS2_PLACEMENT_3D('',#2799,#2307,#2308);
#1920=AXIS2_PLACEMENT_3D('',#2801,#2309,#2310);
#1921=AXIS2_PLACEMENT_3D('',#2802,#2311,#2312);
#1922=AXIS2_PLACEMENT_3D('',#2804,#2313,#2314);
#1923=AXIS2_PLACEMENT_3D('',#2805,#2315,#2316);
#1924=AXIS2_PLACEMENT_3D('',#2806,#2317,#2318);
#1925=AXIS2_PLACEMENT_3D('',#2807,#2319,#2320);
#1926=AXIS2_PLACEMENT_3D('',#2810,#2321,#2322);
#1927=AXIS2_PLACEMENT_3D('',#2811,#2323,#2324);
#1928=AXIS2_PLACEMENT_3D('',#2812,#2325,#2326);
#1929=AXIS2_PLACEMENT_3D('',#2813,#2327,#2328);
#1930=AXIS2_PLACEMENT_3D('',#2815,#2329,#2330);
#1931=AXIS2_PLACEMENT_3D('',#2817,#2331,#2332);
#1932=AXIS2_PLACEMENT_3D('',#2818,#2333,#2334);
#1933=AXIS2_PLACEMENT_3D('',#2820,#2335,#2336);
#1934=AXIS2_PLACEMENT_3D('',#2821,#2337,#2338);
#1935=AXIS2_PLACEMENT_3D('',#2823,#2339,#2340);
#1936=AXIS2_PLACEMENT_3D('',#2825,#2341,#2342);
#1937=AXIS2_PLACEMENT_3D('',#2827,#2343,#2344);
#1938=AXIS2_PLACEMENT_3D('',#2829,#2345,#2346);
#1939=AXIS2_PLACEMENT_3D('',#2831,#2347,#2348);
#1940=AXIS2_PLACEMENT_3D('',#2833,#2349,#2350);
#1941=AXIS2_PLACEMENT_3D('',#2835,#2351,#2352);
#1942=AXIS2_PLACEMENT_3D('',#2837,#2353,#2354);
#1943=AXIS2_PLACEMENT_3D('',#2838,#2355,#2356);
#1944=AXIS2_PLACEMENT_3D('',#2840,#2357,#2358);
#1945=AXIS2_PLACEMENT_3D('',#2842,#2359,#2360);
#1946=AXIS2_PLACEMENT_3D('',#2843,#2361,#2362);
#1947=AXIS2_PLACEMENT_3D('',#2845,#2363,#2364);
#1948=AXIS2_PLACEMENT_3D('',#2846,#2365,#2366);
#1949=AXIS2_PLACEMENT_3D('',#2848,#2367,#2368);
#1950=AXIS2_PLACEMENT_3D('',#2850,#2369,#2370);
#1951=AXIS2_PLACEMENT_3D('',#2852,#2371,#2372);
#1952=AXIS2_PLACEMENT_3D('',#2854,#2373,#2374);
#1953=AXIS2_PLACEMENT_3D('',#2856,#2375,#2376);
#1954=AXIS2_PLACEMENT_3D('',#2858,#2377,#2378);
#1955=AXIS2_PLACEMENT_3D('',#2859,#2379,#2380);
#1956=AXIS2_PLACEMENT_3D('',#2861,#2381,#2382);
#1957=AXIS2_PLACEMENT_3D('',#2862,#2383,#2384);
#1958=AXIS2_PLACEMENT_3D('',#2863,#2385,#2386);
#1959=AXIS2_PLACEMENT_3D('',#2865,#2387,#2388);
#1960=AXIS2_PLACEMENT_3D('',#2866,#2389,#2390);
#1961=AXIS2_PLACEMENT_3D('',#2867,#2391,#2392);
#1962=AXIS2_PLACEMENT_3D('',#2868,#2393,#2394);
#1963=AXIS2_PLACEMENT_3D('',#2869,#2395,#2396);
#1964=AXIS2_PLACEMENT_3D('',#2870,#2397,#2398);
#1965=AXIS2_PLACEMENT_3D('',#2871,#2399,#2400);
#1966=AXIS2_PLACEMENT_3D('',#2872,#2401,#2402);
#1967=AXIS2_PLACEMENT_3D('',#2873,#2403,#2404);
#1968=AXIS2_PLACEMENT_3D('',#2882,#2409,#2410);
#1969=AXIS2_PLACEMENT_3D('',#2888,#2414,#2415);
#1970=AXIS2_PLACEMENT_3D('',#2894,#2419,#2420);
#1971=AXIS2_PLACEMENT_3D('',#2900,#2424,#2425);
#1972=AXIS2_PLACEMENT_3D('',#2906,#2429,#2430);
#1973=AXIS2_PLACEMENT_3D('',#2912,#2434,#2435);
#1974=AXIS2_PLACEMENT_3D('',#2918,#2439,#2440);
#1975=AXIS2_PLACEMENT_3D('',#2919,#2441,#2442);
#1976=AXIS2_PLACEMENT_3D('',#2921,#2443,#2444);
#1977=AXIS2_PLACEMENT_3D('',#2923,#2445,#2446);
#1978=AXIS2_PLACEMENT_3D('',#2924,#2447,#2448);
#1979=AXIS2_PLACEMENT_3D('',#2926,#2449,#2450);
#1980=AXIS2_PLACEMENT_3D('',#2928,#2451,#2452);
#1981=AXIS2_PLACEMENT_3D('',#2929,#2453,#2454);
#1982=AXIS2_PLACEMENT_3D('',#2931,#2455,#2456);
#1983=AXIS2_PLACEMENT_3D('',#2933,#2457,#2458);
#1984=AXIS2_PLACEMENT_3D('',#2934,#2459,#2460);
#1985=AXIS2_PLACEMENT_3D('',#2936,#2461,#2462);
#1986=AXIS2_PLACEMENT_3D('',#2938,#2463,#2464);
#1987=AXIS2_PLACEMENT_3D('',#2939,#2465,#2466);
#1988=AXIS2_PLACEMENT_3D('',#2941,#2467,#2468);
#1989=AXIS2_PLACEMENT_3D('',#2943,#2469,#2470);
#1990=AXIS2_PLACEMENT_3D('',#2946,#2473,#2474);
#1991=AXIS2_PLACEMENT_3D('',#2947,#2475,#2476);
#1992=AXIS2_PLACEMENT_3D('',#2949,#2477,#2478);
#1993=AXIS2_PLACEMENT_3D('',#2951,#2479,#2480);
#1994=AXIS2_PLACEMENT_3D('',#2953,#2481,#2482);
#1995=AXIS2_PLACEMENT_3D('',#2955,#2483,#2484);
#1996=AXIS2_PLACEMENT_3D('',#2957,#2485,#2486);
#1997=AXIS2_PLACEMENT_3D('',#2959,#2487,#2488);
#1998=AXIS2_PLACEMENT_3D('',#2961,#2489,#2490);
#1999=AXIS2_PLACEMENT_3D('',#2963,#2491,#2492);
#2000=AXIS2_PLACEMENT_3D('',#2964,#2493,#2494);
#2001=AXIS2_PLACEMENT_3D('',#2966,#2495,#2496);
#2002=AXIS2_PLACEMENT_3D('',#2968,#2497,#2498);
#2003=AXIS2_PLACEMENT_3D('',#2970,#2499,#2500);
#2004=AXIS2_PLACEMENT_3D('',#2972,#2501,#2502);
#2005=AXIS2_PLACEMENT_3D('',#2974,#2503,#2504);
#2006=AXIS2_PLACEMENT_3D('',#2976,#2505,#2506);
#2007=AXIS2_PLACEMENT_3D('',#2978,#2507,#2508);
#2008=AXIS2_PLACEMENT_3D('',#2980,#2509,#2510);
#2009=AXIS2_PLACEMENT_3D('',#2981,#2511,#2512);
#2010=AXIS2_PLACEMENT_3D('',#2982,#2513,#2514);
#2011=AXIS2_PLACEMENT_3D('',#2983,#2515,#2516);
#2012=AXIS2_PLACEMENT_3D('',#2984,#2517,#2518);
#2013=AXIS2_PLACEMENT_3D('',#2985,#2519,#2520);
#2014=AXIS2_PLACEMENT_3D('',#2986,#2521,#2522);
#2015=AXIS2_PLACEMENT_3D('',#2987,#2523,#2524);
#2016=AXIS2_PLACEMENT_3D('',#2988,#2525,#2526);
#2017=AXIS2_PLACEMENT_3D('',#2989,#2527,#2528);
#2018=AXIS2_PLACEMENT_3D('',#2990,#2529,#2530);
#2019=AXIS2_PLACEMENT_3D('',#2999,#2535,#2536);
#2020=AXIS2_PLACEMENT_3D('',#3005,#2540,#2541);
#2021=AXIS2_PLACEMENT_3D('',#3011,#2545,#2546);
#2022=AXIS2_PLACEMENT_3D('',#3017,#2550,#2551);
#2023=AXIS2_PLACEMENT_3D('',#3023,#2555,#2556);
#2024=AXIS2_PLACEMENT_3D('',#3029,#2560,#2561);
#2025=AXIS2_PLACEMENT_3D('',#3035,#2565,#2566);
#2026=AXIS2_PLACEMENT_3D('',#3036,#2567,#2568);
#2027=AXIS2_PLACEMENT_3D('',#3038,#2569,#2570);
#2028=AXIS2_PLACEMENT_3D('',#3040,#2571,#2572);
#2029=AXIS2_PLACEMENT_3D('',#3041,#2573,#2574);
#2030=AXIS2_PLACEMENT_3D('',#3043,#2575,#2576);
#2031=AXIS2_PLACEMENT_3D('',#3045,#2577,#2578);
#2032=AXIS2_PLACEMENT_3D('',#3046,#2579,#2580);
#2033=AXIS2_PLACEMENT_3D('',#3048,#2581,#2582);
#2034=AXIS2_PLACEMENT_3D('',#3050,#2583,#2584);
#2035=AXIS2_PLACEMENT_3D('',#3051,#2585,#2586);
#2036=AXIS2_PLACEMENT_3D('',#3053,#2587,#2588);
#2037=AXIS2_PLACEMENT_3D('',#3055,#2589,#2590);
#2038=AXIS2_PLACEMENT_3D('',#3058,#2593,#2594);
#2039=AXIS2_PLACEMENT_3D('',#3059,#2595,#2596);
#2040=AXIS2_PLACEMENT_3D('',#3061,#2597,#2598);
#2041=AXIS2_PLACEMENT_3D('',#3062,#2599,#2600);
#2042=AXIS2_PLACEMENT_3D('',#3064,#2601,#2602);
#2043=AXIS2_PLACEMENT_3D('',#3065,#2603,#2604);
#2044=AXIS2_PLACEMENT_3D('',#3066,#2605,#2606);
#2045=DIRECTION('',(0.,0.,1.));
#2046=DIRECTION('',(1.,0.,0.));
#2047=DIRECTION('',(0.,0.,-1.));
#2048=DIRECTION('',(-1.,0.,0.));
#2049=DIRECTION('',(0.,0.,-1.));
#2050=DIRECTION('',(-1.,0.,0.));
#2051=DIRECTION('',(0.,0.,-1.));
#2052=DIRECTION('',(-1.,0.,0.));
#2053=DIRECTION('',(0.,0.,1.));
#2054=DIRECTION('',(1.,0.,0.));
#2055=DIRECTION('',(0.,0.,-1.));
#2056=DIRECTION('',(-1.,0.,0.));
#2057=DIRECTION('',(0.,0.,1.));
#2058=DIRECTION('',(1.,0.,0.));
#2059=DIRECTION('',(0.,0.,1.));
#2060=DIRECTION('',(1.,0.,0.));
#2061=DIRECTION('',(0.,0.,1.));
#2062=DIRECTION('',(1.,0.,0.));
#2063=DIRECTION('',(0.,0.,-1.));
#2064=DIRECTION('',(-1.,0.,0.));
#2065=DIRECTION('',(0.,0.,-1.));
#2066=DIRECTION('',(-1.,0.,0.));
#2067=DIRECTION('',(0.,0.,-1.));
#2068=DIRECTION('',(-1.,0.,0.));
#2069=DIRECTION('',(0.,0.,1.));
#2070=DIRECTION('',(1.,0.,0.));
#2071=DIRECTION('',(0.,0.,1.));
#2072=DIRECTION('',(1.,0.,0.));
#2073=DIRECTION('',(0.,1.,0.));
#2074=DIRECTION('',(1.,0.,0.));
#2075=DIRECTION('',(0.,-1.,0.));
#2076=DIRECTION('',(1.,0.,0.));
#2077=DIRECTION('',(0.,0.,1.));
#2078=DIRECTION('',(1.,0.,0.));
#2079=DIRECTION('',(0.,0.,-1.));
#2080=DIRECTION('',(-1.,0.,0.));
#2081=DIRECTION('',(0.,0.,1.));
#2082=DIRECTION('',(1.,0.,0.));
#2083=DIRECTION('',(0.,0.,-1.));
#2084=DIRECTION('',(-1.,0.,0.));
#2085=DIRECTION('',(0.,0.,1.));
#2086=DIRECTION('',(1.,0.,0.));
#2087=DIRECTION('',(0.,0.,1.));
#2088=DIRECTION('',(1.,0.,0.));
#2089=DIRECTION('',(0.,0.,-1.));
#2090=DIRECTION('',(-1.,0.,0.));
#2091=DIRECTION('',(0.,0.,-1.));
#2092=DIRECTION('',(-1.,0.,0.));
#2093=DIRECTION('',(0.,0.,-1.));
#2094=DIRECTION('',(1.,0.,0.));
#2095=DIRECTION('',(0.,0.,-1.));
#2096=DIRECTION('',(-1.,0.,0.));
#2097=DIRECTION('',(0.,0.,1.));
#2098=DIRECTION('',(1.,0.,0.));
#2099=DIRECTION('',(0.,0.,-1.));
#2100=DIRECTION('',(-1.,0.,0.));
#2101=DIRECTION('',(0.,0.,-1.));
#2102=DIRECTION('',(-1.,0.,0.));
#2103=DIRECTION('',(0.,-1.,0.));
#2104=DIRECTION('',(1.,0.,0.));
#2105=DIRECTION('',(0.,0.,-1.));
#2106=DIRECTION('',(1.83697019872103E-16,-1.,0.));
#2107=DIRECTION('',(0.,0.,1.));
#2108=DIRECTION('',(1.,0.,0.));
#2109=DIRECTION('',(0.,0.,1.));
#2110=DIRECTION('',(-1.83697019872103E-16,1.,0.));
#2111=DIRECTION('',(0.,0.,1.));
#2112=DIRECTION('',(1.,0.,0.));
#2113=DIRECTION('',(0.,0.,-1.));
#2114=DIRECTION('',(1.,1.22464679914735E-16,0.));
#2115=DIRECTION('',(0.,0.,1.));
#2116=DIRECTION('',(1.,0.,0.));
#2117=DIRECTION('',(0.,0.,1.));
#2118=DIRECTION('',(-1.,-1.22464679914735E-16,0.));
#2119=DIRECTION('',(0.,0.,1.));
#2120=DIRECTION('',(1.,0.,0.));
#2121=DIRECTION('',(0.,0.,-1.));
#2122=DIRECTION('',(-6.12323399573677E-17,1.,0.));
#2123=DIRECTION('',(0.,0.,1.));
#2124=DIRECTION('',(1.,0.,0.));
#2125=DIRECTION('',(0.,0.,1.));
#2126=DIRECTION('',(6.12323399573677E-17,-1.,0.));
#2127=DIRECTION('',(0.,0.,1.));
#2128=DIRECTION('',(1.,0.,0.));
#2129=DIRECTION('',(0.,0.,-1.));
#2130=DIRECTION('',(-1.,0.,0.));
#2131=DIRECTION('',(0.,0.,1.));
#2132=DIRECTION('',(1.,0.,0.));
#2133=DIRECTION('',(0.,0.,-1.));
#2134=DIRECTION('',(-1.,0.,0.));
#2135=DIRECTION('',(0.,0.,1.));
#2136=DIRECTION('',(1.,0.,0.));
#2137=DIRECTION('',(0.,0.,-1.));
#2138=DIRECTION('',(-1.,0.,0.));
#2139=DIRECTION('',(0.,0.,1.));
#2140=DIRECTION('',(1.,0.,0.));
#2141=DIRECTION('',(0.,0.,1.));
#2142=DIRECTION('',(1.,0.,0.));
#2143=DIRECTION('',(0.,0.,-1.));
#2144=DIRECTION('',(-1.,0.,0.));
#2145=DIRECTION('',(0.,0.,1.));
#2146=DIRECTION('',(1.,0.,0.));
#2147=DIRECTION('',(0.,0.,-1.));
#2148=DIRECTION('',(-1.,0.,0.));
#2149=DIRECTION('',(0.,0.,1.));
#2150=DIRECTION('',(1.,0.,0.));
#2151=DIRECTION('',(0.,0.,-1.));
#2152=DIRECTION('',(-1.,0.,0.));
#2153=DIRECTION('',(0.,0.,1.));
#2154=DIRECTION('',(1.,0.,0.));
#2155=DIRECTION('',(0.,0.,-1.));
#2156=DIRECTION('',(-1.,0.,0.));
#2157=DIRECTION('',(0.,0.,1.));
#2158=DIRECTION('',(1.,0.,0.));
#2159=DIRECTION('',(0.,0.,1.));
#2160=DIRECTION('',(1.,0.,0.));
#2161=DIRECTION('',(0.,0.,-1.));
#2162=DIRECTION('',(-1.,0.,0.));
#2163=DIRECTION('',(0.,0.,1.));
#2164=DIRECTION('',(1.,0.,0.));
#2165=DIRECTION('',(0.,0.,-1.));
#2166=DIRECTION('',(-1.,0.,0.));
#2167=DIRECTION('',(0.,0.,1.));
#2168=DIRECTION('',(1.,0.,0.));
#2169=DIRECTION('',(0.,0.,1.));
#2170=DIRECTION('',(1.,0.,0.));
#2171=DIRECTION('',(0.,0.,-1.));
#2172=DIRECTION('',(-1.,0.,0.));
#2173=DIRECTION('',(0.,0.,1.));
#2174=DIRECTION('',(1.,0.,0.));
#2175=DIRECTION('',(0.,0.,-1.));
#2176=DIRECTION('',(-1.,0.,0.));
#2177=DIRECTION('',(0.,0.,1.));
#2178=DIRECTION('',(1.,0.,0.));
#2179=DIRECTION('',(0.,0.,1.));
#2180=DIRECTION('',(1.,0.,0.));
#2181=DIRECTION('',(0.,0.,-1.));
#2182=DIRECTION('',(-1.,0.,0.));
#2183=DIRECTION('',(0.,0.,1.));
#2184=DIRECTION('',(1.,0.,0.));
#2185=DIRECTION('',(0.,0.,-1.));
#2186=DIRECTION('',(-1.,0.,0.));
#2187=DIRECTION('',(0.,0.,1.));
#2188=DIRECTION('',(1.,0.,0.));
#2189=DIRECTION('',(0.,0.,1.));
#2190=DIRECTION('',(1.,0.,0.));
#2191=DIRECTION('',(0.,0.,-1.));
#2192=DIRECTION('',(-1.,0.,0.));
#2193=DIRECTION('',(0.,0.,1.));
#2194=DIRECTION('',(1.,0.,0.));
#2195=DIRECTION('',(0.,0.,-1.));
#2196=DIRECTION('',(-1.,0.,0.));
#2197=DIRECTION('',(0.,0.,1.));
#2198=DIRECTION('',(1.,0.,0.));
#2199=DIRECTION('',(0.,0.,1.));
#2200=DIRECTION('',(1.,0.,0.));
#2201=DIRECTION('',(0.,0.,-1.));
#2202=DIRECTION('',(-1.,0.,0.));
#2203=DIRECTION('',(0.,0.,1.));
#2204=DIRECTION('',(1.,0.,0.));
#2205=DIRECTION('',(0.,0.,-1.));
#2206=DIRECTION('',(-1.,0.,0.));
#2207=DIRECTION('',(0.,0.,1.));
#2208=DIRECTION('',(1.,0.,0.));
#2209=DIRECTION('',(0.,0.,1.));
#2210=DIRECTION('',(1.,0.,0.));
#2211=DIRECTION('',(0.,0.,-1.));
#2212=DIRECTION('',(-1.,0.,0.));
#2213=DIRECTION('',(0.,0.,1.));
#2214=DIRECTION('',(1.,0.,0.));
#2215=DIRECTION('',(0.,0.,-1.));
#2216=DIRECTION('',(-1.,0.,0.));
#2217=DIRECTION('',(0.,0.,1.));
#2218=DIRECTION('',(1.,0.,0.));
#2219=DIRECTION('',(0.,0.,1.));
#2220=DIRECTION('',(1.,0.,0.));
#2221=DIRECTION('',(0.,0.,1.));
#2222=DIRECTION('',(1.,0.,0.));
#2223=DIRECTION('',(0.,0.,-1.));
#2224=DIRECTION('',(-1.,0.,0.));
#2225=DIRECTION('',(0.,0.,1.));
#2226=DIRECTION('',(1.,0.,0.));
#2227=DIRECTION('',(0.,0.,-1.));
#2228=DIRECTION('',(-1.,0.,0.));
#2229=DIRECTION('',(0.,0.,-1.));
#2230=DIRECTION('',(-1.,0.,0.));
#2231=DIRECTION('',(0.,0.,-1.));
#2232=DIRECTION('',(-1.,0.,0.));
#2233=DIRECTION('',(0.,0.,1.));
#2234=DIRECTION('',(1.,0.,0.));
#2235=DIRECTION('',(0.,0.,-1.));
#2236=DIRECTION('',(-1.,0.,0.));
#2237=DIRECTION('',(0.,0.,1.));
#2238=DIRECTION('',(1.,0.,0.));
#2239=DIRECTION('',(0.,0.,1.));
#2240=DIRECTION('',(1.,0.,0.));
#2241=DIRECTION('',(0.,0.,-1.));
#2242=DIRECTION('',(-1.,0.,0.));
#2243=DIRECTION('',(0.,0.,1.));
#2244=DIRECTION('',(1.,0.,0.));
#2245=DIRECTION('',(0.,0.,1.));
#2246=DIRECTION('',(1.,0.,0.));
#2247=DIRECTION('',(0.,0.,1.));
#2248=DIRECTION('',(1.,0.,0.));
#2249=DIRECTION('',(0.,0.,1.));
#2250=DIRECTION('',(1.,0.,0.));
#2251=DIRECTION('',(0.,0.,1.));
#2252=DIRECTION('',(1.,0.,0.));
#2253=DIRECTION('',(0.,0.,1.));
#2254=DIRECTION('',(1.,0.,0.));
#2255=DIRECTION('',(0.,0.,1.));
#2256=DIRECTION('',(1.,0.,0.));
#2257=DIRECTION('',(0.,0.,1.));
#2258=DIRECTION('',(1.,0.,0.));
#2259=DIRECTION('',(0.,0.,1.));
#2260=DIRECTION('',(1.,0.,0.));
#2261=DIRECTION('',(0.,0.,1.));
#2262=DIRECTION('',(1.,0.,0.));
#2263=DIRECTION('',(0.,0.,1.));
#2264=DIRECTION('',(1.,0.,0.));
#2265=DIRECTION('',(0.,0.,1.));
#2266=DIRECTION('',(1.,0.,0.));
#2267=DIRECTION('',(0.,0.,1.));
#2268=DIRECTION('',(1.,0.,0.));
#2269=DIRECTION('',(0.,0.,1.));
#2270=DIRECTION('',(1.,0.,0.));
#2271=DIRECTION('',(0.,0.,1.));
#2272=DIRECTION('',(1.,0.,0.));
#2273=DIRECTION('',(0.,0.,1.));
#2274=DIRECTION('',(1.,0.,0.));
#2275=DIRECTION('',(0.,0.,-1.));
#2276=DIRECTION('',(-1.,0.,0.));
#2277=DIRECTION('',(0.,0.,-1.));
#2278=DIRECTION('',(-1.,0.,0.));
#2279=DIRECTION('',(0.,0.,-1.));
#2280=DIRECTION('',(-1.,0.,0.));
#2281=DIRECTION('',(0.,0.,-1.));
#2282=DIRECTION('',(-1.,0.,0.));
#2283=DIRECTION('',(0.,0.,1.));
#2284=DIRECTION('',(1.,0.,0.));
#2285=DIRECTION('',(0.,0.,-1.));
#2286=DIRECTION('',(-1.,0.,0.));
#2287=DIRECTION('',(0.,0.,1.));
#2288=DIRECTION('',(1.,0.,0.));
#2289=DIRECTION('',(0.,0.,1.));
#2290=DIRECTION('',(1.,0.,0.));
#2291=DIRECTION('',(0.,0.,-1.));
#2292=DIRECTION('',(-1.,0.,0.));
#2293=DIRECTION('',(0.,0.,-1.));
#2294=DIRECTION('',(-1.,0.,0.));
#2295=DIRECTION('',(0.,0.,1.));
#2296=DIRECTION('',(1.,0.,0.));
#2297=DIRECTION('',(0.,0.,1.));
#2298=DIRECTION('',(1.,0.,0.));
#2299=DIRECTION('',(0.,0.,1.));
#2300=DIRECTION('',(1.,0.,0.));
#2301=DIRECTION('',(0.,0.,1.));
#2302=DIRECTION('',(1.,0.,0.));
#2303=DIRECTION('',(0.,0.,1.));
#2304=DIRECTION('',(1.,0.,0.));
#2305=DIRECTION('',(0.,0.,1.));
#2306=DIRECTION('',(1.,0.,0.));
#2307=DIRECTION('',(0.,0.,1.));
#2308=DIRECTION('',(1.,0.,0.));
#2309=DIRECTION('',(0.,0.,1.));
#2310=DIRECTION('',(1.,0.,0.));
#2311=DIRECTION('',(0.,0.,1.));
#2312=DIRECTION('',(1.,0.,0.));
#2313=DIRECTION('',(0.,0.,-1.));
#2314=DIRECTION('',(1.,0.,0.));
#2315=DIRECTION('',(0.,0.,-1.));
#2316=DIRECTION('',(1.,0.,0.));
#2317=DIRECTION('',(0.,0.,-1.));
#2318=DIRECTION('',(-1.,0.,0.));
#2319=DIRECTION('',(0.,0.,1.));
#2320=DIRECTION('',(1.,0.,0.));
#2321=DIRECTION('',(0.,0.,1.));
#2322=DIRECTION('',(1.,0.,0.));
#2323=DIRECTION('',(0.,-1.,0.));
#2324=DIRECTION('',(1.,0.,0.));
#2325=DIRECTION('',(0.,0.,-1.));
#2326=DIRECTION('',(-1.,0.,0.));
#2327=DIRECTION('',(0.,0.,-1.));
#2328=DIRECTION('',(-1.,0.,0.));
#2329=DIRECTION('',(0.,0.,-1.));
#2330=DIRECTION('',(-1.,0.,0.));
#2331=DIRECTION('',(0.,0.,1.));
#2332=DIRECTION('',(1.,0.,0.));
#2333=DIRECTION('',(0.,0.,1.));
#2334=DIRECTION('',(1.,0.,0.));
#2335=DIRECTION('',(0.,0.,1.));
#2336=DIRECTION('',(1.,0.,0.));
#2337=DIRECTION('',(0.,0.,-1.));
#2338=DIRECTION('',(-1.,0.,0.));
#2339=DIRECTION('',(0.,0.,-1.));
#2340=DIRECTION('',(-1.,0.,0.));
#2341=DIRECTION('',(0.,0.,-1.));
#2342=DIRECTION('',(-1.,0.,0.));
#2343=DIRECTION('',(0.,0.,-1.));
#2344=DIRECTION('',(-1.,0.,0.));
#2345=DIRECTION('',(0.,0.,-1.));
#2346=DIRECTION('',(-1.,0.,0.));
#2347=DIRECTION('',(0.,0.,-1.));
#2348=DIRECTION('',(-1.,0.,0.));
#2349=DIRECTION('',(0.,0.,-1.));
#2350=DIRECTION('',(-1.,0.,0.));
#2351=DIRECTION('',(0.,0.,1.));
#2352=DIRECTION('',(1.,0.,0.));
#2353=DIRECTION('',(0.,0.,1.));
#2354=DIRECTION('',(1.,0.,0.));
#2355=DIRECTION('',(0.,0.,1.));
#2356=DIRECTION('',(1.,0.,0.));
#2357=DIRECTION('',(0.,0.,1.));
#2358=DIRECTION('',(1.,0.,0.));
#2359=DIRECTION('',(0.,0.,1.));
#2360=DIRECTION('',(1.,0.,0.));
#2361=DIRECTION('',(0.,0.,1.));
#2362=DIRECTION('',(1.,0.,0.));
#2363=DIRECTION('',(0.,0.,1.));
#2364=DIRECTION('',(1.,0.,0.));
#2365=DIRECTION('',(0.,0.,-1.));
#2366=DIRECTION('',(-1.,0.,0.));
#2367=DIRECTION('',(0.,0.,-1.));
#2368=DIRECTION('',(-1.,0.,0.));
#2369=DIRECTION('',(0.,0.,-1.));
#2370=DIRECTION('',(-1.,0.,0.));
#2371=DIRECTION('',(0.,0.,-1.));
#2372=DIRECTION('',(-1.,0.,0.));
#2373=DIRECTION('',(0.,0.,-1.));
#2374=DIRECTION('',(-1.,0.,0.));
#2375=DIRECTION('',(0.,0.,-1.));
#2376=DIRECTION('',(-1.,0.,0.));
#2377=DIRECTION('',(0.,0.,1.));
#2378=DIRECTION('',(1.,0.,0.));
#2379=DIRECTION('',(0.,0.,1.));
#2380=DIRECTION('',(1.,0.,0.));
#2381=DIRECTION('',(0.,0.,1.));
#2382=DIRECTION('',(1.,0.,0.));
#2383=DIRECTION('',(0.,0.,-1.));
#2384=DIRECTION('',(-1.,0.,0.));
#2385=DIRECTION('',(0.,0.,-1.));
#2386=DIRECTION('',(-1.,0.,0.));
#2387=DIRECTION('',(0.,0.,-1.));
#2388=DIRECTION('',(1.,0.,0.));
#2389=DIRECTION('',(0.,0.,-1.));
#2390=DIRECTION('',(-1.,0.,0.));
#2391=DIRECTION('',(0.,0.,-1.));
#2392=DIRECTION('',(-1.,0.,0.));
#2393=DIRECTION('',(0.,0.,-1.));
#2394=DIRECTION('',(-1.,0.,0.));
#2395=DIRECTION('',(0.,0.,-1.));
#2396=DIRECTION('',(-1.,0.,0.));
#2397=DIRECTION('',(0.,0.,-1.));
#2398=DIRECTION('',(-1.,0.,0.));
#2399=DIRECTION('',(0.,0.,-1.));
#2400=DIRECTION('',(-1.,0.,0.));
#2401=DIRECTION('',(0.,-1.,0.));
#2402=DIRECTION('',(1.,0.,0.));
#2403=DIRECTION('',(1.98679854084673E-16,0.,-1.));
#2404=DIRECTION('',(-1.,0.,-1.98679854084673E-16));
#2405=DIRECTION('',(-1.,0.,-1.98679854084673E-16));
#2406=DIRECTION('',(0.,1.,0.));
#2407=DIRECTION('',(1.,0.,0.));
#2408=DIRECTION('',(0.,1.,0.));
#2409=DIRECTION('',(0.707106781186548,0.,-0.707106781186547));
#2410=DIRECTION('',(-0.707106781186547,0.,-0.707106781186548));
#2411=DIRECTION('',(-0.707106781186547,0.,-0.707106781186548));
#2412=DIRECTION('',(0.,1.,0.));
#2413=DIRECTION('',(-0.707106781186548,0.,-0.707106781186548));
#2414=DIRECTION('',(-1.,0.,-1.98679854084673E-16));
#2415=DIRECTION('',(-1.98679854084673E-16,0.,1.));
#2416=DIRECTION('',(0.,0.,1.));
#2417=DIRECTION('',(0.,1.,0.));
#2418=DIRECTION('',(-1.98679854084673E-16,0.,1.));
#2419=DIRECTION('',(-0.707106781186548,0.,-0.707106781186547));
#2420=DIRECTION('',(-0.707106781186547,0.,0.707106781186548));
#2421=DIRECTION('',(-0.707106781186548,0.,0.707106781186548));
#2422=DIRECTION('',(0.,1.,0.));
#2423=DIRECTION('',(-0.707106781186547,0.,0.707106781186548));
#2424=DIRECTION('',(9.93399270423368E-17,0.,-1.));
#2425=DIRECTION('',(-1.,0.,-9.93399270423368E-17));
#2426=DIRECTION('',(1.,0.,0.));
#2427=DIRECTION('',(0.,1.,0.));
#2428=DIRECTION('',(-1.,0.,-9.93399270423368E-17));
#2429=DIRECTION('',(-0.707106781186548,0.,0.707106781186547));
#2430=DIRECTION('',(0.707106781186547,0.,0.707106781186548));
#2431=DIRECTION('',(0.707106781186547,0.,0.707106781186548));
#2432=DIRECTION('',(0.,1.,0.));
#2433=DIRECTION('',(0.707106781186548,0.,0.707106781186548));
#2434=DIRECTION('',(-1.,0.,-1.98679854084673E-16));
#2435=DIRECTION('',(-1.98679854084673E-16,0.,1.));
#2436=DIRECTION('',(-1.98679854084673E-16,0.,1.));
#2437=DIRECTION('',(0.,1.,0.));
#2438=DIRECTION('',(0.,0.,1.));
#2439=DIRECTION('',(0.,1.,0.));
#2440=DIRECTION('',(0.,0.,1.));
#2441=DIRECTION('',(0.,1.,0.));
#2442=DIRECTION('',(0.,0.,1.));
#2443=DIRECTION('',(0.,1.,0.));
#2444=DIRECTION('',(0.,0.,1.));
#2445=DIRECTION('',(0.,1.,0.));
#2446=DIRECTION('',(0.,0.,1.));
#2447=DIRECTION('',(0.,1.,0.));
#2448=DIRECTION('',(0.,0.,1.));
#2449=DIRECTION('',(0.,1.,0.));
#2450=DIRECTION('',(0.,0.,1.));
#2451=DIRECTION('',(0.,1.,0.));
#2452=DIRECTION('',(0.,0.,1.));
#2453=DIRECTION('',(0.,1.,0.));
#2454=DIRECTION('',(0.,0.,1.));
#2455=DIRECTION('',(0.,1.,0.));
#2456=DIRECTION('',(0.,0.,1.));
#2457=DIRECTION('',(0.,1.,0.));
#2458=DIRECTION('',(0.,0.,1.));
#2459=DIRECTION('',(0.,1.,0.));
#2460=DIRECTION('',(0.,0.,1.));
#2461=DIRECTION('',(0.,1.,0.));
#2462=DIRECTION('',(0.,0.,1.));
#2463=DIRECTION('',(0.,1.,0.));
#2464=DIRECTION('',(0.,0.,1.));
#2465=DIRECTION('',(0.,1.,0.));
#2466=DIRECTION('',(0.,0.,1.));
#2467=DIRECTION('',(0.,1.,0.));
#2468=DIRECTION('',(0.,0.,1.));
#2469=DIRECTION('',(0.707106781186547,0.,0.707106781186548));
#2470=DIRECTION('',(0.707106781186548,0.,-0.707106781186547));
#2471=DIRECTION('',(0.707106781186548,0.,-0.707106781186548));
#2472=DIRECTION('',(0.707106781186548,0.,-0.707106781186547));
#2473=DIRECTION('',(0.,-1.,0.));
#2474=DIRECTION('',(1.,0.,0.));
#2475=DIRECTION('',(0.,1.,0.));
#2476=DIRECTION('',(0.,0.,1.));
#2477=DIRECTION('',(0.,1.,0.));
#2478=DIRECTION('',(0.,0.,1.));
#2479=DIRECTION('',(0.,1.,0.));
#2480=DIRECTION('',(0.,0.,1.));
#2481=DIRECTION('',(0.,1.,0.));
#2482=DIRECTION('',(0.,0.,1.));
#2483=DIRECTION('',(0.,1.,0.));
#2484=DIRECTION('',(0.,0.,1.));
#2485=DIRECTION('',(0.,1.,0.));
#2486=DIRECTION('',(0.,0.,1.));
#2487=DIRECTION('',(0.,-1.,0.));
#2488=DIRECTION('',(0.,0.,-1.));
#2489=DIRECTION('',(0.,-1.,0.));
#2490=DIRECTION('',(0.,0.,-1.));
#2491=DIRECTION('',(0.,-1.,0.));
#2492=DIRECTION('',(1.,0.,0.));
#2493=DIRECTION('',(0.,1.,0.));
#2494=DIRECTION('',(0.,0.,1.));
#2495=DIRECTION('',(0.,1.,0.));
#2496=DIRECTION('',(0.,0.,1.));
#2497=DIRECTION('',(0.,1.,0.));
#2498=DIRECTION('',(0.,0.,1.));
#2499=DIRECTION('',(0.,1.,0.));
#2500=DIRECTION('',(0.,0.,1.));
#2501=DIRECTION('',(0.,1.,0.));
#2502=DIRECTION('',(0.,0.,1.));
#2503=DIRECTION('',(0.,1.,0.));
#2504=DIRECTION('',(0.,0.,1.));
#2505=DIRECTION('',(0.,-1.,0.));
#2506=DIRECTION('',(0.,0.,-1.));
#2507=DIRECTION('',(0.,-1.,0.));
#2508=DIRECTION('',(0.,0.,-1.));
#2509=DIRECTION('',(0.,-1.,0.));
#2510=DIRECTION('',(0.,0.,-1.));
#2511=DIRECTION('',(0.,-1.,0.));
#2512=DIRECTION('',(0.,0.,-1.));
#2513=DIRECTION('',(0.,1.,0.));
#2514=DIRECTION('',(0.,0.,1.));
#2515=DIRECTION('',(0.,1.,0.));
#2516=DIRECTION('',(0.,0.,1.));
#2517=DIRECTION('',(0.,1.,0.));
#2518=DIRECTION('',(0.,0.,1.));
#2519=DIRECTION('',(0.,1.,0.));
#2520=DIRECTION('',(0.,0.,1.));
#2521=DIRECTION('',(0.,1.,0.));
#2522=DIRECTION('',(0.,0.,1.));
#2523=DIRECTION('',(0.,1.,0.));
#2524=DIRECTION('',(0.,0.,1.));
#2525=DIRECTION('',(0.,0.,1.));
#2526=DIRECTION('',(1.,0.,0.));
#2527=DIRECTION('',(0.,-1.,0.));
#2528=DIRECTION('',(1.,0.,0.));
#2529=DIRECTION('',(1.98679854084673E-16,0.,-1.));
#2530=DIRECTION('',(-1.,0.,-1.98679854084673E-16));
#2531=DIRECTION('',(-1.,0.,-1.98679854084673E-16));
#2532=DIRECTION('',(0.,1.,0.));
#2533=DIRECTION('',(1.,0.,0.));
#2534=DIRECTION('',(0.,1.,0.));
#2535=DIRECTION('',(0.707106781186548,0.,-0.707106781186547));
#2536=DIRECTION('',(-0.707106781186547,0.,-0.707106781186548));
#2537=DIRECTION('',(-0.707106781186547,0.,-0.707106781186548));
#2538=DIRECTION('',(0.,1.,0.));
#2539=DIRECTION('',(-0.707106781186548,0.,-0.707106781186548));
#2540=DIRECTION('',(-1.,0.,-1.98679854084673E-16));
#2541=DIRECTION('',(-1.98679854084673E-16,0.,1.));
#2542=DIRECTION('',(0.,0.,1.));
#2543=DIRECTION('',(0.,1.,0.));
#2544=DIRECTION('',(-1.98679854084673E-16,0.,1.));
#2545=DIRECTION('',(-0.707106781186548,0.,-0.707106781186547));
#2546=DIRECTION('',(-0.707106781186547,0.,0.707106781186548));
#2547=DIRECTION('',(-0.707106781186548,0.,0.707106781186548));
#2548=DIRECTION('',(0.,1.,0.));
#2549=DIRECTION('',(-0.707106781186547,0.,0.707106781186548));
#2550=DIRECTION('',(9.93399270423368E-17,0.,-1.));
#2551=DIRECTION('',(-1.,0.,-9.93399270423368E-17));
#2552=DIRECTION('',(1.,0.,0.));
#2553=DIRECTION('',(0.,1.,0.));
#2554=DIRECTION('',(-1.,0.,-9.93399270423368E-17));
#2555=DIRECTION('',(-0.707106781186548,0.,0.707106781186547));
#2556=DIRECTION('',(0.707106781186547,0.,0.707106781186548));
#2557=DIRECTION('',(0.707106781186547,0.,0.707106781186548));
#2558=DIRECTION('',(0.,1.,0.));
#2559=DIRECTION('',(0.707106781186548,0.,0.707106781186548));
#2560=DIRECTION('',(-1.,0.,-1.98679854084673E-16));
#2561=DIRECTION('',(-1.98679854084673E-16,0.,1.));
#2562=DIRECTION('',(-1.98679854084673E-16,0.,1.));
#2563=DIRECTION('',(0.,1.,0.));
#2564=DIRECTION('',(0.,0.,1.));
#2565=DIRECTION('',(0.,1.,0.));
#2566=DIRECTION('',(0.,0.,1.));
#2567=DIRECTION('',(0.,1.,0.));
#2568=DIRECTION('',(0.,0.,1.));
#2569=DIRECTION('',(0.,1.,0.));
#2570=DIRECTION('',(0.,0.,1.));
#2571=DIRECTION('',(0.,1.,0.));
#2572=DIRECTION('',(0.,0.,1.));
#2573=DIRECTION('',(0.,1.,0.));
#2574=DIRECTION('',(0.,0.,1.));
#2575=DIRECTION('',(0.,1.,0.));
#2576=DIRECTION('',(0.,0.,1.));
#2577=DIRECTION('',(0.,1.,0.));
#2578=DIRECTION('',(0.,0.,1.));
#2579=DIRECTION('',(0.,1.,0.));
#2580=DIRECTION('',(0.,0.,1.));
#2581=DIRECTION('',(0.,1.,0.));
#2582=DIRECTION('',(0.,0.,1.));
#2583=DIRECTION('',(0.,1.,0.));
#2584=DIRECTION('',(0.,0.,1.));
#2585=DIRECTION('',(0.,1.,0.));
#2586=DIRECTION('',(0.,0.,1.));
#2587=DIRECTION('',(0.,1.,0.));
#2588=DIRECTION('',(0.,0.,1.));
#2589=DIRECTION('',(0.707106781186547,0.,0.707106781186548));
#2590=DIRECTION('',(0.707106781186548,0.,-0.707106781186547));
#2591=DIRECTION('',(0.707106781186548,0.,-0.707106781186548));
#2592=DIRECTION('',(0.707106781186548,0.,-0.707106781186547));
#2593=DIRECTION('',(0.,-1.,0.));
#2594=DIRECTION('',(1.,0.,0.));
#2595=DIRECTION('',(0.,-1.,0.));
#2596=DIRECTION('',(0.,0.,-1.));
#2597=DIRECTION('',(0.,-1.,0.));
#2598=DIRECTION('',(1.,0.,0.));
#2599=DIRECTION('',(0.,-1.,0.));
#2600=DIRECTION('',(0.,0.,-1.));
#2601=DIRECTION('',(0.,-1.,0.));
#2602=DIRECTION('',(0.,0.,-1.));
#2603=DIRECTION('',(0.,0.,1.));
#2604=DIRECTION('',(1.,0.,0.));
#2605=DIRECTION('',(0.,1.,0.));
#2606=DIRECTION('',(1.,0.,0.));
#2607=CARTESIAN_POINT('',(0.,0.,0.));
#2608=CARTESIAN_POINT('',(0.,9.72063396823212E-19,0.1016));
#2609=CARTESIAN_POINT('',(0.,9.72063396823212E-19,0.1016));
#2610=CARTESIAN_POINT('',(-0.015875,9.72063396823212E-19,0.1016));
#2611=CARTESIAN_POINT('',(0.,9.72063396823212E-19,0.));
#2612=CARTESIAN_POINT('',(-0.015875,9.72063396823212E-19,0.));
#2613=CARTESIAN_POINT('',(0.,0.,0.1016));
#2614=CARTESIAN_POINT('',(0.,1.16647607618785E-18,0.1016));
#2615=CARTESIAN_POINT('',(-0.0025527,1.16647607618785E-18,0.1016));
#2616=CARTESIAN_POINT('',(0.,0.,0.));
#2617=CARTESIAN_POINT('',(0.,0.,0.));
#2618=CARTESIAN_POINT('',(0.0025527,0.,0.));
#2619=CARTESIAN_POINT('',(0.,1.16647607618785E-18,0.0935999906));
#2620=CARTESIAN_POINT('',(0.,1.16647607618785E-18,0.0935999906));
#2621=CARTESIAN_POINT('',(-0.0025527,1.16647607618785E-18,0.0935999906));
#2622=CARTESIAN_POINT('',(0.,1.16647607618785E-18,0.0920661736978084));
#2623=CARTESIAN_POINT('',(0.,1.16647607618785E-18,0.1016));
#2624=CARTESIAN_POINT('',(0.,0.,0.0080000094));
#2625=CARTESIAN_POINT('',(0.,0.,0.0080000094));
#2626=CARTESIAN_POINT('',(0.0025527,0.,0.0080000094));
#2627=CARTESIAN_POINT('',(4.33680868994202E-19,0.,0.00953382630219167));
#2628=CARTESIAN_POINT('',(0.,0.,0.));
#2629=CARTESIAN_POINT('',(-0.125033506959677,-0.0217433018267154,0.0770308774188161));
#2630=CARTESIAN_POINT('',(0.00196649304032328,0.0798566981732845,0.0770308774188161));
#2631=CARTESIAN_POINT('',(0.,0.,0.));
#2632=CARTESIAN_POINT('',(0.,-9.72063396823212E-19,0.));
#2633=CARTESIAN_POINT('',(-0.015875,-9.72063396823212E-19,0.));
#2634=CARTESIAN_POINT('',(0.,0.,0.));
#2635=CARTESIAN_POINT('',(0.0025527,0.,0.));
#2636=CARTESIAN_POINT('',(0.,0.,0.0080000094));
#2637=CARTESIAN_POINT('',(0.,0.,0.0080000094));
#2638=CARTESIAN_POINT('',(0.0025527,0.,0.0080000094));
#2639=CARTESIAN_POINT('',(4.33680868994202E-19,0.,0.00953382630219167));
#2640=CARTESIAN_POINT('',(0.,0.,0.));
#2641=CARTESIAN_POINT('',(0.,-9.72063396823212E-19,0.1016));
#2642=CARTESIAN_POINT('',(0.,-9.72063396823212E-19,0.1016));
#2643=CARTESIAN_POINT('',(-0.015875,-9.72063396823212E-19,0.1016));
#2644=CARTESIAN_POINT('',(0.,0.,0.1016));
#2645=CARTESIAN_POINT('',(0.,1.88580298983703E-18,0.1016));
#2646=CARTESIAN_POINT('',(-0.0307975,1.88580298983703E-18,0.1016));
#2647=CARTESIAN_POINT('',(0.,0.,0.111125));
#2648=CARTESIAN_POINT('',(0.,1.88580298983703E-18,0.111125));
#2649=CARTESIAN_POINT('',(-0.0307975,1.88580298983703E-18,0.111125));
#2650=CARTESIAN_POINT('',(0.,1.88580298983703E-18,0.1016));
#2651=CARTESIAN_POINT('',(-0.0615335069596768,0.0798566981732845,0.0135308774188161));
#2652=CARTESIAN_POINT('',(-0.0165242706095246,-0.0398931182138373,0.005715));
#2653=CARTESIAN_POINT('',(-0.0165242706095246,-0.0398931182138373,0.005715));
#2654=CARTESIAN_POINT('',(-0.0151717206095246,-0.0398931182138373,0.005715));
#2655=CARTESIAN_POINT('',(-0.0165242706095246,-0.0398931182138373,0.00652769403026574));
#2656=CARTESIAN_POINT('',(-0.0165242706095246,-0.0398931182138373,-3.29295319576493E-18));
#2657=CARTESIAN_POINT('',(-0.0165242706095246,-0.0398931182138373,-6.76240014771855E-18));
#2658=CARTESIAN_POINT('',(-0.0151717206095246,-0.0398931182138373,-6.76240014771855E-18));
#2659=CARTESIAN_POINT('',(0.0398931182138373,-0.0165242706095246,0.005715));
#2660=CARTESIAN_POINT('',(0.0398931182138373,-0.0165242706095246,0.005715));
#2661=CARTESIAN_POINT('',(0.0412456682138373,-0.0165242706095246,0.005715));
#2662=CARTESIAN_POINT('',(0.0398931182138373,-0.0165242706095246,0.00652769403026574));
#2663=CARTESIAN_POINT('',(0.0398931182138373,-0.0165242706095246,-3.29295319576493E-18));
#2664=CARTESIAN_POINT('',(0.0398931182138373,-0.0165242706095246,-6.76240014771855E-18));
#2665=CARTESIAN_POINT('',(0.0412456682138373,-0.0165242706095246,-6.76240014771855E-18));
#2666=CARTESIAN_POINT('',(0.0165242706095246,0.0398931182138373,0.005715));
#2667=CARTESIAN_POINT('',(0.0165242706095246,0.0398931182138373,0.005715));
#2668=CARTESIAN_POINT('',(0.0178768206095246,0.0398931182138373,0.005715));
#2669=CARTESIAN_POINT('',(0.0165242706095246,0.0398931182138373,0.00652769403026574));
#2670=CARTESIAN_POINT('',(0.0165242706095246,0.0398931182138373,-3.29295319576493E-18));
#2671=CARTESIAN_POINT('',(0.0165242706095246,0.0398931182138373,-6.76240014771855E-18));
#2672=CARTESIAN_POINT('',(0.0178768206095246,0.0398931182138373,-6.76240014771855E-18));
#2673=CARTESIAN_POINT('',(-0.040005,0.,-3.29295319576493E-18));
#2674=CARTESIAN_POINT('',(0.0398931182138373,0.0165242706095246,-3.46944695195361E-18));
#2675=CARTESIAN_POINT('',(0.045759753245284,0.0189543104050429,-4.79852524236113E-18));
#2676=CARTESIAN_POINT('',(0.0340264831823906,0.0140942308140063,-1.7347234759768E-18));
#2677=CARTESIAN_POINT('',(0.,0.,-6.58590639152987E-18));
#2678=CARTESIAN_POINT('',(-0.045759753245284,-0.0189543104050429,-4.79852524236113E-18));
#2679=CARTESIAN_POINT('',(-0.0398931182138373,-0.0165242706095246,-3.46944695195361E-18));
#2680=CARTESIAN_POINT('',(-0.0340264831823906,-0.0140942308140063,-1.7347234759768E-18));
#2681=CARTESIAN_POINT('',(0.,0.,0.));
#2682=CARTESIAN_POINT('',(-0.04238625,0.,0.00889));
#2683=CARTESIAN_POINT('',(-0.0398931182138373,-0.0165242706095246,0.00889));
#2684=CARTESIAN_POINT('',(-0.0384264594559756,-0.0159167606606451,0.00889));
#2685=CARTESIAN_POINT('',(-0.041359776971699,-0.0171317805584042,0.00889));
#2686=CARTESIAN_POINT('',(0.,0.,0.00889));
#2687=CARTESIAN_POINT('',(0.0384264594559756,0.015916760660645,0.00889));
#2688=CARTESIAN_POINT('',(0.0398931182138373,0.0165242706095246,0.00889));
#2689=CARTESIAN_POINT('',(0.041359776971699,0.0171317805584041,0.00889));
#2690=CARTESIAN_POINT('',(0.,0.,0.00889));
#2691=CARTESIAN_POINT('',(-0.04238625,0.,0.012065));
#2692=CARTESIAN_POINT('',(0.,0.,0.012065));
#2693=CARTESIAN_POINT('',(-0.0415925,4.68162885970003E-20,0.012065));
#2694=CARTESIAN_POINT('',(-0.0294103387965014,0.0294103387965015,0.012065));
#2695=CARTESIAN_POINT('',(-0.04318,9.72063396823212E-20,0.012065));
#2696=CARTESIAN_POINT('',(-0.0447675,1.45809509523482E-19,0.012065));
#2697=CARTESIAN_POINT('',(0.,0.,0.012065));
#2698=CARTESIAN_POINT('',(-0.0316554028267687,0.0316554028267689,0.012065));
#2699=CARTESIAN_POINT('',(-0.0305328708116351,0.0305328708116352,0.012065));
#2700=CARTESIAN_POINT('',(-0.04238625,0.,0.012065));
#2701=CARTESIAN_POINT('',(0.,0.,0.012065));
#2702=CARTESIAN_POINT('',(-0.0316554028267688,-0.0316554028267688,0.012065));
#2703=CARTESIAN_POINT('',(-0.04318,9.72063396823212E-20,0.012065));
#2704=CARTESIAN_POINT('',(0.,0.,0.012065));
#2705=CARTESIAN_POINT('',(-0.0294103387965015,-0.0294103387965014,0.012065));
#2706=CARTESIAN_POINT('',(-0.0305328708116352,-0.0305328708116351,0.012065));
#2707=CARTESIAN_POINT('',(-0.04238625,0.,0.012065));
#2708=CARTESIAN_POINT('',(0.,0.,0.012065));
#2709=CARTESIAN_POINT('',(2.59362238827381E-18,0.0415925,0.012065));
#2710=CARTESIAN_POINT('',(-0.0305328708116351,0.0305328708116352,0.012065));
#2711=CARTESIAN_POINT('',(0.,0.,0.012065));
#2712=CARTESIAN_POINT('',(1.26329974601816E-17,0.0447675,0.012065));
#2713=CARTESIAN_POINT('',(8.02924365775973E-18,0.04318,0.012065));
#2714=CARTESIAN_POINT('',(-0.04238625,0.,0.012065));
#2715=CARTESIAN_POINT('',(0.,0.,0.012065));
#2716=CARTESIAN_POINT('',(0.0294103387965015,0.0294103387965014,0.012065));
#2717=CARTESIAN_POINT('',(8.02924365775973E-18,0.04318,0.012065));
#2718=CARTESIAN_POINT('',(0.,0.,0.012065));
#2719=CARTESIAN_POINT('',(0.0316554028267689,0.0316554028267687,0.012065));
#2720=CARTESIAN_POINT('',(0.0305328708116352,0.0305328708116351,0.012065));
#2721=CARTESIAN_POINT('',(-0.04238625,0.,0.012065));
#2722=CARTESIAN_POINT('',(0.,0.,0.012065));
#2723=CARTESIAN_POINT('',(0.0415925,9.84054969855208E-20,0.012065));
#2724=CARTESIAN_POINT('',(0.0305328708116352,0.0305328708116351,0.012065));
#2725=CARTESIAN_POINT('',(0.,0.,0.012065));
#2726=CARTESIAN_POINT('',(0.0447675,-1.4580950952348E-19,0.012065));
#2727=CARTESIAN_POINT('',(0.04318,-5.38523121840059E-18,0.012065));
#2728=CARTESIAN_POINT('',(-0.04238625,0.,0.012065));
#2729=CARTESIAN_POINT('',(0.,0.,0.012065));
#2730=CARTESIAN_POINT('',(0.0294103387965014,-0.0294103387965015,0.012065));
#2731=CARTESIAN_POINT('',(2.49998981107981E-18,-0.0415925,0.012065));
#2732=CARTESIAN_POINT('',(0.0305328708116351,-0.0305328708116352,0.012065));
#2733=CARTESIAN_POINT('',(0.0316554028267687,-0.0316554028267688,0.012065));
#2734=CARTESIAN_POINT('',(0.,0.,0.012065));
#2735=CARTESIAN_POINT('',(2.59540926951798E-18,-0.0447675,0.012065));
#2736=CARTESIAN_POINT('',(-2.74121877904145E-18,-0.04318,0.012065));
#2737=CARTESIAN_POINT('',(-0.04238625,0.,0.012065));
#2738=CARTESIAN_POINT('',(0.,0.,0.012065));
#2739=CARTESIAN_POINT('',(-2.74121877904145E-18,-0.04318,0.012065));
#2740=CARTESIAN_POINT('',(0.,0.,0.012065));
#2741=CARTESIAN_POINT('',(-0.0305328708116352,-0.0305328708116351,0.012065));
#2742=CARTESIAN_POINT('',(-0.04238625,0.,0.00889));
#2743=CARTESIAN_POINT('',(-0.0398931182138373,-0.0165242706095246,0.00889));
#2744=CARTESIAN_POINT('',(0.,0.,0.00889));
#2745=CARTESIAN_POINT('',(0.0398931182138373,0.0165242706095246,0.00889));
#2746=CARTESIAN_POINT('',(0.,0.,0.00889));
#2747=CARTESIAN_POINT('',(0.,0.,0.));
#2748=CARTESIAN_POINT('',(0.,0.,0.012065));
#2749=CARTESIAN_POINT('',(-0.04238625,0.,0.012065));
#2750=CARTESIAN_POINT('',(0.,0.,0.012065));
#2751=CARTESIAN_POINT('',(0.04318,-5.38523121840059E-18,0.012065));
#2752=CARTESIAN_POINT('',(0.0305328708116351,-0.0305328708116352,0.012065));
#2753=CARTESIAN_POINT('',(0.,0.,0.));
#2754=CARTESIAN_POINT('',(-0.0305328708116352,-0.0305328708116351,0.01016));
#2755=CARTESIAN_POINT('',(-0.0305328708116352,-0.0305328708116351,0.0127));
#2756=CARTESIAN_POINT('',(-0.0289453708116352,-0.0305328708116351,0.0127));
#2757=CARTESIAN_POINT('',(-2.74121877904145E-18,-0.04318,0.01016));
#2758=CARTESIAN_POINT('',(-2.74121877904145E-18,-0.04318,0.0127));
#2759=CARTESIAN_POINT('',(0.0015875,-0.04318,0.0127));
#2760=CARTESIAN_POINT('',(0.0305328708116351,-0.0305328708116352,0.01016));
#2761=CARTESIAN_POINT('',(0.0305328708116351,-0.0305328708116352,0.0127));
#2762=CARTESIAN_POINT('',(0.0321203708116351,-0.0305328708116352,0.0127));
#2763=CARTESIAN_POINT('',(0.04318,-5.38523121840059E-18,0.01016));
#2764=CARTESIAN_POINT('',(0.04318,-5.38523121840059E-18,0.0127));
#2765=CARTESIAN_POINT('',(0.0447675,-5.38523121840059E-18,0.0127));
#2766=CARTESIAN_POINT('',(0.0305328708116352,0.0305328708116351,0.01016));
#2767=CARTESIAN_POINT('',(0.0305328708116352,0.0305328708116351,0.0127));
#2768=CARTESIAN_POINT('',(0.0321203708116352,0.0305328708116351,0.0127));
#2769=CARTESIAN_POINT('',(8.02924365775973E-18,0.04318,0.01016));
#2770=CARTESIAN_POINT('',(8.02924365775973E-18,0.04318,0.0127));
#2771=CARTESIAN_POINT('',(0.00158750000000001,0.04318,0.0127));
#2772=CARTESIAN_POINT('',(-0.0305328708116351,0.0305328708116352,0.01016));
#2773=CARTESIAN_POINT('',(-0.0305328708116351,0.0305328708116352,0.0127));
#2774=CARTESIAN_POINT('',(-0.0289453708116351,0.0305328708116352,0.0127));
#2775=CARTESIAN_POINT('',(-0.04318,9.72063396823212E-20,0.01016));
#2776=CARTESIAN_POINT('',(-0.04318,9.72063396823212E-20,0.0127));
#2777=CARTESIAN_POINT('',(-0.0415925,9.72063396823212E-20,0.0127));
#2778=CARTESIAN_POINT('',(0.,0.,0.));
#2779=CARTESIAN_POINT('',(0.,0.,0.0127));
#2780=CARTESIAN_POINT('',(-0.04953,0.,0.0127));
#2781=CARTESIAN_POINT('',(0.,0.,-6.58590639152987E-18));
#2782=CARTESIAN_POINT('',(-0.040005,0.,-3.29295319576493E-18));
#2783=CARTESIAN_POINT('',(0.0398931182138373,0.0165242706095246,-3.46944695195361E-18));
#2784=CARTESIAN_POINT('',(0.,0.,0.));
#2785=CARTESIAN_POINT('',(-0.0398931182138373,-0.0165242706095246,-3.46944695195361E-18));
#2786=CARTESIAN_POINT('',(-0.0398931182138373,0.0165242706095246,-6.76240014771855E-18));
#2787=CARTESIAN_POINT('',(-0.0385405682138373,0.0165242706095246,-6.76240014771855E-18));
#2788=CARTESIAN_POINT('',(0.,0.,0.));
#2789=CARTESIAN_POINT('',(0.,0.,0.0127));
#2790=CARTESIAN_POINT('',(-0.03683,0.,0.0127));
#2791=CARTESIAN_POINT('',(-0.040005,0.,0.0127));
#2792=CARTESIAN_POINT('',(0.0398931182138373,0.0165242706095246,-0.01651));
#2793=CARTESIAN_POINT('',(0.0398931182138373,0.0165242706095246,-0.047625));
#2794=CARTESIAN_POINT('',(0.0414806182138373,0.0165242706095246,-0.047625));
#2795=CARTESIAN_POINT('',(-0.0398931182138373,-0.0165242706095246,-0.01651));
#2796=CARTESIAN_POINT('',(-0.0398931182138373,-0.0165242706095246,-0.047625));
#2797=CARTESIAN_POINT('',(-0.0383056182138373,-0.0165242706095246,-0.047625));
#2798=CARTESIAN_POINT('',(-0.0398931182138373,-0.0165242706095246,-0.009525));
#2799=CARTESIAN_POINT('',(-0.0398931182138373,-0.0165242706095246,-0.047625));
#2800=CARTESIAN_POINT('',(-0.0335431182138373,-0.0165242706095246,-0.047625));
#2801=CARTESIAN_POINT('',(0.0398931182138373,0.0165242706095246,-0.009525));
#2802=CARTESIAN_POINT('',(0.0398931182138373,0.0165242706095246,-0.047625));
#2803=CARTESIAN_POINT('',(0.0462431182138373,0.0165242706095246,-0.047625));
#2804=CARTESIAN_POINT('',(0.,0.,-0.047625));
#2805=CARTESIAN_POINT('',(0.,0.,-0.047625));
#2806=CARTESIAN_POINT('',(-0.0398931182138373,0.0165242706095246,0.005715));
#2807=CARTESIAN_POINT('',(-0.0398931182138373,0.0165242706095246,0.005715));
#2808=CARTESIAN_POINT('',(-0.0385405682138373,0.0165242706095246,0.005715));
#2809=CARTESIAN_POINT('',(-0.0398931182138373,0.0165242706095246,0.00652769403026574));
#2810=CARTESIAN_POINT('',(-0.0398931182138373,0.0165242706095246,-3.29295319576493E-18));
#2811=CARTESIAN_POINT('',(-0.0615926647537434,0.0766816981732846,0.0135553813794385));
#2812=CARTESIAN_POINT('',(0.,3.40222188888124E-18,0.111125));
#2813=CARTESIAN_POINT('',(0.,3.40222188888124E-18,0.111125));
#2814=CARTESIAN_POINT('',(-0.0555625,3.40222188888124E-18,0.111125));
#2815=CARTESIAN_POINT('',(0.,3.40222188888124E-18,0.1016));
#2816=CARTESIAN_POINT('',(-0.0555625,3.40222188888124E-18,0.1016));
#2817=CARTESIAN_POINT('',(0.,0.,0.111125));
#2818=CARTESIAN_POINT('',(0.,3.11060286983428E-18,0.111125));
#2819=CARTESIAN_POINT('',(0.0508,3.11060286983428E-18,0.111125));
#2820=CARTESIAN_POINT('',(0.,0.,0.));
#2821=CARTESIAN_POINT('',(0.,-3.79104724761052E-18,0.));
#2822=CARTESIAN_POINT('',(-0.0619125,-3.79104724761052E-18,0.));
#2823=CARTESIAN_POINT('',(0.0165242706095246,0.0398931182138373,0.));
#2824=CARTESIAN_POINT('',(0.0146954706095246,0.0398931182138373,0.));
#2825=CARTESIAN_POINT('',(0.0398931182138373,-0.0165242706095246,0.));
#2826=CARTESIAN_POINT('',(0.0380643182138373,-0.0165242706095246,0.));
#2827=CARTESIAN_POINT('',(-0.0165242706095246,-0.0398931182138373,0.));
#2828=CARTESIAN_POINT('',(-0.0183530706095246,-0.0398931182138373,0.));
#2829=CARTESIAN_POINT('',(-0.0398931182138373,0.0165242706095246,0.));
#2830=CARTESIAN_POINT('',(-0.0417219182138373,0.0165242706095246,0.));
#2831=CARTESIAN_POINT('',(0.0398931182138374,0.0165242706095246,0.));
#2832=CARTESIAN_POINT('',(0.0335431182138374,0.0165242706095246,0.));
#2833=CARTESIAN_POINT('',(-0.0398931182138373,-0.0165242706095246,0.));
#2834=CARTESIAN_POINT('',(-0.0462431182138373,-0.0165242706095246,0.));
#2835=CARTESIAN_POINT('',(0.,1.88580298983703E-18,0.));
#2836=CARTESIAN_POINT('',(0.0307975,1.88580298983703E-18,0.));
#2837=CARTESIAN_POINT('',(0.,2.17742200888399E-18,0.003175));
#2838=CARTESIAN_POINT('',(0.,2.17742200888399E-18,0.003175));
#2839=CARTESIAN_POINT('',(0.03556,2.17742200888399E-18,0.003175));
#2840=CARTESIAN_POINT('',(0.,2.17742200888399E-18,0.111125));
#2841=CARTESIAN_POINT('',(0.03556,2.17742200888399E-18,0.111125));
#2842=CARTESIAN_POINT('',(0.,3.11060286983428E-18,0.003175));
#2843=CARTESIAN_POINT('',(0.,3.11060286983428E-18,0.003175));
#2844=CARTESIAN_POINT('',(0.0508,3.11060286983428E-18,0.003175));
#2845=CARTESIAN_POINT('',(0.,0.,0.003175));
#2846=CARTESIAN_POINT('',(0.0165242706095246,0.0398931182138373,0.003175));
#2847=CARTESIAN_POINT('',(0.0146954706095246,0.0398931182138373,0.003175));
#2848=CARTESIAN_POINT('',(0.0398931182138373,-0.0165242706095246,0.003175));
#2849=CARTESIAN_POINT('',(0.0380643182138373,-0.0165242706095246,0.003175));
#2850=CARTESIAN_POINT('',(-0.0165242706095246,-0.0398931182138373,0.003175));
#2851=CARTESIAN_POINT('',(-0.0183530706095246,-0.0398931182138373,0.003175));
#2852=CARTESIAN_POINT('',(-0.0398931182138373,0.0165242706095246,0.003175));
#2853=CARTESIAN_POINT('',(-0.0417219182138373,0.0165242706095246,0.003175));
#2854=CARTESIAN_POINT('',(0.0398931182138374,0.0165242706095246,0.003175));
#2855=CARTESIAN_POINT('',(0.0335431182138374,0.0165242706095246,0.003175));
#2856=CARTESIAN_POINT('',(-0.0398931182138373,-0.0165242706095246,0.003175));
#2857=CARTESIAN_POINT('',(-0.0462431182138373,-0.0165242706095246,0.003175));
#2858=CARTESIAN_POINT('',(0.,0.,0.111125));
#2859=CARTESIAN_POINT('',(0.,1.88580298983703E-18,0.111125));
#2860=CARTESIAN_POINT('',(0.0307975,1.88580298983703E-18,0.111125));
#2861=CARTESIAN_POINT('',(0.,1.88580298983703E-18,0.003175));
#2862=CARTESIAN_POINT('',(0.,-3.79104724761052E-18,0.1016));
#2863=CARTESIAN_POINT('',(0.,-3.79104724761052E-18,0.1016));
#2864=CARTESIAN_POINT('',(-0.0619125,-3.79104724761052E-18,0.1016));
#2865=CARTESIAN_POINT('',(0.,0.,0.1016));
#2866=CARTESIAN_POINT('',(-0.0398931182138373,-0.0165242706095246,0.025908));
#2867=CARTESIAN_POINT('',(0.0398931182138374,0.0165242706095246,0.025908));
#2868=CARTESIAN_POINT('',(-0.0398931182138373,0.0165242706095246,0.003175));
#2869=CARTESIAN_POINT('',(-0.0165242706095246,-0.0398931182138373,0.003175));
#2870=CARTESIAN_POINT('',(0.0398931182138373,-0.0165242706095246,0.003175));
#2871=CARTESIAN_POINT('',(0.0165242706095246,0.0398931182138373,0.003175));
#2872=CARTESIAN_POINT('',(-0.0615926647537434,0.0798566981732845,0.0135553813794386));
#2873=CARTESIAN_POINT('',(-4.16333634234433E-17,-0.009525,0.09525));
#2874=CARTESIAN_POINT('',(-4.16333634234433E-17,0.,0.09525));
#2875=CARTESIAN_POINT('',(0.06985,0.,0.09525));
#2876=CARTESIAN_POINT('',(-0.06985,0.,0.09525));
#2877=CARTESIAN_POINT('',(-0.06985,-0.009525,0.09525));
#2878=CARTESIAN_POINT('',(-0.06985,-0.009525,0.09525));
#2879=CARTESIAN_POINT('',(0.,-0.009525,0.09525));
#2880=CARTESIAN_POINT('',(0.06985,-0.009525,0.09525));
#2881=CARTESIAN_POINT('',(0.06985,-0.009525,0.09525));
#2882=CARTESIAN_POINT('',(-0.08255,-0.009525,0.08255));
#2883=CARTESIAN_POINT('',(-0.08255,0.,0.08255));
#2884=CARTESIAN_POINT('',(-0.09525,0.,0.06985));
#2885=CARTESIAN_POINT('',(-0.09525,-0.009525,0.06985));
#2886=CARTESIAN_POINT('',(-0.09525,-0.009525,0.06985));
#2887=CARTESIAN_POINT('',(-0.06985,-0.009525,0.09525));
#2888=CARTESIAN_POINT('',(-0.09525,-0.009525,0.));
#2889=CARTESIAN_POINT('',(-0.09525,0.,0.));
#2890=CARTESIAN_POINT('',(-0.09525,0.,-0.06985));
#2891=CARTESIAN_POINT('',(-0.09525,-0.009525,-0.06985));
#2892=CARTESIAN_POINT('',(-0.09525,-0.009525,-0.06985));
#2893=CARTESIAN_POINT('',(-0.09525,-0.009525,0.));
#2894=CARTESIAN_POINT('',(-0.08255,-0.009525,-0.08255));
#2895=CARTESIAN_POINT('',(-0.06985,0.,-0.09525));
#2896=CARTESIAN_POINT('',(-0.06985,0.,-0.09525));
#2897=CARTESIAN_POINT('',(-0.06985,-0.009525,-0.09525));
#2898=CARTESIAN_POINT('',(-0.06985,-0.009525,-0.09525));
#2899=CARTESIAN_POINT('',(-0.08255,-0.009525,-0.08255));
#2900=CARTESIAN_POINT('',(2.77555756156289E-17,-0.009525,-0.09525));
#2901=CARTESIAN_POINT('',(0.,0.,-0.09525));
#2902=CARTESIAN_POINT('',(0.06985,0.,-0.09525));
#2903=CARTESIAN_POINT('',(0.06985,-0.009525,-0.09525));
#2904=CARTESIAN_POINT('',(0.06985,-0.009525,-0.09525));
#2905=CARTESIAN_POINT('',(2.77555756156289E-17,-0.009525,-0.09525));
#2906=CARTESIAN_POINT('',(0.08255,-0.009525,-0.08255));
#2907=CARTESIAN_POINT('',(0.08255,0.,-0.08255));
#2908=CARTESIAN_POINT('',(0.09525,0.,-0.06985));
#2909=CARTESIAN_POINT('',(0.09525,-0.009525,-0.06985));
#2910=CARTESIAN_POINT('',(0.09525,-0.009525,-0.06985));
#2911=CARTESIAN_POINT('',(0.06985,-0.009525,-0.09525));
#2912=CARTESIAN_POINT('',(0.09525,-0.009525,1.38777878078145E-17));
#2913=CARTESIAN_POINT('',(0.09525,0.,1.38777878078145E-17));
#2914=CARTESIAN_POINT('',(0.09525,0.,0.06985));
#2915=CARTESIAN_POINT('',(0.09525,-0.009525,0.06985));
#2916=CARTESIAN_POINT('',(0.09525,-0.009525,0.06985));
#2917=CARTESIAN_POINT('',(0.09525,-0.009525,0.));
#2918=CARTESIAN_POINT('',(-0.0635,-0.009525,0.0635));
#2919=CARTESIAN_POINT('',(-0.0635,0.,0.0635));
#2920=CARTESIAN_POINT('',(-0.0635,0.,0.0670687));
#2921=CARTESIAN_POINT('',(-0.0635,-0.009525,0.0635));
#2922=CARTESIAN_POINT('',(-0.0635,-0.009525,0.0670687));
#2923=CARTESIAN_POINT('',(0.0635,-0.009525,0.0635));
#2924=CARTESIAN_POINT('',(0.0635,0.,0.0635));
#2925=CARTESIAN_POINT('',(0.0635,0.,0.0670687));
#2926=CARTESIAN_POINT('',(0.0635,-0.009525,0.0635));
#2927=CARTESIAN_POINT('',(0.0635,-0.009525,0.0670687));
#2928=CARTESIAN_POINT('',(0.0635,-0.009525,-0.0635));
#2929=CARTESIAN_POINT('',(0.0635,0.,-0.0635));
#2930=CARTESIAN_POINT('',(0.0635,0.,-0.0599313));
#2931=CARTESIAN_POINT('',(0.0635,-0.009525,-0.0635));
#2932=CARTESIAN_POINT('',(0.0635,-0.009525,-0.0599313));
#2933=CARTESIAN_POINT('',(-0.0635,-0.009525,-0.0635));
#2934=CARTESIAN_POINT('',(-0.0635,0.,-0.0635));
#2935=CARTESIAN_POINT('',(-0.0635,0.,-0.0599313));
#2936=CARTESIAN_POINT('',(-0.0635,-0.009525,-0.0635));
#2937=CARTESIAN_POINT('',(-0.0635,-0.009525,-0.0599313));
#2938=CARTESIAN_POINT('',(0.,-0.009525,2.18519851605858E-19));
#2939=CARTESIAN_POINT('',(0.,0.,2.18519851605858E-19));
#2940=CARTESIAN_POINT('',(0.,0.,0.0035687));
#2941=CARTESIAN_POINT('',(0.,-0.009525,2.18519851605858E-19));
#2942=CARTESIAN_POINT('',(0.,-0.009525,0.0035687));
#2943=CARTESIAN_POINT('',(0.08255,-0.009525,0.08255));
#2944=CARTESIAN_POINT('',(0.06985,0.,0.09525));
#2945=CARTESIAN_POINT('',(0.08255,-0.009525,0.08255));
#2946=CARTESIAN_POINT('',(0.,-0.009525,0.));
#2947=CARTESIAN_POINT('',(0.0398931182138373,-0.009525,-0.0165242706095246));
#2948=CARTESIAN_POINT('',(0.0398931182138373,-0.009525,-0.0085867706095246));
#2949=CARTESIAN_POINT('',(-0.0398931182138373,-0.009525,0.0165242706095246));
#2950=CARTESIAN_POINT('',(-0.0398931182138373,-0.009525,0.0244617706095246));
#2951=CARTESIAN_POINT('',(-0.0165242706095246,-0.009525,-0.0398931182138373));
#2952=CARTESIAN_POINT('',(-0.0165242706095246,-0.009525,-0.0319556182138373));
#2953=CARTESIAN_POINT('',(0.0165242706095246,-0.009525,0.0398931182138373));
#2954=CARTESIAN_POINT('',(0.0165242706095246,-0.009525,0.0478306182138373));
#2955=CARTESIAN_POINT('',(0.0398931182138373,-0.009525,0.0165242706095246));
#2956=CARTESIAN_POINT('',(0.0398931182138373,-0.009525,0.0260492706095246));
#2957=CARTESIAN_POINT('',(-0.0398931182138373,-0.009525,-0.0165242706095246));
#2958=CARTESIAN_POINT('',(-0.0398931182138373,-0.009525,-0.0069992706095246));
#2959=CARTESIAN_POINT('',(-0.0134703841816037,-0.009525,0.0134703841816037));
#2960=CARTESIAN_POINT('',(-0.0134703841816037,-0.009525,0.0118828841816037));
#2961=CARTESIAN_POINT('',(0.0134703841816037,-0.009525,-0.0134703841816037));
#2962=CARTESIAN_POINT('',(0.0134703841816037,-0.009525,-0.0150578841816037));
#2963=CARTESIAN_POINT('',(0.,0.,0.));
#2964=CARTESIAN_POINT('',(0.0398931182138373,1.7347234759768E-18,-0.0165242706095246));
#2965=CARTESIAN_POINT('',(0.0398931182138373,1.7347234759768E-18,-0.0085867706095246));
#2966=CARTESIAN_POINT('',(-0.0398931182138373,1.7347234759768E-18,0.0165242706095246));
#2967=CARTESIAN_POINT('',(-0.0398931182138373,1.7347234759768E-18,0.0244617706095246));
#2968=CARTESIAN_POINT('',(-0.0165242706095246,1.7347234759768E-18,-0.0398931182138373));
#2969=CARTESIAN_POINT('',(-0.0165242706095246,1.7347234759768E-18,-0.0319556182138373));
#2970=CARTESIAN_POINT('',(0.0165242706095246,1.7347234759768E-18,0.0398931182138373));
#2971=CARTESIAN_POINT('',(0.0165242706095246,1.7347234759768E-18,0.0478306182138373));
#2972=CARTESIAN_POINT('',(0.0398931182138373,0.,0.0165242706095246));
#2973=CARTESIAN_POINT('',(0.0398931182138373,0.,0.0260492706095246));
#2974=CARTESIAN_POINT('',(-0.0398931182138373,0.,-0.0165242706095246));
#2975=CARTESIAN_POINT('',(-0.0398931182138373,0.,-0.0069992706095246));
#2976=CARTESIAN_POINT('',(-0.0134703841816037,0.,0.0134703841816037));
#2977=CARTESIAN_POINT('',(-0.0134703841816037,0.,0.0118828841816037));
#2978=CARTESIAN_POINT('',(0.0134703841816037,0.,-0.0134703841816037));
#2979=CARTESIAN_POINT('',(0.0134703841816037,0.,-0.0150578841816037));
#2980=CARTESIAN_POINT('',(0.0134703841816037,0.038481,-0.0134703841816037));
#2981=CARTESIAN_POINT('',(-0.0134703841816037,0.038481,0.0134703841816037));
#2982=CARTESIAN_POINT('',(-0.0398931182138373,-0.021336,-0.0165242706095246));
#2983=CARTESIAN_POINT('',(0.0398931182138373,-0.021336,0.0165242706095246));
#2984=CARTESIAN_POINT('',(0.0165242706095246,-0.009525,0.0398931182138373));
#2985=CARTESIAN_POINT('',(-0.0165242706095246,-0.009525,-0.0398931182138373));
#2986=CARTESIAN_POINT('',(-0.0398931182138373,-0.009525,0.0165242706095246));
#2987=CARTESIAN_POINT('',(0.0398931182138373,-0.009525,-0.0165242706095246));
#2988=CARTESIAN_POINT('',(-0.0615335069596767,0.0893816981732846,0.0135308774188161));
#2989=CARTESIAN_POINT('',(0.00196649304032332,0.0798566981732845,-0.0499691225811839));
#2990=CARTESIAN_POINT('',(-1.38777878078145E-17,-0.009525,0.09525));
#2991=CARTESIAN_POINT('',(-1.38777878078145E-17,0.,0.09525));
#2992=CARTESIAN_POINT('',(0.06985,0.,0.09525));
#2993=CARTESIAN_POINT('',(-0.06985,0.,0.09525));
#2994=CARTESIAN_POINT('',(-0.06985,-0.009525,0.09525));
#2995=CARTESIAN_POINT('',(-0.06985,-0.009525,0.09525));
#2996=CARTESIAN_POINT('',(0.,-0.009525,0.09525));
#2997=CARTESIAN_POINT('',(0.06985,-0.009525,0.09525));
#2998=CARTESIAN_POINT('',(0.06985,-0.009525,0.09525));
#2999=CARTESIAN_POINT('',(-0.08255,-0.009525,0.08255));
#3000=CARTESIAN_POINT('',(-0.08255,0.,0.08255));
#3001=CARTESIAN_POINT('',(-0.09525,0.,0.06985));
#3002=CARTESIAN_POINT('',(-0.09525,-0.009525,0.06985));
#3003=CARTESIAN_POINT('',(-0.09525,-0.009525,0.06985));
#3004=CARTESIAN_POINT('',(-0.06985,-0.009525,0.09525));
#3005=CARTESIAN_POINT('',(-0.09525,-0.009525,0.));
#3006=CARTESIAN_POINT('',(-0.09525,0.,0.));
#3007=CARTESIAN_POINT('',(-0.09525,0.,-0.06985));
#3008=CARTESIAN_POINT('',(-0.09525,-0.009525,-0.06985));
#3009=CARTESIAN_POINT('',(-0.09525,-0.009525,-0.06985));
#3010=CARTESIAN_POINT('',(-0.09525,-0.009525,0.));
#3011=CARTESIAN_POINT('',(-0.08255,-0.009525,-0.08255));
#3012=CARTESIAN_POINT('',(-0.06985,0.,-0.09525));
#3013=CARTESIAN_POINT('',(-0.06985,0.,-0.09525));
#3014=CARTESIAN_POINT('',(-0.06985,-0.009525,-0.09525));
#3015=CARTESIAN_POINT('',(-0.06985,-0.009525,-0.09525));
#3016=CARTESIAN_POINT('',(-0.08255,-0.009525,-0.08255));
#3017=CARTESIAN_POINT('',(2.77555756156289E-17,-0.009525,-0.09525));
#3018=CARTESIAN_POINT('',(0.,0.,-0.09525));
#3019=CARTESIAN_POINT('',(0.06985,0.,-0.09525));
#3020=CARTESIAN_POINT('',(0.06985,-0.009525,-0.09525));
#3021=CARTESIAN_POINT('',(0.06985,-0.009525,-0.09525));
#3022=CARTESIAN_POINT('',(2.77555756156289E-17,-0.009525,-0.09525));
#3023=CARTESIAN_POINT('',(0.08255,-0.009525,-0.08255));
#3024=CARTESIAN_POINT('',(0.08255,0.,-0.08255));
#3025=CARTESIAN_POINT('',(0.09525,0.,-0.06985));
#3026=CARTESIAN_POINT('',(0.09525,-0.009525,-0.06985));
#3027=CARTESIAN_POINT('',(0.09525,-0.009525,-0.06985));
#3028=CARTESIAN_POINT('',(0.06985,-0.009525,-0.09525));
#3029=CARTESIAN_POINT('',(0.09525,-0.009525,2.77555756156289E-17));
#3030=CARTESIAN_POINT('',(0.09525,0.,2.77555756156289E-17));
#3031=CARTESIAN_POINT('',(0.09525,0.,0.06985));
#3032=CARTESIAN_POINT('',(0.09525,-0.009525,0.06985));
#3033=CARTESIAN_POINT('',(0.09525,-0.009525,0.06985));
#3034=CARTESIAN_POINT('',(0.09525,-0.009525,0.));
#3035=CARTESIAN_POINT('',(-0.0635,-0.009525,0.0635));
#3036=CARTESIAN_POINT('',(-0.0635,0.,0.0635));
#3037=CARTESIAN_POINT('',(-0.0635,0.,0.0670687));
#3038=CARTESIAN_POINT('',(-0.0635,-0.009525,0.0635));
#3039=CARTESIAN_POINT('',(-0.0635,-0.009525,0.0670687));
#3040=CARTESIAN_POINT('',(0.0635,-0.009525,0.0635));
#3041=CARTESIAN_POINT('',(0.0635,0.,0.0635));
#3042=CARTESIAN_POINT('',(0.0635,0.,0.0670687));
#3043=CARTESIAN_POINT('',(0.0635,-0.009525,0.0635));
#3044=CARTESIAN_POINT('',(0.0635,-0.009525,0.0670687));
#3045=CARTESIAN_POINT('',(0.0635,-0.009525,-0.0635));
#3046=CARTESIAN_POINT('',(0.0635,0.,-0.0635));
#3047=CARTESIAN_POINT('',(0.0635,0.,-0.0599313));
#3048=CARTESIAN_POINT('',(0.0635,-0.009525,-0.0635));
#3049=CARTESIAN_POINT('',(0.0635,-0.009525,-0.0599313));
#3050=CARTESIAN_POINT('',(-0.0635,-0.009525,-0.0635));
#3051=CARTESIAN_POINT('',(-0.0635,0.,-0.0635));
#3052=CARTESIAN_POINT('',(-0.0635,0.,-0.0599313));
#3053=CARTESIAN_POINT('',(-0.0635,-0.009525,-0.0635));
#3054=CARTESIAN_POINT('',(-0.0635,-0.009525,-0.0599313));
#3055=CARTESIAN_POINT('',(0.08255,-0.009525,0.08255));
#3056=CARTESIAN_POINT('',(0.06985,0.,0.09525));
#3057=CARTESIAN_POINT('',(0.08255,-0.009525,0.08255));
#3058=CARTESIAN_POINT('',(0.,-0.009525,0.));
#3059=CARTESIAN_POINT('',(0.,-0.009525,3.40222188888124E-18));
#3060=CARTESIAN_POINT('',(0.,-0.009525,-0.0555625));
#3061=CARTESIAN_POINT('',(0.,0.,0.));
#3062=CARTESIAN_POINT('',(0.,0.,3.40222188888124E-18));
#3063=CARTESIAN_POINT('',(0.,0.,-0.0555625));
#3064=CARTESIAN_POINT('',(0.,0.045593,3.40222188888124E-18));
#3065=CARTESIAN_POINT('',(-0.0615335069596767,-0.0217433018267154,0.0135308774188161));
#3066=CARTESIAN_POINT('',(-0.125033506959677,-0.0217433018267154,-0.0499691225811839));
#3067=MECHANICAL_DESIGN_GEOMETRIC_PRESENTATION_REPRESENTATION('',(#1723,
#1724,#1725,#1726,#1727,#1728),#3068);
#3068=(
GEOMETRIC_REPRESENTATION_CONTEXT(3)
GLOBAL_UNCERTAINTY_ASSIGNED_CONTEXT((#3075))
GLOBAL_UNIT_ASSIGNED_CONTEXT((#3084,#3083,#3082))
REPRESENTATION_CONTEXT('BPL-700 Assembly','TOP_LEVEL_ASSEMBLY_PART')
);
#3069=(
GEOMETRIC_REPRESENTATION_CONTEXT(3)
GLOBAL_UNCERTAINTY_ASSIGNED_CONTEXT((#3076))
GLOBAL_UNIT_ASSIGNED_CONTEXT((#3084,#3083,#3082))
REPRESENTATION_CONTEXT('outer_solenoid:1__Body1','COMPONENT_PART')
);
#3070=(
GEOMETRIC_REPRESENTATION_CONTEXT(3)
GLOBAL_UNCERTAINTY_ASSIGNED_CONTEXT((#3077))
GLOBAL_UNIT_ASSIGNED_CONTEXT((#3084,#3083,#3082))
REPRESENTATION_CONTEXT('center_solenoid:1__Body1','COMPONENT_PART')
);
#3071=(
GEOMETRIC_REPRESENTATION_CONTEXT(3)
GLOBAL_UNCERTAINTY_ASSIGNED_CONTEXT((#3078))
GLOBAL_UNIT_ASSIGNED_CONTEXT((#3084,#3083,#3082))
REPRESENTATION_CONTEXT('injector:1__Body1','COMPONENT_PART')
);
#3072=(
GEOMETRIC_REPRESENTATION_CONTEXT(3)
GLOBAL_UNCERTAINTY_ASSIGNED_CONTEXT((#3079))
GLOBAL_UNIT_ASSIGNED_CONTEXT((#3084,#3083,#3082))
REPRESENTATION_CONTEXT('chamber:1__Body1','COMPONENT_PART')
);
#3073=(
GEOMETRIC_REPRESENTATION_CONTEXT(3)
GLOBAL_UNCERTAINTY_ASSIGNED_CONTEXT((#3080))
GLOBAL_UNIT_ASSIGNED_CONTEXT((#3084,#3083,#3082))
REPRESENTATION_CONTEXT('bottom_plate:1__Body1','COMPONENT_PART')
);
#3074=(
GEOMETRIC_REPRESENTATION_CONTEXT(3)
GLOBAL_UNCERTAINTY_ASSIGNED_CONTEXT((#3081))
GLOBAL_UNIT_ASSIGNED_CONTEXT((#3084,#3083,#3082))
REPRESENTATION_CONTEXT('top_plate:1__Body1','COMPONENT_PART')
);
#3075=UNCERTAINTY_MEASURE_WITH_UNIT(LENGTH_MEASURE(1.E-8),#3084,
'DISTANCE_ACCURACY_VALUE','Maximum Tolerance applied to model');
#3076=UNCERTAINTY_MEASURE_WITH_UNIT(LENGTH_MEASURE(1.E-8),#3084,
'DISTANCE_ACCURACY_VALUE','Maximum Tolerance applied to model');
#3077=UNCERTAINTY_MEASURE_WITH_UNIT(LENGTH_MEASURE(1.E-8),#3084,
'DISTANCE_ACCURACY_VALUE','Maximum Tolerance applied to model');
#3078=UNCERTAINTY_MEASURE_WITH_UNIT(LENGTH_MEASURE(1.E-8),#3084,
'DISTANCE_ACCURACY_VALUE','Maximum Tolerance applied to model');
#3079=UNCERTAINTY_MEASURE_WITH_UNIT(LENGTH_MEASURE(1.E-8),#3084,
'DISTANCE_ACCURACY_VALUE','Maximum Tolerance applied to model');
#3080=UNCERTAINTY_MEASURE_WITH_UNIT(LENGTH_MEASURE(1.E-8),#3084,
'DISTANCE_ACCURACY_VALUE','Maximum Tolerance applied to model');
#3081=UNCERTAINTY_MEASURE_WITH_UNIT(LENGTH_MEASURE(1.E-8),#3084,
'DISTANCE_ACCURACY_VALUE','Maximum Tolerance applied to model');
#3082=(
NAMED_UNIT(*)
SI_UNIT($,.STERADIAN.)
SOLID_ANGLE_UNIT()
);
#3083=(
NAMED_UNIT(*)
PLANE_ANGLE_UNIT()
SI_UNIT($,.RADIAN.)
);
#3084=(
LENGTH_UNIT()
NAMED_UNIT(*)
SI_UNIT($,.METRE.)
);
#3085=PRODUCT_DEFINITION_SHAPE('','',#3101);
#3086=PRODUCT_DEFINITION_SHAPE('','',#3102);
#3087=PRODUCT_DEFINITION_SHAPE(' ','NAUO PRDDFN',#123);
#3088=PRODUCT_DEFINITION_SHAPE(' ','NAUO PRDDFN',#124);
#3089=PRODUCT_DEFINITION_SHAPE('','',#3103);
#3090=PRODUCT_DEFINITION_SHAPE(' ','NAUO PRDDFN',#125);
#3091=PRODUCT_DEFINITION_SHAPE('','',#3104);
#3092=PRODUCT_DEFINITION_SHAPE(' ','NAUO PRDDFN',#126);
#3093=PRODUCT_DEFINITION_SHAPE('','',#3105);
#3094=PRODUCT_DEFINITION_SHAPE(' ','NAUO PRDDFN',#127);
#3095=PRODUCT_DEFINITION_SHAPE('','',#3106);
#3096=PRODUCT_DEFINITION_SHAPE(' ','NAUO PRDDFN',#128);
#3097=PRODUCT_DEFINITION_SHAPE(' ','NAUO PRDDFN',#129);
#3098=PRODUCT_DEFINITION_SHAPE('','',#3107);
#3099=PRODUCT_DEFINITION_SHAPE(' ','NAUO PRDDFN',#130);
#3100=PRODUCT_DEFINITION_SHAPE(' ','NAUO PRDDFN',#131);
#3101=PRODUCT_DEFINITION('','',#3115,#3108);
#3102=PRODUCT_DEFINITION('','',#3116,#3109);
#3103=PRODUCT_DEFINITION('','',#3117,#3110);
#3104=PRODUCT_DEFINITION('','',#3118,#3111);
#3105=PRODUCT_DEFINITION('','',#3119,#3112);
#3106=PRODUCT_DEFINITION('','',#3120,#3113);
#3107=PRODUCT_DEFINITION('','',#3121,#3114);
#3108=PRODUCT_DEFINITION_CONTEXT('',#3151,'design');
#3109=PRODUCT_DEFINITION_CONTEXT('',#3151,'design');
#3110=PRODUCT_DEFINITION_CONTEXT('',#3151,'design');
#3111=PRODUCT_DEFINITION_CONTEXT('',#3151,'design');
#3112=PRODUCT_DEFINITION_CONTEXT('',#3151,'design');
#3113=PRODUCT_DEFINITION_CONTEXT('',#3151,'design');
#3114=PRODUCT_DEFINITION_CONTEXT('',#3151,'design');
#3115=PRODUCT_DEFINITION_FORMATION_WITH_SPECIFIED_SOURCE('','',#3129,
 .NOT_KNOWN.);
#3116=PRODUCT_DEFINITION_FORMATION_WITH_SPECIFIED_SOURCE('','',#3130,
 .NOT_KNOWN.);
#3117=PRODUCT_DEFINITION_FORMATION_WITH_SPECIFIED_SOURCE('','',#3131,
 .NOT_KNOWN.);
#3118=PRODUCT_DEFINITION_FORMATION_WITH_SPECIFIED_SOURCE('','',#3132,
 .NOT_KNOWN.);
#3119=PRODUCT_DEFINITION_FORMATION_WITH_SPECIFIED_SOURCE('','',#3133,
 .NOT_KNOWN.);
#3120=PRODUCT_DEFINITION_FORMATION_WITH_SPECIFIED_SOURCE('','',#3134,
 .NOT_KNOWN.);
#3121=PRODUCT_DEFINITION_FORMATION_WITH_SPECIFIED_SOURCE('','',#3135,
 .NOT_KNOWN.);
#3122=PRODUCT_RELATED_PRODUCT_CATEGORY('','',(#3129));
#3123=PRODUCT_RELATED_PRODUCT_CATEGORY('','',(#3130));
#3124=PRODUCT_RELATED_PRODUCT_CATEGORY('','',(#3131));
#3125=PRODUCT_RELATED_PRODUCT_CATEGORY('','',(#3132));
#3126=PRODUCT_RELATED_PRODUCT_CATEGORY('','',(#3133));
#3127=PRODUCT_RELATED_PRODUCT_CATEGORY('','',(#3134));
#3128=PRODUCT_RELATED_PRODUCT_CATEGORY('','',(#3135));
#3129=PRODUCT('BPL-700 Assembly','BPL-700 Assembly','BPL-700 Assembly',
(#3143));
#3130=PRODUCT('outer_solenoid:1__Body1','outer_solenoid:1__Body1',
'outer_solenoid:1__Body1',(#3144));
#3131=PRODUCT('center_solenoid:1__Body1','center_solenoid:1__Body1',
'center_solenoid:1__Body1',(#3145));
#3132=PRODUCT('injector:1__Body1','injector:1__Body1',
'injector:1__Body1',(#3146));
#3133=PRODUCT('chamber:1__Body1','chamber:1__Body1','chamber:1__Body1',
(#3147));
#3134=PRODUCT('bottom_plate:1__Body1','bottom_plate:1__Body1',
'bottom_plate:1__Body1',(#3148));
#3135=PRODUCT('top_plate:1__Body1','top_plate:1__Body1',
'top_plate:1__Body1',(#3149));
#3136=PRODUCT_CATEGORY('','');
#3137=PRODUCT_CATEGORY('','');
#3138=PRODUCT_CATEGORY('','');
#3139=PRODUCT_CATEGORY('','');
#3140=PRODUCT_CATEGORY('','');
#3141=PRODUCT_CATEGORY('','');
#3142=PRODUCT_CATEGORY('','');
#3143=PRODUCT_CONTEXT('',#3151,'mechanical');
#3144=PRODUCT_CONTEXT('',#3151,'mechanical');
#3145=PRODUCT_CONTEXT('',#3151,'mechanical');
#3146=PRODUCT_CONTEXT('',#3151,'mechanical');
#3147=PRODUCT_CONTEXT('',#3151,'mechanical');
#3148=PRODUCT_CONTEXT('',#3151,'mechanical');
#3149=PRODUCT_CONTEXT('',#3151,'mechanical');
#3150=APPLICATION_PROTOCOL_DEFINITION('international standard',
'automotive_design',2010,#3151);
#3151=APPLICATION_CONTEXT(
'core data for automotive mechanical design processes');
ENDSEC;
END-ISO-10303-21;
