ISO-10303-21;
HEADER;
/* Generated by software containing ST-Developer
 * from STEP Tools, Inc. (www.steptools.com) 
 */

FILE_DESCRIPTION(
/* description */ ('STEP AP242 Edition 2'),
/* implementation_level */ '2;1');

FILE_NAME(
/* name */ 'BPL-700-sims-assem.step',
/* time_stamp */ '2026-09-05T13:25:32-07:00',
/* author */ (''),
/* organization */ (''),
/* preprocessor_version */ 'ST-DEVELOPER v20.1',
/* originating_system */ 'Autodesk Translation Framework v15.8.0.0',
/* authorisation */ '');

FILE_SCHEMA (('AUTOMOTIVE_DESIGN { 1 0 10303 214 3 1 1 }'));
ENDSEC;

DATA;
#10=MECHANICAL_DESIGN_GEOMETRIC_PRESENTATION_REPRESENTATION('',(#59,#60,
#61,#62,#63,#64),#3633);
#11=ITEM_DEFINED_TRANSFORMATION($,$,#2128,#2361);
#12=ITEM_DEFINED_TRANSFORMATION($,$,#2128,#2362);
#13=ITEM_DEFINED_TRANSFORMATION($,$,#2087,#2363);
#14=ITEM_DEFINED_TRANSFORMATION($,$,#2128,#2364);
#15=ITEM_DEFINED_TRANSFORMATION($,$,#2102,#2365);
#16=ITEM_DEFINED_TRANSFORMATION($,$,#2128,#2366);
#17=ITEM_DEFINED_TRANSFORMATION($,$,#2144,#2367);
#18=ITEM_DEFINED_TRANSFORMATION($,$,#2272,#2368);
#19=ITEM_DEFINED_TRANSFORMATION($,$,#2311,#2369);
#20=(
REPRESENTATION_RELATIONSHIP($,$,#3663,#3660)
REPRESENTATION_RELATIONSHIP_WITH_TRANSFORMATION(#11)
SHAPE_REPRESENTATION_RELATIONSHIP()
);
#21=(
REPRESENTATION_RELATIONSHIP($,$,#3663,#3660)
REPRESENTATION_RELATIONSHIP_WITH_TRANSFORMATION(#12)
SHAPE_REPRESENTATION_RELATIONSHIP()
);
#22=(
REPRESENTATION_RELATIONSHIP($,$,#3661,#3660)
REPRESENTATION_RELATIONSHIP_WITH_TRANSFORMATION(#13)
SHAPE_REPRESENTATION_RELATIONSHIP()
);
#23=(
REPRESENTATION_RELATIONSHIP($,$,#3663,#3660)
REPRESENTATION_RELATIONSHIP_WITH_TRANSFORMATION(#14)
SHAPE_REPRESENTATION_RELATIONSHIP()
);
#24=(
REPRESENTATION_RELATIONSHIP($,$,#3662,#3660)
REPRESENTATION_RELATIONSHIP_WITH_TRANSFORMATION(#15)
SHAPE_REPRESENTATION_RELATIONSHIP()
);
#25=(
REPRESENTATION_RELATIONSHIP($,$,#3663,#3660)
REPRESENTATION_RELATIONSHIP_WITH_TRANSFORMATION(#16)
SHAPE_REPRESENTATION_RELATIONSHIP()
);
#26=(
REPRESENTATION_RELATIONSHIP($,$,#3664,#3660)
REPRESENTATION_RELATIONSHIP_WITH_TRANSFORMATION(#17)
SHAPE_REPRESENTATION_RELATIONSHIP()
);
#27=(
REPRESENTATION_RELATIONSHIP($,$,#3665,#3660)
REPRESENTATION_RELATIONSHIP_WITH_TRANSFORMATION(#18)
SHAPE_REPRESENTATION_RELATIONSHIP()
);
#28=(
REPRESENTATION_RELATIONSHIP($,$,#3666,#3660)
REPRESENTATION_RELATIONSHIP_WITH_TRANSFORMATION(#19)
SHAPE_REPRESENTATION_RELATIONSHIP()
);
#29=CONTEXT_DEPENDENT_SHAPE_REPRESENTATION(#20,#3651);
#30=CONTEXT_DEPENDENT_SHAPE_REPRESENTATION(#21,#3652);
#31=CONTEXT_DEPENDENT_SHAPE_REPRESENTATION(#22,#3653);
#32=CONTEXT_DEPENDENT_SHAPE_REPRESENTATION(#23,#3654);
#33=CONTEXT_DEPENDENT_SHAPE_REPRESENTATION(#24,#3655);
#34=CONTEXT_DEPENDENT_SHAPE_REPRESENTATION(#25,#3656);
#35=CONTEXT_DEPENDENT_SHAPE_REPRESENTATION(#26,#3657);
#36=CONTEXT_DEPENDENT_SHAPE_REPRESENTATION(#27,#3658);
#37=CONTEXT_DEPENDENT_SHAPE_REPRESENTATION(#28,#3659);
#38=NEXT_ASSEMBLY_USAGE_OCCURRENCE('outer_solenoid:1',
'outer_solenoid:1','outer_solenoid:1',#3668,#3671,'outer_solenoid:1');
#39=NEXT_ASSEMBLY_USAGE_OCCURRENCE('outer_solenoid:2',
'outer_solenoid:2','outer_solenoid:2',#3668,#3671,'outer_solenoid:2');
#40=NEXT_ASSEMBLY_USAGE_OCCURRENCE('center_solenoid:1',
'center_solenoid:1','center_solenoid:1',#3668,#3669,'center_solenoid:1');
#41=NEXT_ASSEMBLY_USAGE_OCCURRENCE('outer_solenoid:3',
'outer_solenoid:3','outer_solenoid:3',#3668,#3671,'outer_solenoid:3');
#42=NEXT_ASSEMBLY_USAGE_OCCURRENCE('top_plate:1','top_plate:1',
'top_plate:1',#3668,#3670,'top_plate:1');
#43=NEXT_ASSEMBLY_USAGE_OCCURRENCE('outer_solenoid:4',
'outer_solenoid:4','outer_solenoid:4',#3668,#3671,'outer_solenoid:4');
#44=NEXT_ASSEMBLY_USAGE_OCCURRENCE('injector:1','injector:1',
'injector:1',#3668,#3672,'injector:1');
#45=NEXT_ASSEMBLY_USAGE_OCCURRENCE('chamber:1','chamber:1','chamber:1',
#3668,#3673,'chamber:1');
#46=NEXT_ASSEMBLY_USAGE_OCCURRENCE('bottom_plate:1','bottom_plate:1',
'bottom_plate:1',#3668,#3674,'bottom_plate:1');
#47=SHAPE_REPRESENTATION_RELATIONSHIP('SRR','None',#3661,#53);
#48=SHAPE_REPRESENTATION_RELATIONSHIP('SRR','None',#3662,#54);
#49=SHAPE_REPRESENTATION_RELATIONSHIP('SRR','None',#3663,#55);
#50=SHAPE_REPRESENTATION_RELATIONSHIP('SRR','None',#3664,#56);
#51=SHAPE_REPRESENTATION_RELATIONSHIP('SRR','None',#3665,#57);
#52=SHAPE_REPRESENTATION_RELATIONSHIP('SRR','None',#3666,#58);
#53=ADVANCED_BREP_SHAPE_REPRESENTATION('',(#65),#3627);
#54=ADVANCED_BREP_SHAPE_REPRESENTATION('',(#66),#3628);
#55=ADVANCED_BREP_SHAPE_REPRESENTATION('',(#67),#3629);
#56=ADVANCED_BREP_SHAPE_REPRESENTATION('',(#68),#3630);
#57=ADVANCED_BREP_SHAPE_REPRESENTATION('',(#69),#3631);
#58=ADVANCED_BREP_SHAPE_REPRESENTATION('',(#70),#3632);
#59=STYLED_ITEM('',(#3700),#65);
#60=STYLED_ITEM('',(#3700),#66);
#61=STYLED_ITEM('',(#3700),#67);
#62=STYLED_ITEM('',(#3701),#68);
#63=STYLED_ITEM('',(#3702),#69);
#64=STYLED_ITEM('',(#3700),#70);
#65=MANIFOLD_SOLID_BREP('Body1',#2013);
#66=MANIFOLD_SOLID_BREP('Body1',#2014);
#67=MANIFOLD_SOLID_BREP('Body1',#2015);
#68=MANIFOLD_SOLID_BREP('Body1',#2016);
#69=MANIFOLD_SOLID_BREP('Body1',#2017);
#70=MANIFOLD_SOLID_BREP('Body1',#2018);
#71=CYLINDRICAL_SURFACE('',#2094,0.0025527);
#72=CYLINDRICAL_SURFACE('',#2095,0.015875);
#73=CYLINDRICAL_SURFACE('',#2101,0.0307975);
#74=CYLINDRICAL_SURFACE('',#2110,0.0035687);
#75=CYLINDRICAL_SURFACE('',#2113,0.0035687);
#76=CYLINDRICAL_SURFACE('',#2116,0.0035687);
#77=CYLINDRICAL_SURFACE('',#2119,0.0035687);
#78=CYLINDRICAL_SURFACE('',#2127,0.0555625);
#79=CYLINDRICAL_SURFACE('',#2129,0.015875);
#80=CYLINDRICAL_SURFACE('',#2139,0.0025527);
#81=CYLINDRICAL_SURFACE('',#2143,0.0025527);
#82=CYLINDRICAL_SURFACE('',#2148,0.00135255);
#83=CYLINDRICAL_SURFACE('',#2153,0.00135255);
#84=CYLINDRICAL_SURFACE('',#2158,0.00135255);
#85=CYLINDRICAL_SURFACE('',#2222,0.0447675);
#86=CYLINDRICAL_SURFACE('',#2228,0.0415925);
#87=CYLINDRICAL_SURFACE('',#2229,0.0015875);
#88=CYLINDRICAL_SURFACE('',#2231,0.0015875);
#89=CYLINDRICAL_SURFACE('',#2233,0.0015875);
#90=CYLINDRICAL_SURFACE('',#2235,0.0015875);
#91=CYLINDRICAL_SURFACE('',#2237,0.0015875);
#92=CYLINDRICAL_SURFACE('',#2239,0.0015875);
#93=CYLINDRICAL_SURFACE('',#2241,0.0015875);
#94=CYLINDRICAL_SURFACE('',#2243,0.0015875);
#95=CYLINDRICAL_SURFACE('',#2245,0.04953);
#96=CYLINDRICAL_SURFACE('',#2255,0.03683);
#97=CYLINDRICAL_SURFACE('',#2258,0.0015875);
#98=CYLINDRICAL_SURFACE('',#2260,0.0015875);
#99=CYLINDRICAL_SURFACE('',#2262,0.00635);
#100=CYLINDRICAL_SURFACE('',#2264,0.00635);
#101=CYLINDRICAL_SURFACE('',#2271,0.00135255);
#102=CYLINDRICAL_SURFACE('',#2273,0.0555625);
#103=CYLINDRICAL_SURFACE('',#2287,0.03556);
#104=CYLINDRICAL_SURFACE('',#2290,0.0508);
#105=CYLINDRICAL_SURFACE('',#2301,0.0307975);
#106=CYLINDRICAL_SURFACE('',#2302,0.0619125);
#107=CYLINDRICAL_SURFACE('',#2305,0.00635);
#108=CYLINDRICAL_SURFACE('',#2306,0.00635);
#109=CYLINDRICAL_SURFACE('',#2307,0.0018288);
#110=CYLINDRICAL_SURFACE('',#2308,0.0018288);
#111=CYLINDRICAL_SURFACE('',#2309,0.0018288);
#112=CYLINDRICAL_SURFACE('',#2310,0.0018288);
#113=CYLINDRICAL_SURFACE('',#2319,0.0035687);
#114=CYLINDRICAL_SURFACE('',#2322,0.0035687);
#115=CYLINDRICAL_SURFACE('',#2325,0.0035687);
#116=CYLINDRICAL_SURFACE('',#2328,0.0035687);
#117=CYLINDRICAL_SURFACE('',#2331,0.0035687);
#118=CYLINDRICAL_SURFACE('',#2353,0.0015875);
#119=CYLINDRICAL_SURFACE('',#2354,0.0015875);
#120=CYLINDRICAL_SURFACE('',#2355,0.009525);
#121=CYLINDRICAL_SURFACE('',#2356,0.009525);
#122=CYLINDRICAL_SURFACE('',#2357,0.0079375);
#123=CYLINDRICAL_SURFACE('',#2358,0.0079375);
#124=CYLINDRICAL_SURFACE('',#2359,0.0079375);
#125=CYLINDRICAL_SURFACE('',#2360,0.0079375);
#126=LINE('',#3058,#236);
#127=LINE('',#3063,#237);
#128=LINE('',#3066,#238);
#129=LINE('',#3075,#239);
#130=LINE('',#3080,#240);
#131=LINE('',#3082,#241);
#132=LINE('',#3084,#242);
#133=LINE('',#3085,#243);
#134=LINE('',#3088,#244);
#135=LINE('',#3090,#245);
#136=LINE('',#3091,#246);
#137=LINE('',#3094,#247);
#138=LINE('',#3096,#248);
#139=LINE('',#3097,#249);
#140=LINE('',#3100,#250);
#141=LINE('',#3102,#251);
#142=LINE('',#3103,#252);
#143=LINE('',#3106,#253);
#144=LINE('',#3108,#254);
#145=LINE('',#3109,#255);
#146=LINE('',#3112,#256);
#147=LINE('',#3114,#257);
#148=LINE('',#3115,#258);
#149=LINE('',#3118,#259);
#150=LINE('',#3120,#260);
#151=LINE('',#3121,#261);
#152=LINE('',#3126,#262);
#153=LINE('',#3132,#263);
#154=LINE('',#3138,#264);
#155=LINE('',#3144,#265);
#156=LINE('',#3147,#266);
#157=LINE('',#3148,#267);
#158=LINE('',#3156,#268);
#159=LINE('',#3162,#269);
#160=LINE('',#3173,#270);
#161=LINE('',#3178,#271);
#162=LINE('',#3182,#272);
#163=LINE('',#3187,#273);
#164=LINE('',#3192,#274);
#165=LINE('',#3199,#275);
#166=LINE('',#3203,#276);
#167=LINE('',#3210,#277);
#168=LINE('',#3214,#278);
#169=LINE('',#3221,#279);
#170=LINE('',#3322,#280);
#171=LINE('',#3328,#281);
#172=LINE('',#3331,#282);
#173=LINE('',#3335,#283);
#174=LINE('',#3339,#284);
#175=LINE('',#3343,#285);
#176=LINE('',#3347,#286);
#177=LINE('',#3351,#287);
#178=LINE('',#3355,#288);
#179=LINE('',#3359,#289);
#180=LINE('',#3364,#290);
#181=LINE('',#3379,#291);
#182=LINE('',#3384,#292);
#183=LINE('',#3388,#293);
#184=LINE('',#3391,#294);
#185=LINE('',#3395,#295);
#186=LINE('',#3402,#296);
#187=LINE('',#3407,#297);
#188=LINE('',#3413,#298);
#189=LINE('',#3439,#299);
#190=LINE('',#3444,#300);
#191=LINE('',#3462,#301);
#192=LINE('',#3465,#302);
#193=LINE('',#3469,#303);
#194=LINE('',#3471,#304);
#195=LINE('',#3473,#305);
#196=LINE('',#3475,#306);
#197=LINE('',#3477,#307);
#198=LINE('',#3479,#308);
#199=LINE('',#3484,#309);
#200=LINE('',#3486,#310);
#201=LINE('',#3488,#311);
#202=LINE('',#3489,#312);
#203=LINE('',#3492,#313);
#204=LINE('',#3494,#314);
#205=LINE('',#3495,#315);
#206=LINE('',#3498,#316);
#207=LINE('',#3500,#317);
#208=LINE('',#3501,#318);
#209=LINE('',#3504,#319);
#210=LINE('',#3506,#320);
#211=LINE('',#3507,#321);
#212=LINE('',#3510,#322);
#213=LINE('',#3512,#323);
#214=LINE('',#3513,#324);
#215=LINE('',#3516,#325);
#216=LINE('',#3518,#326);
#217=LINE('',#3519,#327);
#218=LINE('',#3522,#328);
#219=LINE('',#3524,#329);
#220=LINE('',#3525,#330);
#221=LINE('',#3530,#331);
#222=LINE('',#3536,#332);
#223=LINE('',#3542,#333);
#224=LINE('',#3548,#334);
#225=LINE('',#3554,#335);
#226=LINE('',#3557,#336);
#227=LINE('',#3558,#337);
#228=LINE('',#3594,#338);
#229=LINE('',#3596,#339);
#230=LINE('',#3598,#340);
#231=LINE('',#3600,#341);
#232=LINE('',#3602,#342);
#233=LINE('',#3604,#343);
#234=LINE('',#3606,#344);
#235=LINE('',#3608,#345);
#236=VECTOR('',#2382,0.0025527);
#237=VECTOR('',#2389,0.0025527);
#238=VECTOR('',#2392,0.015875);
#239=VECTOR('',#2405,0.0307975);
#240=VECTOR('',#2410,1.);
#241=VECTOR('',#2411,1.);
#242=VECTOR('',#2412,1.);
#243=VECTOR('',#2413,1.);
#244=VECTOR('',#2416,1.);
#245=VECTOR('',#2417,1.);
#246=VECTOR('',#2418,1.);
#247=VECTOR('',#2421,1.);
#248=VECTOR('',#2422,1.);
#249=VECTOR('',#2423,1.);
#250=VECTOR('',#2426,1.);
#251=VECTOR('',#2427,1.);
#252=VECTOR('',#2428,1.);
#253=VECTOR('',#2431,1.);
#254=VECTOR('',#2432,1.);
#255=VECTOR('',#2433,1.);
#256=VECTOR('',#2436,1.);
#257=VECTOR('',#2437,1.);
#258=VECTOR('',#2438,1.);
#259=VECTOR('',#2441,1.);
#260=VECTOR('',#2442,1.);
#261=VECTOR('',#2443,1.);
#262=VECTOR('',#2448,0.0035687);
#263=VECTOR('',#2455,0.0035687);
#264=VECTOR('',#2462,0.0035687);
#265=VECTOR('',#2469,0.0035687);
#266=VECTOR('',#2474,1.);
#267=VECTOR('',#2475,1.);
#268=VECTOR('',#2486,0.0555625);
#269=VECTOR('',#2493,0.015875);
#270=VECTOR('',#2506,0.0025527);
#271=VECTOR('',#2513,0.0025527);
#272=VECTOR('',#2516,0.0025527);
#273=VECTOR('',#2523,0.0025527);
#274=VECTOR('',#2528,0.00135255);
#275=VECTOR('',#2537,0.00135255);
#276=VECTOR('',#2540,0.00135255);
#277=VECTOR('',#2549,0.00135255);
#278=VECTOR('',#2552,0.00135255);
#279=VECTOR('',#2561,0.00135255);
#280=VECTOR('',#2690,0.0447675);
#281=VECTOR('',#2701,0.0415925);
#282=VECTOR('',#2704,0.0015875);
#283=VECTOR('',#2709,0.0015875);
#284=VECTOR('',#2714,0.0015875);
#285=VECTOR('',#2719,0.0015875);
#286=VECTOR('',#2724,0.0015875);
#287=VECTOR('',#2729,0.0015875);
#288=VECTOR('',#2734,0.0015875);
#289=VECTOR('',#2739,0.0015875);
#290=VECTOR('',#2746,0.04953);
#291=VECTOR('',#2767,0.03683);
#292=VECTOR('',#2774,0.0015875);
#293=VECTOR('',#2779,0.0015875);
#294=VECTOR('',#2782,0.00635);
#295=VECTOR('',#2787,0.00635);
#296=VECTOR('',#2796,0.00135255);
#297=VECTOR('',#2803,0.00135255);
#298=VECTOR('',#2810,0.0555625);
#299=VECTOR('',#2839,0.03556);
#300=VECTOR('',#2846,0.0508);
#301=VECTOR('',#2867,0.0307975);
#302=VECTOR('',#2870,0.0619125);
#303=VECTOR('',#2877,0.00635);
#304=VECTOR('',#2880,0.00635);
#305=VECTOR('',#2883,0.0018288);
#306=VECTOR('',#2886,0.0018288);
#307=VECTOR('',#2889,0.0018288);
#308=VECTOR('',#2892,0.0018288);
#309=VECTOR('',#2897,1.);
#310=VECTOR('',#2898,1.);
#311=VECTOR('',#2899,1.);
#312=VECTOR('',#2900,1.);
#313=VECTOR('',#2903,1.);
#314=VECTOR('',#2904,1.);
#315=VECTOR('',#2905,1.);
#316=VECTOR('',#2908,1.);
#317=VECTOR('',#2909,1.);
#318=VECTOR('',#2910,1.);
#319=VECTOR('',#2913,1.);
#320=VECTOR('',#2914,1.);
#321=VECTOR('',#2915,1.);
#322=VECTOR('',#2918,1.);
#323=VECTOR('',#2919,1.);
#324=VECTOR('',#2920,1.);
#325=VECTOR('',#2923,1.);
#326=VECTOR('',#2924,1.);
#327=VECTOR('',#2925,1.);
#328=VECTOR('',#2928,1.);
#329=VECTOR('',#2929,1.);
#330=VECTOR('',#2930,1.);
#331=VECTOR('',#2935,0.0035687);
#332=VECTOR('',#2942,0.0035687);
#333=VECTOR('',#2949,0.0035687);
#334=VECTOR('',#2956,0.0035687);
#335=VECTOR('',#2963,0.0035687);
#336=VECTOR('',#2968,1.);
#337=VECTOR('',#2969,1.);
#338=VECTOR('',#3008,0.0015875);
#339=VECTOR('',#3011,0.0015875);
#340=VECTOR('',#3014,0.009525);
#341=VECTOR('',#3017,0.009525);
#342=VECTOR('',#3020,0.0079375);
#343=VECTOR('',#3023,0.0079375);
#344=VECTOR('',#3026,0.0079375);
#345=VECTOR('',#3029,0.0079375);
#346=CONICAL_SURFACE('',#2091,0.0025527,1.02974425867665);
#347=CONICAL_SURFACE('',#2136,0.0025527,1.02974425867666);
#348=CONICAL_SURFACE('',#2140,0.0025527,1.02974425867665);
#349=CONICAL_SURFACE('',#2145,0.00135255,1.02974425867665);
#350=CONICAL_SURFACE('',#2150,0.00135255,1.02974425867665);
#351=CONICAL_SURFACE('',#2155,0.00135255,1.02974425867665);
#352=CONICAL_SURFACE('',#2268,0.00135255,1.02974425867665);
#353=FACE_BOUND('',#533,.T.);
#354=FACE_BOUND('',#538,.T.);
#355=FACE_BOUND('',#554,.T.);
#356=FACE_BOUND('',#555,.T.);
#357=FACE_BOUND('',#556,.T.);
#358=FACE_BOUND('',#557,.T.);
#359=FACE_BOUND('',#558,.T.);
#360=FACE_BOUND('',#560,.T.);
#361=FACE_BOUND('',#561,.T.);
#362=FACE_BOUND('',#562,.T.);
#363=FACE_BOUND('',#563,.T.);
#364=FACE_BOUND('',#564,.T.);
#365=FACE_BOUND('',#568,.T.);
#366=FACE_BOUND('',#570,.T.);
#367=FACE_BOUND('',#582,.T.);
#368=FACE_BOUND('',#583,.T.);
#369=FACE_BOUND('',#606,.T.);
#370=FACE_BOUND('',#607,.T.);
#371=FACE_BOUND('',#610,.T.);
#372=FACE_BOUND('',#611,.T.);
#373=FACE_BOUND('',#612,.T.);
#374=FACE_BOUND('',#613,.T.);
#375=FACE_BOUND('',#614,.T.);
#376=FACE_BOUND('',#615,.T.);
#377=FACE_BOUND('',#616,.T.);
#378=FACE_BOUND('',#617,.T.);
#379=FACE_BOUND('',#618,.T.);
#380=FACE_BOUND('',#624,.T.);
#381=FACE_BOUND('',#626,.T.);
#382=FACE_BOUND('',#631,.T.);
#383=FACE_BOUND('',#633,.T.);
#384=FACE_BOUND('',#634,.T.);
#385=FACE_BOUND('',#635,.T.);
#386=FACE_BOUND('',#636,.T.);
#387=FACE_BOUND('',#637,.T.);
#388=FACE_BOUND('',#638,.T.);
#389=FACE_BOUND('',#639,.T.);
#390=FACE_BOUND('',#643,.T.);
#391=FACE_BOUND('',#644,.T.);
#392=FACE_BOUND('',#645,.T.);
#393=FACE_BOUND('',#646,.T.);
#394=FACE_BOUND('',#647,.T.);
#395=FACE_BOUND('',#648,.T.);
#396=FACE_BOUND('',#649,.T.);
#397=FACE_BOUND('',#651,.T.);
#398=FACE_BOUND('',#655,.T.);
#399=FACE_BOUND('',#676,.T.);
#400=FACE_BOUND('',#677,.T.);
#401=FACE_BOUND('',#678,.T.);
#402=FACE_BOUND('',#679,.T.);
#403=FACE_BOUND('',#680,.T.);
#404=FACE_BOUND('',#681,.T.);
#405=FACE_BOUND('',#682,.T.);
#406=FACE_BOUND('',#683,.T.);
#407=FACE_BOUND('',#684,.T.);
#408=FACE_BOUND('',#685,.T.);
#409=FACE_BOUND('',#686,.T.);
#410=FACE_BOUND('',#687,.T.);
#411=FACE_BOUND('',#688,.T.);
#412=FACE_BOUND('',#690,.T.);
#413=FACE_BOUND('',#691,.T.);
#414=FACE_BOUND('',#692,.T.);
#415=FACE_BOUND('',#693,.T.);
#416=FACE_BOUND('',#694,.T.);
#417=FACE_BOUND('',#695,.T.);
#418=FACE_BOUND('',#696,.T.);
#419=FACE_BOUND('',#697,.T.);
#420=FACE_BOUND('',#698,.T.);
#421=FACE_BOUND('',#699,.T.);
#422=FACE_BOUND('',#700,.T.);
#423=FACE_BOUND('',#701,.T.);
#424=FACE_BOUND('',#702,.T.);
#425=FACE_OUTER_BOUND('',#532,.T.);
#426=FACE_OUTER_BOUND('',#534,.T.);
#427=FACE_OUTER_BOUND('',#535,.T.);
#428=FACE_OUTER_BOUND('',#536,.T.);
#429=FACE_OUTER_BOUND('',#537,.T.);
#430=FACE_OUTER_BOUND('',#539,.T.);
#431=FACE_OUTER_BOUND('',#540,.T.);
#432=FACE_OUTER_BOUND('',#541,.T.);
#433=FACE_OUTER_BOUND('',#542,.T.);
#434=FACE_OUTER_BOUND('',#543,.T.);
#435=FACE_OUTER_BOUND('',#544,.T.);
#436=FACE_OUTER_BOUND('',#545,.T.);
#437=FACE_OUTER_BOUND('',#546,.T.);
#438=FACE_OUTER_BOUND('',#547,.T.);
#439=FACE_OUTER_BOUND('',#548,.T.);
#440=FACE_OUTER_BOUND('',#549,.T.);
#441=FACE_OUTER_BOUND('',#550,.T.);
#442=FACE_OUTER_BOUND('',#551,.T.);
#443=FACE_OUTER_BOUND('',#552,.T.);
#444=FACE_OUTER_BOUND('',#553,.T.);
#445=FACE_OUTER_BOUND('',#559,.T.);
#446=FACE_OUTER_BOUND('',#565,.T.);
#447=FACE_OUTER_BOUND('',#566,.T.);
#448=FACE_OUTER_BOUND('',#567,.T.);
#449=FACE_OUTER_BOUND('',#569,.T.);
#450=FACE_OUTER_BOUND('',#571,.T.);
#451=FACE_OUTER_BOUND('',#572,.T.);
#452=FACE_OUTER_BOUND('',#573,.T.);
#453=FACE_OUTER_BOUND('',#574,.T.);
#454=FACE_OUTER_BOUND('',#575,.T.);
#455=FACE_OUTER_BOUND('',#576,.T.);
#456=FACE_OUTER_BOUND('',#577,.T.);
#457=FACE_OUTER_BOUND('',#578,.T.);
#458=FACE_OUTER_BOUND('',#579,.T.);
#459=FACE_OUTER_BOUND('',#580,.T.);
#460=FACE_OUTER_BOUND('',#581,.T.);
#461=FACE_OUTER_BOUND('',#584,.T.);
#462=FACE_OUTER_BOUND('',#585,.T.);
#463=FACE_OUTER_BOUND('',#586,.T.);
#464=FACE_OUTER_BOUND('',#587,.T.);
#465=FACE_OUTER_BOUND('',#588,.T.);
#466=FACE_OUTER_BOUND('',#589,.T.);
#467=FACE_OUTER_BOUND('',#590,.T.);
#468=FACE_OUTER_BOUND('',#591,.T.);
#469=FACE_OUTER_BOUND('',#592,.T.);
#470=FACE_OUTER_BOUND('',#593,.T.);
#471=FACE_OUTER_BOUND('',#594,.T.);
#472=FACE_OUTER_BOUND('',#595,.T.);
#473=FACE_OUTER_BOUND('',#596,.T.);
#474=FACE_OUTER_BOUND('',#597,.T.);
#475=FACE_OUTER_BOUND('',#598,.T.);
#476=FACE_OUTER_BOUND('',#599,.T.);
#477=FACE_OUTER_BOUND('',#600,.T.);
#478=FACE_OUTER_BOUND('',#601,.T.);
#479=FACE_OUTER_BOUND('',#602,.T.);
#480=FACE_OUTER_BOUND('',#603,.T.);
#481=FACE_OUTER_BOUND('',#604,.T.);
#482=FACE_OUTER_BOUND('',#605,.T.);
#483=FACE_OUTER_BOUND('',#608,.T.);
#484=FACE_OUTER_BOUND('',#609,.T.);
#485=FACE_OUTER_BOUND('',#619,.T.);
#486=FACE_OUTER_BOUND('',#620,.T.);
#487=FACE_OUTER_BOUND('',#621,.T.);
#488=FACE_OUTER_BOUND('',#622,.T.);
#489=FACE_OUTER_BOUND('',#623,.T.);
#490=FACE_OUTER_BOUND('',#625,.T.);
#491=FACE_OUTER_BOUND('',#627,.T.);
#492=FACE_OUTER_BOUND('',#628,.T.);
#493=FACE_OUTER_BOUND('',#629,.T.);
#494=FACE_OUTER_BOUND('',#630,.T.);
#495=FACE_OUTER_BOUND('',#632,.T.);
#496=FACE_OUTER_BOUND('',#640,.T.);
#497=FACE_OUTER_BOUND('',#641,.T.);
#498=FACE_OUTER_BOUND('',#642,.T.);
#499=FACE_OUTER_BOUND('',#650,.T.);
#500=FACE_OUTER_BOUND('',#652,.T.);
#501=FACE_OUTER_BOUND('',#653,.T.);
#502=FACE_OUTER_BOUND('',#654,.T.);
#503=FACE_OUTER_BOUND('',#656,.T.);
#504=FACE_OUTER_BOUND('',#657,.T.);
#505=FACE_OUTER_BOUND('',#658,.T.);
#506=FACE_OUTER_BOUND('',#659,.T.);
#507=FACE_OUTER_BOUND('',#660,.T.);
#508=FACE_OUTER_BOUND('',#661,.T.);
#509=FACE_OUTER_BOUND('',#662,.T.);
#510=FACE_OUTER_BOUND('',#663,.T.);
#511=FACE_OUTER_BOUND('',#664,.T.);
#512=FACE_OUTER_BOUND('',#665,.T.);
#513=FACE_OUTER_BOUND('',#666,.T.);
#514=FACE_OUTER_BOUND('',#667,.T.);
#515=FACE_OUTER_BOUND('',#668,.T.);
#516=FACE_OUTER_BOUND('',#669,.T.);
#517=FACE_OUTER_BOUND('',#670,.T.);
#518=FACE_OUTER_BOUND('',#671,.T.);
#519=FACE_OUTER_BOUND('',#672,.T.);
#520=FACE_OUTER_BOUND('',#673,.T.);
#521=FACE_OUTER_BOUND('',#674,.T.);
#522=FACE_OUTER_BOUND('',#675,.T.);
#523=FACE_OUTER_BOUND('',#689,.T.);
#524=FACE_OUTER_BOUND('',#703,.T.);
#525=FACE_OUTER_BOUND('',#704,.T.);
#526=FACE_OUTER_BOUND('',#705,.T.);
#527=FACE_OUTER_BOUND('',#706,.T.);
#528=FACE_OUTER_BOUND('',#707,.T.);
#529=FACE_OUTER_BOUND('',#708,.T.);
#530=FACE_OUTER_BOUND('',#709,.T.);
#531=FACE_OUTER_BOUND('',#710,.T.);
#532=EDGE_LOOP('',(#1319));
#533=EDGE_LOOP('',(#1320));
#534=EDGE_LOOP('',(#1321,#1322,#1323,#1324));
#535=EDGE_LOOP('',(#1325,#1326,#1327,#1328,#1329));
#536=EDGE_LOOP('',(#1330,#1331,#1332,#1333));
#537=EDGE_LOOP('',(#1334));
#538=EDGE_LOOP('',(#1335));
#539=EDGE_LOOP('',(#1336));
#540=EDGE_LOOP('',(#1337,#1338,#1339,#1340));
#541=EDGE_LOOP('',(#1341,#1342,#1343,#1344));
#542=EDGE_LOOP('',(#1345,#1346,#1347,#1348));
#543=EDGE_LOOP('',(#1349,#1350,#1351,#1352));
#544=EDGE_LOOP('',(#1353,#1354,#1355,#1356));
#545=EDGE_LOOP('',(#1357,#1358,#1359,#1360));
#546=EDGE_LOOP('',(#1361,#1362,#1363,#1364));
#547=EDGE_LOOP('',(#1365,#1366,#1367,#1368));
#548=EDGE_LOOP('',(#1369,#1370,#1371,#1372));
#549=EDGE_LOOP('',(#1373,#1374,#1375,#1376));
#550=EDGE_LOOP('',(#1377,#1378,#1379,#1380));
#551=EDGE_LOOP('',(#1381,#1382,#1383,#1384));
#552=EDGE_LOOP('',(#1385,#1386,#1387,#1388));
#553=EDGE_LOOP('',(#1389,#1390,#1391,#1392,#1393,#1394,#1395,#1396));
#554=EDGE_LOOP('',(#1397));
#555=EDGE_LOOP('',(#1398));
#556=EDGE_LOOP('',(#1399));
#557=EDGE_LOOP('',(#1400));
#558=EDGE_LOOP('',(#1401));
#559=EDGE_LOOP('',(#1402,#1403,#1404,#1405,#1406,#1407,#1408,#1409));
#560=EDGE_LOOP('',(#1410));
#561=EDGE_LOOP('',(#1411));
#562=EDGE_LOOP('',(#1412));
#563=EDGE_LOOP('',(#1413));
#564=EDGE_LOOP('',(#1414));
#565=EDGE_LOOP('',(#1415,#1416,#1417,#1418));
#566=EDGE_LOOP('',(#1419,#1420,#1421,#1422));
#567=EDGE_LOOP('',(#1423));
#568=EDGE_LOOP('',(#1424));
#569=EDGE_LOOP('',(#1425));
#570=EDGE_LOOP('',(#1426));
#571=EDGE_LOOP('',(#1427,#1428,#1429,#1430));
#572=EDGE_LOOP('',(#1431,#1432,#1433,#1434,#1435));
#573=EDGE_LOOP('',(#1436,#1437,#1438,#1439));
#574=EDGE_LOOP('',(#1440,#1441,#1442,#1443,#1444));
#575=EDGE_LOOP('',(#1445,#1446,#1447,#1448));
#576=EDGE_LOOP('',(#1449,#1450,#1451,#1452,#1453));
#577=EDGE_LOOP('',(#1454,#1455,#1456,#1457));
#578=EDGE_LOOP('',(#1458,#1459,#1460,#1461,#1462));
#579=EDGE_LOOP('',(#1463,#1464,#1465,#1466));
#580=EDGE_LOOP('',(#1467,#1468,#1469,#1470,#1471));
#581=EDGE_LOOP('',(#1472,#1473,#1474,#1475,#1476,#1477));
#582=EDGE_LOOP('',(#1478));
#583=EDGE_LOOP('',(#1479));
#584=EDGE_LOOP('',(#1480,#1481,#1482,#1483,#1484,#1485));
#585=EDGE_LOOP('',(#1486,#1487,#1488,#1489,#1490));
#586=EDGE_LOOP('',(#1491,#1492,#1493,#1494,#1495));
#587=EDGE_LOOP('',(#1496,#1497,#1498,#1499,#1500));
#588=EDGE_LOOP('',(#1501,#1502,#1503,#1504,#1505));
#589=EDGE_LOOP('',(#1506,#1507,#1508,#1509));
#590=EDGE_LOOP('',(#1510,#1511,#1512,#1513,#1514));
#591=EDGE_LOOP('',(#1515,#1516,#1517,#1518,#1519));
#592=EDGE_LOOP('',(#1520,#1521,#1522,#1523,#1524,#1525));
#593=EDGE_LOOP('',(#1526,#1527,#1528,#1529,#1530,#1531,#1532,#1533,#1534,
#1535,#1536,#1537,#1538));
#594=EDGE_LOOP('',(#1539,#1540,#1541,#1542));
#595=EDGE_LOOP('',(#1543,#1544,#1545,#1546,#1547,#1548,#1549,#1550,#1551,
#1552,#1553,#1554,#1555));
#596=EDGE_LOOP('',(#1556,#1557,#1558,#1559,#1560,#1561));
#597=EDGE_LOOP('',(#1562,#1563,#1564,#1565,#1566,#1567));
#598=EDGE_LOOP('',(#1568,#1569,#1570,#1571,#1572,#1573));
#599=EDGE_LOOP('',(#1574,#1575,#1576,#1577,#1578));
#600=EDGE_LOOP('',(#1579,#1580,#1581,#1582,#1583,#1584));
#601=EDGE_LOOP('',(#1585,#1586,#1587,#1588,#1589,#1590));
#602=EDGE_LOOP('',(#1591,#1592,#1593,#1594,#1595,#1596));
#603=EDGE_LOOP('',(#1597,#1598,#1599,#1600,#1601));
#604=EDGE_LOOP('',(#1602,#1603,#1604,#1605,#1606,#1607));
#605=EDGE_LOOP('',(#1608,#1609,#1610,#1611,#1612,#1613));
#606=EDGE_LOOP('',(#1614));
#607=EDGE_LOOP('',(#1615));
#608=EDGE_LOOP('',(#1616,#1617,#1618,#1619,#1620,#1621));
#609=EDGE_LOOP('',(#1622));
#610=EDGE_LOOP('',(#1623));
#611=EDGE_LOOP('',(#1624));
#612=EDGE_LOOP('',(#1625));
#613=EDGE_LOOP('',(#1626));
#614=EDGE_LOOP('',(#1627));
#615=EDGE_LOOP('',(#1628));
#616=EDGE_LOOP('',(#1629));
#617=EDGE_LOOP('',(#1630));
#618=EDGE_LOOP('',(#1631));
#619=EDGE_LOOP('',(#1632,#1633,#1634,#1635,#1636,#1637));
#620=EDGE_LOOP('',(#1638,#1639,#1640,#1641,#1642,#1643));
#621=EDGE_LOOP('',(#1644,#1645,#1646,#1647,#1648,#1649));
#622=EDGE_LOOP('',(#1650,#1651,#1652,#1653,#1654,#1655));
#623=EDGE_LOOP('',(#1656));
#624=EDGE_LOOP('',(#1657));
#625=EDGE_LOOP('',(#1658));
#626=EDGE_LOOP('',(#1659));
#627=EDGE_LOOP('',(#1660,#1661,#1662,#1663));
#628=EDGE_LOOP('',(#1664,#1665,#1666,#1667,#1668));
#629=EDGE_LOOP('',(#1669,#1670,#1671,#1672));
#630=EDGE_LOOP('',(#1673));
#631=EDGE_LOOP('',(#1674));
#632=EDGE_LOOP('',(#1675));
#633=EDGE_LOOP('',(#1676));
#634=EDGE_LOOP('',(#1677));
#635=EDGE_LOOP('',(#1678));
#636=EDGE_LOOP('',(#1679));
#637=EDGE_LOOP('',(#1680));
#638=EDGE_LOOP('',(#1681));
#639=EDGE_LOOP('',(#1682));
#640=EDGE_LOOP('',(#1683,#1684,#1685,#1686));
#641=EDGE_LOOP('',(#1687,#1688,#1689,#1690));
#642=EDGE_LOOP('',(#1691));
#643=EDGE_LOOP('',(#1692));
#644=EDGE_LOOP('',(#1693));
#645=EDGE_LOOP('',(#1694));
#646=EDGE_LOOP('',(#1695));
#647=EDGE_LOOP('',(#1696));
#648=EDGE_LOOP('',(#1697));
#649=EDGE_LOOP('',(#1698));
#650=EDGE_LOOP('',(#1699));
#651=EDGE_LOOP('',(#1700));
#652=EDGE_LOOP('',(#1701,#1702,#1703,#1704));
#653=EDGE_LOOP('',(#1705,#1706,#1707,#1708));
#654=EDGE_LOOP('',(#1709));
#655=EDGE_LOOP('',(#1710));
#656=EDGE_LOOP('',(#1711,#1712,#1713,#1714));
#657=EDGE_LOOP('',(#1715,#1716,#1717,#1718));
#658=EDGE_LOOP('',(#1719,#1720,#1721,#1722));
#659=EDGE_LOOP('',(#1723,#1724,#1725,#1726));
#660=EDGE_LOOP('',(#1727,#1728,#1729,#1730));
#661=EDGE_LOOP('',(#1731,#1732,#1733,#1734));
#662=EDGE_LOOP('',(#1735,#1736,#1737,#1738));
#663=EDGE_LOOP('',(#1739,#1740,#1741,#1742));
#664=EDGE_LOOP('',(#1743,#1744,#1745,#1746));
#665=EDGE_LOOP('',(#1747,#1748,#1749,#1750));
#666=EDGE_LOOP('',(#1751,#1752,#1753,#1754));
#667=EDGE_LOOP('',(#1755,#1756,#1757,#1758));
#668=EDGE_LOOP('',(#1759,#1760,#1761,#1762));
#669=EDGE_LOOP('',(#1763,#1764,#1765,#1766));
#670=EDGE_LOOP('',(#1767,#1768,#1769,#1770));
#671=EDGE_LOOP('',(#1771,#1772,#1773,#1774));
#672=EDGE_LOOP('',(#1775,#1776,#1777,#1778));
#673=EDGE_LOOP('',(#1779,#1780,#1781,#1782));
#674=EDGE_LOOP('',(#1783,#1784,#1785,#1786));
#675=EDGE_LOOP('',(#1787,#1788,#1789,#1790,#1791,#1792,#1793,#1794));
#676=EDGE_LOOP('',(#1795));
#677=EDGE_LOOP('',(#1796));
#678=EDGE_LOOP('',(#1797));
#679=EDGE_LOOP('',(#1798));
#680=EDGE_LOOP('',(#1799));
#681=EDGE_LOOP('',(#1800));
#682=EDGE_LOOP('',(#1801));
#683=EDGE_LOOP('',(#1802));
#684=EDGE_LOOP('',(#1803));
#685=EDGE_LOOP('',(#1804));
#686=EDGE_LOOP('',(#1805));
#687=EDGE_LOOP('',(#1806));
#688=EDGE_LOOP('',(#1807));
#689=EDGE_LOOP('',(#1808,#1809,#1810,#1811,#1812,#1813,#1814,#1815));
#690=EDGE_LOOP('',(#1816));
#691=EDGE_LOOP('',(#1817));
#692=EDGE_LOOP('',(#1818));
#693=EDGE_LOOP('',(#1819));
#694=EDGE_LOOP('',(#1820));
#695=EDGE_LOOP('',(#1821));
#696=EDGE_LOOP('',(#1822));
#697=EDGE_LOOP('',(#1823));
#698=EDGE_LOOP('',(#1824));
#699=EDGE_LOOP('',(#1825));
#700=EDGE_LOOP('',(#1826));
#701=EDGE_LOOP('',(#1827));
#702=EDGE_LOOP('',(#1828));
#703=EDGE_LOOP('',(#1829,#1830,#1831,#1832));
#704=EDGE_LOOP('',(#1833,#1834,#1835,#1836));
#705=EDGE_LOOP('',(#1837,#1838,#1839,#1840));
#706=EDGE_LOOP('',(#1841,#1842,#1843,#1844));
#707=EDGE_LOOP('',(#1845,#1846,#1847,#1848));
#708=EDGE_LOOP('',(#1849,#1850,#1851,#1852));
#709=EDGE_LOOP('',(#1853,#1854,#1855,#1856));
#710=EDGE_LOOP('',(#1857,#1858,#1859,#1860));
#711=CIRCLE('',#2089,0.015875);
#712=CIRCLE('',#2090,0.0025527);
#713=CIRCLE('',#2092,0.0025527);
#714=CIRCLE('',#2093,0.0025527);
#715=CIRCLE('',#2096,0.015875);
#716=CIRCLE('',#2098,0.0307975);
#717=CIRCLE('',#2100,0.0307975);
#718=CIRCLE('',#2111,0.0035687);
#719=CIRCLE('',#2112,0.0035687);
#720=CIRCLE('',#2114,0.0035687);
#721=CIRCLE('',#2115,0.0035687);
#722=CIRCLE('',#2117,0.0035687);
#723=CIRCLE('',#2118,0.0035687);
#724=CIRCLE('',#2120,0.0035687);
#725=CIRCLE('',#2121,0.0035687);
#726=CIRCLE('',#2124,0.0555625);
#727=CIRCLE('',#2126,0.0555625);
#728=CIRCLE('',#2130,0.015875);
#729=CIRCLE('',#2131,0.015875);
#730=CIRCLE('',#2133,0.0025527);
#731=CIRCLE('',#2135,0.0025527);
#732=CIRCLE('',#2137,0.0025527);
#733=CIRCLE('',#2138,0.0025527);
#734=CIRCLE('',#2141,0.0025527);
#735=CIRCLE('',#2142,0.0025527);
#736=CIRCLE('',#2146,0.00135255);
#737=CIRCLE('',#2147,0.00135255);
#738=CIRCLE('',#2149,0.00135255);
#739=CIRCLE('',#2151,0.00135255);
#740=CIRCLE('',#2152,0.00135255);
#741=CIRCLE('',#2154,0.00135255);
#742=CIRCLE('',#2156,0.00135255);
#743=CIRCLE('',#2157,0.00135255);
#744=CIRCLE('',#2159,0.00135255);
#745=CIRCLE('',#2161,0.00635);
#746=CIRCLE('',#2162,0.04953);
#747=CIRCLE('',#2163,0.04953);
#748=CIRCLE('',#2164,0.00635);
#749=CIRCLE('',#2165,0.03683);
#750=CIRCLE('',#2166,0.03683);
#751=CIRCLE('',#2168,0.0015875);
#752=CIRCLE('',#2169,0.0415925);
#753=CIRCLE('',#2170,0.0015875);
#754=CIRCLE('',#2171,0.0015875);
#755=CIRCLE('',#2172,0.0447675);
#756=CIRCLE('',#2173,0.0015875);
#757=CIRCLE('',#2175,0.0415925);
#758=CIRCLE('',#2176,0.0015875);
#759=CIRCLE('',#2177,0.0447675);
#760=CIRCLE('',#2178,0.0015875);
#761=CIRCLE('',#2179,0.0015875);
#762=CIRCLE('',#2181,0.0447675);
#763=CIRCLE('',#2182,0.0015875);
#764=CIRCLE('',#2183,0.0415925);
#765=CIRCLE('',#2184,0.0015875);
#766=CIRCLE('',#2185,0.0015875);
#767=CIRCLE('',#2187,0.0415925);
#768=CIRCLE('',#2188,0.0015875);
#769=CIRCLE('',#2189,0.0447675);
#770=CIRCLE('',#2190,0.0015875);
#771=CIRCLE('',#2191,0.0015875);
#772=CIRCLE('',#2193,0.0415925);
#773=CIRCLE('',#2194,0.0015875);
#774=CIRCLE('',#2195,0.0447675);
#775=CIRCLE('',#2196,0.0015875);
#776=CIRCLE('',#2197,0.0015875);
#777=CIRCLE('',#2199,0.0415925);
#778=CIRCLE('',#2200,0.0015875);
#779=CIRCLE('',#2201,0.0447675);
#780=CIRCLE('',#2202,0.0015875);
#781=CIRCLE('',#2204,0.0415925);
#782=CIRCLE('',#2205,0.0015875);
#783=CIRCLE('',#2206,0.0015875);
#784=CIRCLE('',#2207,0.0447675);
#785=CIRCLE('',#2208,0.0015875);
#786=CIRCLE('',#2210,0.0415925);
#787=CIRCLE('',#2211,0.0015875);
#788=CIRCLE('',#2212,0.0015875);
#789=CIRCLE('',#2213,0.0447675);
#790=CIRCLE('',#2214,0.0015875);
#791=CIRCLE('',#2216,0.0015875);
#792=CIRCLE('',#2217,0.0447675);
#793=CIRCLE('',#2218,0.0447675);
#794=CIRCLE('',#2219,0.0015875);
#795=CIRCLE('',#2220,0.0415925);
#796=CIRCLE('',#2221,0.0415925);
#797=CIRCLE('',#2223,0.0447675);
#798=CIRCLE('',#2225,0.0415925);
#799=CIRCLE('',#2226,0.0015875);
#800=CIRCLE('',#2227,0.0015875);
#801=CIRCLE('',#2230,0.0015875);
#802=CIRCLE('',#2232,0.0015875);
#803=CIRCLE('',#2234,0.0015875);
#804=CIRCLE('',#2236,0.0015875);
#805=CIRCLE('',#2238,0.0015875);
#806=CIRCLE('',#2240,0.0015875);
#807=CIRCLE('',#2242,0.0015875);
#808=CIRCLE('',#2244,0.0015875);
#809=CIRCLE('',#2246,0.04953);
#810=CIRCLE('',#2247,0.04953);
#811=CIRCLE('',#2249,0.00635);
#812=CIRCLE('',#2250,0.03683);
#813=CIRCLE('',#2251,0.00635);
#814=CIRCLE('',#2252,0.00635);
#815=CIRCLE('',#2253,0.00635);
#816=CIRCLE('',#2254,0.00135255);
#817=CIRCLE('',#2256,0.03683);
#818=CIRCLE('',#2259,0.0015875);
#819=CIRCLE('',#2261,0.0015875);
#820=CIRCLE('',#2263,0.00635);
#821=CIRCLE('',#2265,0.00635);
#822=CIRCLE('',#2269,0.00135255);
#823=CIRCLE('',#2270,0.00135255);
#824=CIRCLE('',#2274,0.0555625);
#825=CIRCLE('',#2275,0.0555625);
#826=CIRCLE('',#2277,0.0508);
#827=CIRCLE('',#2279,0.0619125);
#828=CIRCLE('',#2280,0.0018288);
#829=CIRCLE('',#2281,0.0018288);
#830=CIRCLE('',#2282,0.0018288);
#831=CIRCLE('',#2283,0.0018288);
#832=CIRCLE('',#2284,0.00635);
#833=CIRCLE('',#2285,0.00635);
#834=CIRCLE('',#2286,0.0307975);
#835=CIRCLE('',#2288,0.03556);
#836=CIRCLE('',#2289,0.03556);
#837=CIRCLE('',#2291,0.0508);
#838=CIRCLE('',#2293,0.0018288);
#839=CIRCLE('',#2294,0.0018288);
#840=CIRCLE('',#2295,0.0018288);
#841=CIRCLE('',#2296,0.0018288);
#842=CIRCLE('',#2297,0.00635);
#843=CIRCLE('',#2298,0.00635);
#844=CIRCLE('',#2300,0.0307975);
#845=CIRCLE('',#2303,0.0619125);
#846=CIRCLE('',#2320,0.0035687);
#847=CIRCLE('',#2321,0.0035687);
#848=CIRCLE('',#2323,0.0035687);
#849=CIRCLE('',#2324,0.0035687);
#850=CIRCLE('',#2326,0.0035687);
#851=CIRCLE('',#2327,0.0035687);
#852=CIRCLE('',#2329,0.0035687);
#853=CIRCLE('',#2330,0.0035687);
#854=CIRCLE('',#2332,0.0035687);
#855=CIRCLE('',#2333,0.0035687);
#856=CIRCLE('',#2336,0.0079375);
#857=CIRCLE('',#2337,0.0079375);
#858=CIRCLE('',#2338,0.0079375);
#859=CIRCLE('',#2339,0.0079375);
#860=CIRCLE('',#2340,0.009525);
#861=CIRCLE('',#2341,0.009525);
#862=CIRCLE('',#2342,0.0015875);
#863=CIRCLE('',#2343,0.0015875);
#864=CIRCLE('',#2345,0.0079375);
#865=CIRCLE('',#2346,0.0079375);
#866=CIRCLE('',#2347,0.0079375);
#867=CIRCLE('',#2348,0.0079375);
#868=CIRCLE('',#2349,0.009525);
#869=CIRCLE('',#2350,0.009525);
#870=CIRCLE('',#2351,0.0015875);
#871=CIRCLE('',#2352,0.0015875);
#872=VERTEX_POINT('',#3051);
#873=VERTEX_POINT('',#3053);
#874=VERTEX_POINT('',#3056);
#875=VERTEX_POINT('',#3057);
#876=VERTEX_POINT('',#3059);
#877=VERTEX_POINT('',#3065);
#878=VERTEX_POINT('',#3069);
#879=VERTEX_POINT('',#3072);
#880=VERTEX_POINT('',#3078);
#881=VERTEX_POINT('',#3079);
#882=VERTEX_POINT('',#3081);
#883=VERTEX_POINT('',#3083);
#884=VERTEX_POINT('',#3087);
#885=VERTEX_POINT('',#3089);
#886=VERTEX_POINT('',#3093);
#887=VERTEX_POINT('',#3095);
#888=VERTEX_POINT('',#3099);
#889=VERTEX_POINT('',#3101);
#890=VERTEX_POINT('',#3105);
#891=VERTEX_POINT('',#3107);
#892=VERTEX_POINT('',#3111);
#893=VERTEX_POINT('',#3113);
#894=VERTEX_POINT('',#3117);
#895=VERTEX_POINT('',#3119);
#896=VERTEX_POINT('',#3123);
#897=VERTEX_POINT('',#3125);
#898=VERTEX_POINT('',#3129);
#899=VERTEX_POINT('',#3131);
#900=VERTEX_POINT('',#3135);
#901=VERTEX_POINT('',#3137);
#902=VERTEX_POINT('',#3141);
#903=VERTEX_POINT('',#3143);
#904=VERTEX_POINT('',#3150);
#905=VERTEX_POINT('',#3153);
#906=VERTEX_POINT('',#3159);
#907=VERTEX_POINT('',#3161);
#908=VERTEX_POINT('',#3165);
#909=VERTEX_POINT('',#3168);
#910=VERTEX_POINT('',#3171);
#911=VERTEX_POINT('',#3172);
#912=VERTEX_POINT('',#3174);
#913=VERTEX_POINT('',#3180);
#914=VERTEX_POINT('',#3181);
#915=VERTEX_POINT('',#3183);
#916=VERTEX_POINT('',#3190);
#917=VERTEX_POINT('',#3191);
#918=VERTEX_POINT('',#3193);
#919=VERTEX_POINT('',#3197);
#920=VERTEX_POINT('',#3201);
#921=VERTEX_POINT('',#3202);
#922=VERTEX_POINT('',#3204);
#923=VERTEX_POINT('',#3208);
#924=VERTEX_POINT('',#3212);
#925=VERTEX_POINT('',#3213);
#926=VERTEX_POINT('',#3215);
#927=VERTEX_POINT('',#3219);
#928=VERTEX_POINT('',#3223);
#929=VERTEX_POINT('',#3224);
#930=VERTEX_POINT('',#3226);
#931=VERTEX_POINT('',#3228);
#932=VERTEX_POINT('',#3230);
#933=VERTEX_POINT('',#3232);
#934=VERTEX_POINT('',#3236);
#935=VERTEX_POINT('',#3237);
#936=VERTEX_POINT('',#3239);
#937=VERTEX_POINT('',#3241);
#938=VERTEX_POINT('',#3243);
#939=VERTEX_POINT('',#3245);
#940=VERTEX_POINT('',#3249);
#941=VERTEX_POINT('',#3250);
#942=VERTEX_POINT('',#3252);
#943=VERTEX_POINT('',#3254);
#944=VERTEX_POINT('',#3256);
#945=VERTEX_POINT('',#3260);
#946=VERTEX_POINT('',#3263);
#947=VERTEX_POINT('',#3265);
#948=VERTEX_POINT('',#3269);
#949=VERTEX_POINT('',#3272);
#950=VERTEX_POINT('',#3274);
#951=VERTEX_POINT('',#3278);
#952=VERTEX_POINT('',#3281);
#953=VERTEX_POINT('',#3283);
#954=VERTEX_POINT('',#3287);
#955=VERTEX_POINT('',#3290);
#956=VERTEX_POINT('',#3294);
#957=VERTEX_POINT('',#3295);
#958=VERTEX_POINT('',#3297);
#959=VERTEX_POINT('',#3299);
#960=VERTEX_POINT('',#3301);
#961=VERTEX_POINT('',#3306);
#962=VERTEX_POINT('',#3313);
#963=VERTEX_POINT('',#3317);
#964=VERTEX_POINT('',#3330);
#965=VERTEX_POINT('',#3334);
#966=VERTEX_POINT('',#3338);
#967=VERTEX_POINT('',#3342);
#968=VERTEX_POINT('',#3346);
#969=VERTEX_POINT('',#3350);
#970=VERTEX_POINT('',#3354);
#971=VERTEX_POINT('',#3358);
#972=VERTEX_POINT('',#3363);
#973=VERTEX_POINT('',#3367);
#974=VERTEX_POINT('',#3370);
#975=VERTEX_POINT('',#3374);
#976=VERTEX_POINT('',#3377);
#977=VERTEX_POINT('',#3382);
#978=VERTEX_POINT('',#3386);
#979=VERTEX_POINT('',#3390);
#980=VERTEX_POINT('',#3394);
#981=VERTEX_POINT('',#3400);
#982=VERTEX_POINT('',#3401);
#983=VERTEX_POINT('',#3403);
#984=VERTEX_POINT('',#3410);
#985=VERTEX_POINT('',#3412);
#986=VERTEX_POINT('',#3416);
#987=VERTEX_POINT('',#3419);
#988=VERTEX_POINT('',#3421);
#989=VERTEX_POINT('',#3423);
#990=VERTEX_POINT('',#3425);
#991=VERTEX_POINT('',#3427);
#992=VERTEX_POINT('',#3429);
#993=VERTEX_POINT('',#3431);
#994=VERTEX_POINT('',#3433);
#995=VERTEX_POINT('',#3436);
#996=VERTEX_POINT('',#3438);
#997=VERTEX_POINT('',#3442);
#998=VERTEX_POINT('',#3446);
#999=VERTEX_POINT('',#3448);
#1000=VERTEX_POINT('',#3450);
#1001=VERTEX_POINT('',#3452);
#1002=VERTEX_POINT('',#3454);
#1003=VERTEX_POINT('',#3456);
#1004=VERTEX_POINT('',#3459);
#1005=VERTEX_POINT('',#3464);
#1006=VERTEX_POINT('',#3482);
#1007=VERTEX_POINT('',#3483);
#1008=VERTEX_POINT('',#3485);
#1009=VERTEX_POINT('',#3487);
#1010=VERTEX_POINT('',#3491);
#1011=VERTEX_POINT('',#3493);
#1012=VERTEX_POINT('',#3497);
#1013=VERTEX_POINT('',#3499);
#1014=VERTEX_POINT('',#3503);
#1015=VERTEX_POINT('',#3505);
#1016=VERTEX_POINT('',#3509);
#1017=VERTEX_POINT('',#3511);
#1018=VERTEX_POINT('',#3515);
#1019=VERTEX_POINT('',#3517);
#1020=VERTEX_POINT('',#3521);
#1021=VERTEX_POINT('',#3523);
#1022=VERTEX_POINT('',#3527);
#1023=VERTEX_POINT('',#3529);
#1024=VERTEX_POINT('',#3533);
#1025=VERTEX_POINT('',#3535);
#1026=VERTEX_POINT('',#3539);
#1027=VERTEX_POINT('',#3541);
#1028=VERTEX_POINT('',#3545);
#1029=VERTEX_POINT('',#3547);
#1030=VERTEX_POINT('',#3551);
#1031=VERTEX_POINT('',#3553);
#1032=VERTEX_POINT('',#3560);
#1033=VERTEX_POINT('',#3562);
#1034=VERTEX_POINT('',#3564);
#1035=VERTEX_POINT('',#3566);
#1036=VERTEX_POINT('',#3568);
#1037=VERTEX_POINT('',#3570);
#1038=VERTEX_POINT('',#3572);
#1039=VERTEX_POINT('',#3574);
#1040=VERTEX_POINT('',#3577);
#1041=VERTEX_POINT('',#3579);
#1042=VERTEX_POINT('',#3581);
#1043=VERTEX_POINT('',#3583);
#1044=VERTEX_POINT('',#3585);
#1045=VERTEX_POINT('',#3587);
#1046=VERTEX_POINT('',#3589);
#1047=VERTEX_POINT('',#3591);
#1048=EDGE_CURVE('',#872,#872,#711,.T.);
#1049=EDGE_CURVE('',#873,#873,#712,.T.);
#1050=EDGE_CURVE('',#874,#875,#126,.T.);
#1051=EDGE_CURVE('',#876,#875,#713,.T.);
#1052=EDGE_CURVE('',#875,#876,#714,.T.);
#1053=EDGE_CURVE('',#873,#876,#127,.T.);
#1054=EDGE_CURVE('',#872,#877,#128,.T.);
#1055=EDGE_CURVE('',#877,#877,#715,.T.);
#1056=EDGE_CURVE('',#878,#878,#716,.T.);
#1057=EDGE_CURVE('',#879,#879,#717,.T.);
#1058=EDGE_CURVE('',#878,#879,#129,.T.);
#1059=EDGE_CURVE('',#880,#881,#130,.T.);
#1060=EDGE_CURVE('',#882,#881,#131,.T.);
#1061=EDGE_CURVE('',#883,#882,#132,.T.);
#1062=EDGE_CURVE('',#883,#880,#133,.T.);
#1063=EDGE_CURVE('',#881,#884,#134,.T.);
#1064=EDGE_CURVE('',#885,#884,#135,.T.);
#1065=EDGE_CURVE('',#882,#885,#136,.T.);
#1066=EDGE_CURVE('',#886,#884,#137,.T.);
#1067=EDGE_CURVE('',#887,#886,#138,.T.);
#1068=EDGE_CURVE('',#887,#885,#139,.T.);
#1069=EDGE_CURVE('',#888,#886,#140,.T.);
#1070=EDGE_CURVE('',#889,#888,#141,.T.);
#1071=EDGE_CURVE('',#889,#887,#142,.T.);
#1072=EDGE_CURVE('',#890,#888,#143,.T.);
#1073=EDGE_CURVE('',#891,#890,#144,.T.);
#1074=EDGE_CURVE('',#891,#889,#145,.T.);
#1075=EDGE_CURVE('',#890,#892,#146,.T.);
#1076=EDGE_CURVE('',#893,#892,#147,.T.);
#1077=EDGE_CURVE('',#891,#893,#148,.T.);
#1078=EDGE_CURVE('',#892,#894,#149,.T.);
#1079=EDGE_CURVE('',#895,#894,#150,.T.);
#1080=EDGE_CURVE('',#893,#895,#151,.T.);
#1081=EDGE_CURVE('',#896,#896,#718,.T.);
#1082=EDGE_CURVE('',#896,#897,#152,.T.);
#1083=EDGE_CURVE('',#897,#897,#719,.T.);
#1084=EDGE_CURVE('',#898,#898,#720,.T.);
#1085=EDGE_CURVE('',#898,#899,#153,.T.);
#1086=EDGE_CURVE('',#899,#899,#721,.T.);
#1087=EDGE_CURVE('',#900,#900,#722,.T.);
#1088=EDGE_CURVE('',#900,#901,#154,.T.);
#1089=EDGE_CURVE('',#901,#901,#723,.T.);
#1090=EDGE_CURVE('',#902,#902,#724,.T.);
#1091=EDGE_CURVE('',#902,#903,#155,.T.);
#1092=EDGE_CURVE('',#903,#903,#725,.T.);
#1093=EDGE_CURVE('',#880,#894,#156,.T.);
#1094=EDGE_CURVE('',#883,#895,#157,.T.);
#1095=EDGE_CURVE('',#904,#904,#726,.T.);
#1096=EDGE_CURVE('',#905,#905,#727,.T.);
#1097=EDGE_CURVE('',#905,#904,#158,.T.);
#1098=EDGE_CURVE('',#906,#906,#728,.T.);
#1099=EDGE_CURVE('',#906,#907,#159,.T.);
#1100=EDGE_CURVE('',#907,#907,#729,.T.);
#1101=EDGE_CURVE('',#908,#908,#730,.T.);
#1102=EDGE_CURVE('',#909,#909,#731,.T.);
#1103=EDGE_CURVE('',#910,#911,#160,.T.);
#1104=EDGE_CURVE('',#912,#911,#732,.T.);
#1105=EDGE_CURVE('',#911,#912,#733,.T.);
#1106=EDGE_CURVE('',#908,#912,#161,.T.);
#1107=EDGE_CURVE('',#913,#914,#162,.T.);
#1108=EDGE_CURVE('',#915,#914,#734,.T.);
#1109=EDGE_CURVE('',#914,#915,#735,.T.);
#1110=EDGE_CURVE('',#909,#915,#163,.T.);
#1111=EDGE_CURVE('',#916,#917,#164,.T.);
#1112=EDGE_CURVE('',#918,#917,#736,.T.);
#1113=EDGE_CURVE('',#917,#918,#737,.T.);
#1114=EDGE_CURVE('',#919,#919,#738,.T.);
#1115=EDGE_CURVE('',#919,#918,#165,.T.);
#1116=EDGE_CURVE('',#920,#921,#166,.T.);
#1117=EDGE_CURVE('',#922,#921,#739,.T.);
#1118=EDGE_CURVE('',#921,#922,#740,.T.);
#1119=EDGE_CURVE('',#923,#923,#741,.T.);
#1120=EDGE_CURVE('',#923,#922,#167,.T.);
#1121=EDGE_CURVE('',#924,#925,#168,.T.);
#1122=EDGE_CURVE('',#926,#925,#742,.T.);
#1123=EDGE_CURVE('',#925,#926,#743,.T.);
#1124=EDGE_CURVE('',#927,#927,#744,.T.);
#1125=EDGE_CURVE('',#927,#926,#169,.T.);
#1126=EDGE_CURVE('',#928,#929,#745,.T.);
#1127=EDGE_CURVE('',#928,#930,#746,.T.);
#1128=EDGE_CURVE('',#930,#931,#747,.T.);
#1129=EDGE_CURVE('',#932,#931,#748,.T.);
#1130=EDGE_CURVE('',#933,#932,#749,.T.);
#1131=EDGE_CURVE('',#929,#933,#750,.T.);
#1132=EDGE_CURVE('',#934,#935,#751,.T.);
#1133=EDGE_CURVE('',#934,#936,#752,.T.);
#1134=EDGE_CURVE('',#937,#936,#753,.T.);
#1135=EDGE_CURVE('',#938,#937,#754,.T.);
#1136=EDGE_CURVE('',#939,#938,#755,.T.);
#1137=EDGE_CURVE('',#935,#939,#756,.T.);
#1138=EDGE_CURVE('',#940,#941,#757,.T.);
#1139=EDGE_CURVE('',#940,#942,#758,.T.);
#1140=EDGE_CURVE('',#942,#943,#759,.T.);
#1141=EDGE_CURVE('',#943,#944,#760,.T.);
#1142=EDGE_CURVE('',#944,#941,#761,.T.);
#1143=EDGE_CURVE('',#945,#942,#762,.T.);
#1144=EDGE_CURVE('',#942,#940,#763,.T.);
#1145=EDGE_CURVE('',#946,#940,#764,.T.);
#1146=EDGE_CURVE('',#946,#947,#765,.T.);
#1147=EDGE_CURVE('',#947,#945,#766,.T.);
#1148=EDGE_CURVE('',#941,#948,#767,.T.);
#1149=EDGE_CURVE('',#941,#943,#768,.T.);
#1150=EDGE_CURVE('',#943,#949,#769,.T.);
#1151=EDGE_CURVE('',#949,#950,#770,.T.);
#1152=EDGE_CURVE('',#950,#948,#771,.T.);
#1153=EDGE_CURVE('',#948,#951,#772,.T.);
#1154=EDGE_CURVE('',#948,#949,#773,.T.);
#1155=EDGE_CURVE('',#949,#952,#774,.T.);
#1156=EDGE_CURVE('',#952,#953,#775,.T.);
#1157=EDGE_CURVE('',#953,#951,#776,.T.);
#1158=EDGE_CURVE('',#951,#954,#777,.T.);
#1159=EDGE_CURVE('',#951,#952,#778,.T.);
#1160=EDGE_CURVE('',#952,#955,#779,.T.);
#1161=EDGE_CURVE('',#955,#954,#780,.T.);
#1162=EDGE_CURVE('',#956,#957,#781,.T.);
#1163=EDGE_CURVE('',#956,#958,#782,.T.);
#1164=EDGE_CURVE('',#958,#959,#783,.T.);
#1165=EDGE_CURVE('',#959,#960,#784,.T.);
#1166=EDGE_CURVE('',#960,#957,#785,.T.);
#1167=EDGE_CURVE('',#957,#946,#786,.T.);
#1168=EDGE_CURVE('',#957,#961,#787,.T.);
#1169=EDGE_CURVE('',#961,#960,#788,.T.);
#1170=EDGE_CURVE('',#960,#945,#789,.T.);
#1171=EDGE_CURVE('',#945,#946,#790,.T.);
#1172=EDGE_CURVE('',#939,#934,#791,.T.);
#1173=EDGE_CURVE('',#962,#939,#792,.T.);
#1174=EDGE_CURVE('',#938,#962,#793,.T.);
#1175=EDGE_CURVE('',#936,#938,#794,.T.);
#1176=EDGE_CURVE('',#936,#963,#795,.T.);
#1177=EDGE_CURVE('',#963,#934,#796,.T.);
#1178=EDGE_CURVE('',#955,#959,#797,.T.);
#1179=EDGE_CURVE('',#955,#962,#170,.T.);
#1180=EDGE_CURVE('',#954,#956,#798,.T.);
#1181=EDGE_CURVE('',#954,#955,#799,.T.);
#1182=EDGE_CURVE('',#959,#956,#800,.T.);
#1183=EDGE_CURVE('',#963,#954,#171,.T.);
#1184=EDGE_CURVE('',#947,#964,#172,.T.);
#1185=EDGE_CURVE('',#964,#964,#801,.T.);
#1186=EDGE_CURVE('',#961,#965,#173,.T.);
#1187=EDGE_CURVE('',#965,#965,#802,.T.);
#1188=EDGE_CURVE('',#958,#966,#174,.T.);
#1189=EDGE_CURVE('',#966,#966,#803,.T.);
#1190=EDGE_CURVE('',#954,#967,#175,.T.);
#1191=EDGE_CURVE('',#967,#967,#804,.T.);
#1192=EDGE_CURVE('',#953,#968,#176,.T.);
#1193=EDGE_CURVE('',#968,#968,#805,.T.);
#1194=EDGE_CURVE('',#950,#969,#177,.T.);
#1195=EDGE_CURVE('',#969,#969,#806,.T.);
#1196=EDGE_CURVE('',#944,#970,#178,.T.);
#1197=EDGE_CURVE('',#970,#970,#807,.T.);
#1198=EDGE_CURVE('',#942,#971,#179,.T.);
#1199=EDGE_CURVE('',#971,#971,#808,.T.);
#1200=EDGE_CURVE('',#931,#928,#809,.T.);
#1201=EDGE_CURVE('',#930,#972,#180,.T.);
#1202=EDGE_CURVE('',#972,#972,#810,.T.);
#1203=EDGE_CURVE('',#929,#973,#811,.T.);
#1204=EDGE_CURVE('',#932,#929,#812,.T.);
#1205=EDGE_CURVE('',#974,#932,#813,.T.);
#1206=EDGE_CURVE('',#931,#974,#814,.T.);
#1207=EDGE_CURVE('',#973,#928,#815,.T.);
#1208=EDGE_CURVE('',#975,#975,#816,.T.);
#1209=EDGE_CURVE('',#976,#976,#817,.T.);
#1210=EDGE_CURVE('',#976,#933,#181,.T.);
#1211=EDGE_CURVE('',#977,#977,#818,.T.);
#1212=EDGE_CURVE('',#977,#937,#182,.T.);
#1213=EDGE_CURVE('',#978,#978,#819,.T.);
#1214=EDGE_CURVE('',#978,#935,#183,.T.);
#1215=EDGE_CURVE('',#974,#979,#184,.T.);
#1216=EDGE_CURVE('',#979,#979,#820,.T.);
#1217=EDGE_CURVE('',#973,#980,#185,.T.);
#1218=EDGE_CURVE('',#980,#980,#821,.T.);
#1219=EDGE_CURVE('',#981,#982,#186,.T.);
#1220=EDGE_CURVE('',#983,#982,#822,.T.);
#1221=EDGE_CURVE('',#982,#983,#823,.T.);
#1222=EDGE_CURVE('',#975,#983,#187,.T.);
#1223=EDGE_CURVE('',#984,#984,#824,.T.);
#1224=EDGE_CURVE('',#984,#985,#188,.T.);
#1225=EDGE_CURVE('',#985,#985,#825,.T.);
#1226=EDGE_CURVE('',#986,#986,#826,.T.);
#1227=EDGE_CURVE('',#987,#987,#827,.T.);
#1228=EDGE_CURVE('',#988,#988,#828,.T.);
#1229=EDGE_CURVE('',#989,#989,#829,.T.);
#1230=EDGE_CURVE('',#990,#990,#830,.T.);
#1231=EDGE_CURVE('',#991,#991,#831,.T.);
#1232=EDGE_CURVE('',#992,#992,#832,.T.);
#1233=EDGE_CURVE('',#993,#993,#833,.T.);
#1234=EDGE_CURVE('',#994,#994,#834,.T.);
#1235=EDGE_CURVE('',#995,#995,#835,.T.);
#1236=EDGE_CURVE('',#995,#996,#189,.T.);
#1237=EDGE_CURVE('',#996,#996,#836,.T.);
#1238=EDGE_CURVE('',#997,#997,#837,.T.);
#1239=EDGE_CURVE('',#997,#986,#190,.T.);
#1240=EDGE_CURVE('',#998,#998,#838,.T.);
#1241=EDGE_CURVE('',#999,#999,#839,.T.);
#1242=EDGE_CURVE('',#1000,#1000,#840,.T.);
#1243=EDGE_CURVE('',#1001,#1001,#841,.T.);
#1244=EDGE_CURVE('',#1002,#1002,#842,.T.);
#1245=EDGE_CURVE('',#1003,#1003,#843,.T.);
#1246=EDGE_CURVE('',#1004,#1004,#844,.T.);
#1247=EDGE_CURVE('',#994,#1004,#191,.T.);
#1248=EDGE_CURVE('',#987,#1005,#192,.T.);
#1249=EDGE_CURVE('',#1005,#1005,#845,.T.);
#1250=EDGE_CURVE('',#1003,#993,#193,.T.);
#1251=EDGE_CURVE('',#1002,#992,#194,.T.);
#1252=EDGE_CURVE('',#1001,#991,#195,.T.);
#1253=EDGE_CURVE('',#1000,#990,#196,.T.);
#1254=EDGE_CURVE('',#999,#989,#197,.T.);
#1255=EDGE_CURVE('',#998,#988,#198,.T.);
#1256=EDGE_CURVE('',#1006,#1007,#199,.T.);
#1257=EDGE_CURVE('',#1008,#1007,#200,.T.);
#1258=EDGE_CURVE('',#1009,#1008,#201,.T.);
#1259=EDGE_CURVE('',#1009,#1006,#202,.T.);
#1260=EDGE_CURVE('',#1007,#1010,#203,.T.);
#1261=EDGE_CURVE('',#1011,#1010,#204,.T.);
#1262=EDGE_CURVE('',#1008,#1011,#205,.T.);
#1263=EDGE_CURVE('',#1012,#1010,#206,.T.);
#1264=EDGE_CURVE('',#1013,#1012,#207,.T.);
#1265=EDGE_CURVE('',#1013,#1011,#208,.T.);
#1266=EDGE_CURVE('',#1014,#1012,#209,.T.);
#1267=EDGE_CURVE('',#1015,#1014,#210,.T.);
#1268=EDGE_CURVE('',#1015,#1013,#211,.T.);
#1269=EDGE_CURVE('',#1016,#1014,#212,.T.);
#1270=EDGE_CURVE('',#1017,#1016,#213,.T.);
#1271=EDGE_CURVE('',#1017,#1015,#214,.T.);
#1272=EDGE_CURVE('',#1016,#1018,#215,.T.);
#1273=EDGE_CURVE('',#1019,#1018,#216,.T.);
#1274=EDGE_CURVE('',#1017,#1019,#217,.T.);
#1275=EDGE_CURVE('',#1018,#1020,#218,.T.);
#1276=EDGE_CURVE('',#1021,#1020,#219,.T.);
#1277=EDGE_CURVE('',#1019,#1021,#220,.T.);
#1278=EDGE_CURVE('',#1022,#1022,#846,.T.);
#1279=EDGE_CURVE('',#1022,#1023,#221,.T.);
#1280=EDGE_CURVE('',#1023,#1023,#847,.T.);
#1281=EDGE_CURVE('',#1024,#1024,#848,.T.);
#1282=EDGE_CURVE('',#1024,#1025,#222,.T.);
#1283=EDGE_CURVE('',#1025,#1025,#849,.T.);
#1284=EDGE_CURVE('',#1026,#1026,#850,.T.);
#1285=EDGE_CURVE('',#1026,#1027,#223,.T.);
#1286=EDGE_CURVE('',#1027,#1027,#851,.T.);
#1287=EDGE_CURVE('',#1028,#1028,#852,.T.);
#1288=EDGE_CURVE('',#1028,#1029,#224,.T.);
#1289=EDGE_CURVE('',#1029,#1029,#853,.T.);
#1290=EDGE_CURVE('',#1030,#1030,#854,.T.);
#1291=EDGE_CURVE('',#1030,#1031,#225,.T.);
#1292=EDGE_CURVE('',#1031,#1031,#855,.T.);
#1293=EDGE_CURVE('',#1006,#1020,#226,.T.);
#1294=EDGE_CURVE('',#1009,#1021,#227,.T.);
#1295=EDGE_CURVE('',#1032,#1032,#856,.T.);
#1296=EDGE_CURVE('',#1033,#1033,#857,.T.);
#1297=EDGE_CURVE('',#1034,#1034,#858,.T.);
#1298=EDGE_CURVE('',#1035,#1035,#859,.T.);
#1299=EDGE_CURVE('',#1036,#1036,#860,.T.);
#1300=EDGE_CURVE('',#1037,#1037,#861,.T.);
#1301=EDGE_CURVE('',#1038,#1038,#862,.T.);
#1302=EDGE_CURVE('',#1039,#1039,#863,.T.);
#1303=EDGE_CURVE('',#1040,#1040,#864,.T.);
#1304=EDGE_CURVE('',#1041,#1041,#865,.T.);
#1305=EDGE_CURVE('',#1042,#1042,#866,.T.);
#1306=EDGE_CURVE('',#1043,#1043,#867,.T.);
#1307=EDGE_CURVE('',#1044,#1044,#868,.T.);
#1308=EDGE_CURVE('',#1045,#1045,#869,.T.);
#1309=EDGE_CURVE('',#1046,#1046,#870,.T.);
#1310=EDGE_CURVE('',#1047,#1047,#871,.T.);
#1311=EDGE_CURVE('',#1047,#1039,#228,.T.);
#1312=EDGE_CURVE('',#1046,#1038,#229,.T.);
#1313=EDGE_CURVE('',#1037,#1045,#230,.T.);
#1314=EDGE_CURVE('',#1036,#1044,#231,.T.);
#1315=EDGE_CURVE('',#1035,#1043,#232,.T.);
#1316=EDGE_CURVE('',#1034,#1042,#233,.T.);
#1317=EDGE_CURVE('',#1033,#1041,#234,.T.);
#1318=EDGE_CURVE('',#1032,#1040,#235,.T.);
#1319=ORIENTED_EDGE('',*,*,#1048,.T.);
#1320=ORIENTED_EDGE('',*,*,#1049,.T.);
#1321=ORIENTED_EDGE('',*,*,#1050,.T.);
#1322=ORIENTED_EDGE('',*,*,#1051,.F.);
#1323=ORIENTED_EDGE('',*,*,#1052,.F.);
#1324=ORIENTED_EDGE('',*,*,#1050,.F.);
#1325=ORIENTED_EDGE('',*,*,#1049,.F.);
#1326=ORIENTED_EDGE('',*,*,#1053,.T.);
#1327=ORIENTED_EDGE('',*,*,#1051,.T.);
#1328=ORIENTED_EDGE('',*,*,#1052,.T.);
#1329=ORIENTED_EDGE('',*,*,#1053,.F.);
#1330=ORIENTED_EDGE('',*,*,#1048,.F.);
#1331=ORIENTED_EDGE('',*,*,#1054,.T.);
#1332=ORIENTED_EDGE('',*,*,#1055,.T.);
#1333=ORIENTED_EDGE('',*,*,#1054,.F.);
#1334=ORIENTED_EDGE('',*,*,#1056,.F.);
#1335=ORIENTED_EDGE('',*,*,#1055,.F.);
#1336=ORIENTED_EDGE('',*,*,#1057,.T.);
#1337=ORIENTED_EDGE('',*,*,#1056,.T.);
#1338=ORIENTED_EDGE('',*,*,#1058,.T.);
#1339=ORIENTED_EDGE('',*,*,#1057,.F.);
#1340=ORIENTED_EDGE('',*,*,#1058,.F.);
#1341=ORIENTED_EDGE('',*,*,#1059,.T.);
#1342=ORIENTED_EDGE('',*,*,#1060,.F.);
#1343=ORIENTED_EDGE('',*,*,#1061,.F.);
#1344=ORIENTED_EDGE('',*,*,#1062,.T.);
#1345=ORIENTED_EDGE('',*,*,#1063,.T.);
#1346=ORIENTED_EDGE('',*,*,#1064,.F.);
#1347=ORIENTED_EDGE('',*,*,#1065,.F.);
#1348=ORIENTED_EDGE('',*,*,#1060,.T.);
#1349=ORIENTED_EDGE('',*,*,#1066,.F.);
#1350=ORIENTED_EDGE('',*,*,#1067,.F.);
#1351=ORIENTED_EDGE('',*,*,#1068,.T.);
#1352=ORIENTED_EDGE('',*,*,#1064,.T.);
#1353=ORIENTED_EDGE('',*,*,#1069,.F.);
#1354=ORIENTED_EDGE('',*,*,#1070,.F.);
#1355=ORIENTED_EDGE('',*,*,#1071,.T.);
#1356=ORIENTED_EDGE('',*,*,#1067,.T.);
#1357=ORIENTED_EDGE('',*,*,#1072,.F.);
#1358=ORIENTED_EDGE('',*,*,#1073,.F.);
#1359=ORIENTED_EDGE('',*,*,#1074,.T.);
#1360=ORIENTED_EDGE('',*,*,#1070,.T.);
#1361=ORIENTED_EDGE('',*,*,#1075,.T.);
#1362=ORIENTED_EDGE('',*,*,#1076,.F.);
#1363=ORIENTED_EDGE('',*,*,#1077,.F.);
#1364=ORIENTED_EDGE('',*,*,#1073,.T.);
#1365=ORIENTED_EDGE('',*,*,#1078,.T.);
#1366=ORIENTED_EDGE('',*,*,#1079,.F.);
#1367=ORIENTED_EDGE('',*,*,#1080,.F.);
#1368=ORIENTED_EDGE('',*,*,#1076,.T.);
#1369=ORIENTED_EDGE('',*,*,#1081,.T.);
#1370=ORIENTED_EDGE('',*,*,#1082,.T.);
#1371=ORIENTED_EDGE('',*,*,#1083,.F.);
#1372=ORIENTED_EDGE('',*,*,#1082,.F.);
#1373=ORIENTED_EDGE('',*,*,#1084,.T.);
#1374=ORIENTED_EDGE('',*,*,#1085,.T.);
#1375=ORIENTED_EDGE('',*,*,#1086,.F.);
#1376=ORIENTED_EDGE('',*,*,#1085,.F.);
#1377=ORIENTED_EDGE('',*,*,#1087,.T.);
#1378=ORIENTED_EDGE('',*,*,#1088,.T.);
#1379=ORIENTED_EDGE('',*,*,#1089,.F.);
#1380=ORIENTED_EDGE('',*,*,#1088,.F.);
#1381=ORIENTED_EDGE('',*,*,#1090,.T.);
#1382=ORIENTED_EDGE('',*,*,#1091,.T.);
#1383=ORIENTED_EDGE('',*,*,#1092,.F.);
#1384=ORIENTED_EDGE('',*,*,#1091,.F.);
#1385=ORIENTED_EDGE('',*,*,#1093,.F.);
#1386=ORIENTED_EDGE('',*,*,#1062,.F.);
#1387=ORIENTED_EDGE('',*,*,#1094,.T.);
#1388=ORIENTED_EDGE('',*,*,#1079,.T.);
#1389=ORIENTED_EDGE('',*,*,#1061,.T.);
#1390=ORIENTED_EDGE('',*,*,#1065,.T.);
#1391=ORIENTED_EDGE('',*,*,#1068,.F.);
#1392=ORIENTED_EDGE('',*,*,#1071,.F.);
#1393=ORIENTED_EDGE('',*,*,#1074,.F.);
#1394=ORIENTED_EDGE('',*,*,#1077,.T.);
#1395=ORIENTED_EDGE('',*,*,#1080,.T.);
#1396=ORIENTED_EDGE('',*,*,#1094,.F.);
#1397=ORIENTED_EDGE('',*,*,#1095,.F.);
#1398=ORIENTED_EDGE('',*,*,#1090,.F.);
#1399=ORIENTED_EDGE('',*,*,#1087,.F.);
#1400=ORIENTED_EDGE('',*,*,#1084,.F.);
#1401=ORIENTED_EDGE('',*,*,#1081,.F.);
#1402=ORIENTED_EDGE('',*,*,#1059,.F.);
#1403=ORIENTED_EDGE('',*,*,#1093,.T.);
#1404=ORIENTED_EDGE('',*,*,#1078,.F.);
#1405=ORIENTED_EDGE('',*,*,#1075,.F.);
#1406=ORIENTED_EDGE('',*,*,#1072,.T.);
#1407=ORIENTED_EDGE('',*,*,#1069,.T.);
#1408=ORIENTED_EDGE('',*,*,#1066,.T.);
#1409=ORIENTED_EDGE('',*,*,#1063,.F.);
#1410=ORIENTED_EDGE('',*,*,#1096,.T.);
#1411=ORIENTED_EDGE('',*,*,#1092,.T.);
#1412=ORIENTED_EDGE('',*,*,#1089,.T.);
#1413=ORIENTED_EDGE('',*,*,#1086,.T.);
#1414=ORIENTED_EDGE('',*,*,#1083,.T.);
#1415=ORIENTED_EDGE('',*,*,#1096,.F.);
#1416=ORIENTED_EDGE('',*,*,#1097,.T.);
#1417=ORIENTED_EDGE('',*,*,#1095,.T.);
#1418=ORIENTED_EDGE('',*,*,#1097,.F.);
#1419=ORIENTED_EDGE('',*,*,#1098,.T.);
#1420=ORIENTED_EDGE('',*,*,#1099,.T.);
#1421=ORIENTED_EDGE('',*,*,#1100,.F.);
#1422=ORIENTED_EDGE('',*,*,#1099,.F.);
#1423=ORIENTED_EDGE('',*,*,#1100,.T.);
#1424=ORIENTED_EDGE('',*,*,#1101,.T.);
#1425=ORIENTED_EDGE('',*,*,#1098,.F.);
#1426=ORIENTED_EDGE('',*,*,#1102,.T.);
#1427=ORIENTED_EDGE('',*,*,#1103,.T.);
#1428=ORIENTED_EDGE('',*,*,#1104,.F.);
#1429=ORIENTED_EDGE('',*,*,#1105,.F.);
#1430=ORIENTED_EDGE('',*,*,#1103,.F.);
#1431=ORIENTED_EDGE('',*,*,#1101,.F.);
#1432=ORIENTED_EDGE('',*,*,#1106,.T.);
#1433=ORIENTED_EDGE('',*,*,#1104,.T.);
#1434=ORIENTED_EDGE('',*,*,#1105,.T.);
#1435=ORIENTED_EDGE('',*,*,#1106,.F.);
#1436=ORIENTED_EDGE('',*,*,#1107,.T.);
#1437=ORIENTED_EDGE('',*,*,#1108,.F.);
#1438=ORIENTED_EDGE('',*,*,#1109,.F.);
#1439=ORIENTED_EDGE('',*,*,#1107,.F.);
#1440=ORIENTED_EDGE('',*,*,#1102,.F.);
#1441=ORIENTED_EDGE('',*,*,#1110,.T.);
#1442=ORIENTED_EDGE('',*,*,#1108,.T.);
#1443=ORIENTED_EDGE('',*,*,#1109,.T.);
#1444=ORIENTED_EDGE('',*,*,#1110,.F.);
#1445=ORIENTED_EDGE('',*,*,#1111,.T.);
#1446=ORIENTED_EDGE('',*,*,#1112,.F.);
#1447=ORIENTED_EDGE('',*,*,#1113,.F.);
#1448=ORIENTED_EDGE('',*,*,#1111,.F.);
#1449=ORIENTED_EDGE('',*,*,#1114,.F.);
#1450=ORIENTED_EDGE('',*,*,#1115,.T.);
#1451=ORIENTED_EDGE('',*,*,#1112,.T.);
#1452=ORIENTED_EDGE('',*,*,#1113,.T.);
#1453=ORIENTED_EDGE('',*,*,#1115,.F.);
#1454=ORIENTED_EDGE('',*,*,#1116,.T.);
#1455=ORIENTED_EDGE('',*,*,#1117,.F.);
#1456=ORIENTED_EDGE('',*,*,#1118,.F.);
#1457=ORIENTED_EDGE('',*,*,#1116,.F.);
#1458=ORIENTED_EDGE('',*,*,#1119,.F.);
#1459=ORIENTED_EDGE('',*,*,#1120,.T.);
#1460=ORIENTED_EDGE('',*,*,#1117,.T.);
#1461=ORIENTED_EDGE('',*,*,#1118,.T.);
#1462=ORIENTED_EDGE('',*,*,#1120,.F.);
#1463=ORIENTED_EDGE('',*,*,#1121,.T.);
#1464=ORIENTED_EDGE('',*,*,#1122,.F.);
#1465=ORIENTED_EDGE('',*,*,#1123,.F.);
#1466=ORIENTED_EDGE('',*,*,#1121,.F.);
#1467=ORIENTED_EDGE('',*,*,#1124,.F.);
#1468=ORIENTED_EDGE('',*,*,#1125,.T.);
#1469=ORIENTED_EDGE('',*,*,#1122,.T.);
#1470=ORIENTED_EDGE('',*,*,#1123,.T.);
#1471=ORIENTED_EDGE('',*,*,#1125,.F.);
#1472=ORIENTED_EDGE('',*,*,#1126,.F.);
#1473=ORIENTED_EDGE('',*,*,#1127,.T.);
#1474=ORIENTED_EDGE('',*,*,#1128,.T.);
#1475=ORIENTED_EDGE('',*,*,#1129,.F.);
#1476=ORIENTED_EDGE('',*,*,#1130,.F.);
#1477=ORIENTED_EDGE('',*,*,#1131,.F.);
#1478=ORIENTED_EDGE('',*,*,#1114,.T.);
#1479=ORIENTED_EDGE('',*,*,#1119,.T.);
#1480=ORIENTED_EDGE('',*,*,#1132,.F.);
#1481=ORIENTED_EDGE('',*,*,#1133,.T.);
#1482=ORIENTED_EDGE('',*,*,#1134,.F.);
#1483=ORIENTED_EDGE('',*,*,#1135,.F.);
#1484=ORIENTED_EDGE('',*,*,#1136,.F.);
#1485=ORIENTED_EDGE('',*,*,#1137,.F.);
#1486=ORIENTED_EDGE('',*,*,#1138,.F.);
#1487=ORIENTED_EDGE('',*,*,#1139,.T.);
#1488=ORIENTED_EDGE('',*,*,#1140,.T.);
#1489=ORIENTED_EDGE('',*,*,#1141,.T.);
#1490=ORIENTED_EDGE('',*,*,#1142,.T.);
#1491=ORIENTED_EDGE('',*,*,#1143,.T.);
#1492=ORIENTED_EDGE('',*,*,#1144,.T.);
#1493=ORIENTED_EDGE('',*,*,#1145,.F.);
#1494=ORIENTED_EDGE('',*,*,#1146,.T.);
#1495=ORIENTED_EDGE('',*,*,#1147,.T.);
#1496=ORIENTED_EDGE('',*,*,#1148,.F.);
#1497=ORIENTED_EDGE('',*,*,#1149,.T.);
#1498=ORIENTED_EDGE('',*,*,#1150,.T.);
#1499=ORIENTED_EDGE('',*,*,#1151,.T.);
#1500=ORIENTED_EDGE('',*,*,#1152,.T.);
#1501=ORIENTED_EDGE('',*,*,#1153,.F.);
#1502=ORIENTED_EDGE('',*,*,#1154,.T.);
#1503=ORIENTED_EDGE('',*,*,#1155,.T.);
#1504=ORIENTED_EDGE('',*,*,#1156,.T.);
#1505=ORIENTED_EDGE('',*,*,#1157,.T.);
#1506=ORIENTED_EDGE('',*,*,#1158,.F.);
#1507=ORIENTED_EDGE('',*,*,#1159,.T.);
#1508=ORIENTED_EDGE('',*,*,#1160,.T.);
#1509=ORIENTED_EDGE('',*,*,#1161,.T.);
#1510=ORIENTED_EDGE('',*,*,#1162,.F.);
#1511=ORIENTED_EDGE('',*,*,#1163,.T.);
#1512=ORIENTED_EDGE('',*,*,#1164,.T.);
#1513=ORIENTED_EDGE('',*,*,#1165,.T.);
#1514=ORIENTED_EDGE('',*,*,#1166,.T.);
#1515=ORIENTED_EDGE('',*,*,#1167,.F.);
#1516=ORIENTED_EDGE('',*,*,#1168,.T.);
#1517=ORIENTED_EDGE('',*,*,#1169,.T.);
#1518=ORIENTED_EDGE('',*,*,#1170,.T.);
#1519=ORIENTED_EDGE('',*,*,#1171,.T.);
#1520=ORIENTED_EDGE('',*,*,#1172,.F.);
#1521=ORIENTED_EDGE('',*,*,#1173,.F.);
#1522=ORIENTED_EDGE('',*,*,#1174,.F.);
#1523=ORIENTED_EDGE('',*,*,#1175,.F.);
#1524=ORIENTED_EDGE('',*,*,#1176,.T.);
#1525=ORIENTED_EDGE('',*,*,#1177,.T.);
#1526=ORIENTED_EDGE('',*,*,#1140,.F.);
#1527=ORIENTED_EDGE('',*,*,#1143,.F.);
#1528=ORIENTED_EDGE('',*,*,#1170,.F.);
#1529=ORIENTED_EDGE('',*,*,#1165,.F.);
#1530=ORIENTED_EDGE('',*,*,#1178,.F.);
#1531=ORIENTED_EDGE('',*,*,#1179,.T.);
#1532=ORIENTED_EDGE('',*,*,#1173,.T.);
#1533=ORIENTED_EDGE('',*,*,#1136,.T.);
#1534=ORIENTED_EDGE('',*,*,#1174,.T.);
#1535=ORIENTED_EDGE('',*,*,#1179,.F.);
#1536=ORIENTED_EDGE('',*,*,#1160,.F.);
#1537=ORIENTED_EDGE('',*,*,#1155,.F.);
#1538=ORIENTED_EDGE('',*,*,#1150,.F.);
#1539=ORIENTED_EDGE('',*,*,#1180,.F.);
#1540=ORIENTED_EDGE('',*,*,#1181,.T.);
#1541=ORIENTED_EDGE('',*,*,#1178,.T.);
#1542=ORIENTED_EDGE('',*,*,#1182,.T.);
#1543=ORIENTED_EDGE('',*,*,#1176,.F.);
#1544=ORIENTED_EDGE('',*,*,#1133,.F.);
#1545=ORIENTED_EDGE('',*,*,#1177,.F.);
#1546=ORIENTED_EDGE('',*,*,#1183,.T.);
#1547=ORIENTED_EDGE('',*,*,#1180,.T.);
#1548=ORIENTED_EDGE('',*,*,#1162,.T.);
#1549=ORIENTED_EDGE('',*,*,#1167,.T.);
#1550=ORIENTED_EDGE('',*,*,#1145,.T.);
#1551=ORIENTED_EDGE('',*,*,#1138,.T.);
#1552=ORIENTED_EDGE('',*,*,#1148,.T.);
#1553=ORIENTED_EDGE('',*,*,#1153,.T.);
#1554=ORIENTED_EDGE('',*,*,#1158,.T.);
#1555=ORIENTED_EDGE('',*,*,#1183,.F.);
#1556=ORIENTED_EDGE('',*,*,#1171,.F.);
#1557=ORIENTED_EDGE('',*,*,#1147,.F.);
#1558=ORIENTED_EDGE('',*,*,#1184,.T.);
#1559=ORIENTED_EDGE('',*,*,#1185,.T.);
#1560=ORIENTED_EDGE('',*,*,#1184,.F.);
#1561=ORIENTED_EDGE('',*,*,#1146,.F.);
#1562=ORIENTED_EDGE('',*,*,#1166,.F.);
#1563=ORIENTED_EDGE('',*,*,#1169,.F.);
#1564=ORIENTED_EDGE('',*,*,#1186,.T.);
#1565=ORIENTED_EDGE('',*,*,#1187,.T.);
#1566=ORIENTED_EDGE('',*,*,#1186,.F.);
#1567=ORIENTED_EDGE('',*,*,#1168,.F.);
#1568=ORIENTED_EDGE('',*,*,#1182,.F.);
#1569=ORIENTED_EDGE('',*,*,#1164,.F.);
#1570=ORIENTED_EDGE('',*,*,#1188,.T.);
#1571=ORIENTED_EDGE('',*,*,#1189,.T.);
#1572=ORIENTED_EDGE('',*,*,#1188,.F.);
#1573=ORIENTED_EDGE('',*,*,#1163,.F.);
#1574=ORIENTED_EDGE('',*,*,#1181,.F.);
#1575=ORIENTED_EDGE('',*,*,#1190,.T.);
#1576=ORIENTED_EDGE('',*,*,#1191,.T.);
#1577=ORIENTED_EDGE('',*,*,#1190,.F.);
#1578=ORIENTED_EDGE('',*,*,#1161,.F.);
#1579=ORIENTED_EDGE('',*,*,#1159,.F.);
#1580=ORIENTED_EDGE('',*,*,#1157,.F.);
#1581=ORIENTED_EDGE('',*,*,#1192,.T.);
#1582=ORIENTED_EDGE('',*,*,#1193,.T.);
#1583=ORIENTED_EDGE('',*,*,#1192,.F.);
#1584=ORIENTED_EDGE('',*,*,#1156,.F.);
#1585=ORIENTED_EDGE('',*,*,#1154,.F.);
#1586=ORIENTED_EDGE('',*,*,#1152,.F.);
#1587=ORIENTED_EDGE('',*,*,#1194,.T.);
#1588=ORIENTED_EDGE('',*,*,#1195,.T.);
#1589=ORIENTED_EDGE('',*,*,#1194,.F.);
#1590=ORIENTED_EDGE('',*,*,#1151,.F.);
#1591=ORIENTED_EDGE('',*,*,#1149,.F.);
#1592=ORIENTED_EDGE('',*,*,#1142,.F.);
#1593=ORIENTED_EDGE('',*,*,#1196,.T.);
#1594=ORIENTED_EDGE('',*,*,#1197,.T.);
#1595=ORIENTED_EDGE('',*,*,#1196,.F.);
#1596=ORIENTED_EDGE('',*,*,#1141,.F.);
#1597=ORIENTED_EDGE('',*,*,#1144,.F.);
#1598=ORIENTED_EDGE('',*,*,#1198,.T.);
#1599=ORIENTED_EDGE('',*,*,#1199,.T.);
#1600=ORIENTED_EDGE('',*,*,#1198,.F.);
#1601=ORIENTED_EDGE('',*,*,#1139,.F.);
#1602=ORIENTED_EDGE('',*,*,#1127,.F.);
#1603=ORIENTED_EDGE('',*,*,#1200,.F.);
#1604=ORIENTED_EDGE('',*,*,#1128,.F.);
#1605=ORIENTED_EDGE('',*,*,#1201,.T.);
#1606=ORIENTED_EDGE('',*,*,#1202,.T.);
#1607=ORIENTED_EDGE('',*,*,#1201,.F.);
#1608=ORIENTED_EDGE('',*,*,#1203,.F.);
#1609=ORIENTED_EDGE('',*,*,#1204,.F.);
#1610=ORIENTED_EDGE('',*,*,#1205,.F.);
#1611=ORIENTED_EDGE('',*,*,#1206,.F.);
#1612=ORIENTED_EDGE('',*,*,#1200,.T.);
#1613=ORIENTED_EDGE('',*,*,#1207,.F.);
#1614=ORIENTED_EDGE('',*,*,#1124,.T.);
#1615=ORIENTED_EDGE('',*,*,#1208,.T.);
#1616=ORIENTED_EDGE('',*,*,#1209,.F.);
#1617=ORIENTED_EDGE('',*,*,#1210,.T.);
#1618=ORIENTED_EDGE('',*,*,#1130,.T.);
#1619=ORIENTED_EDGE('',*,*,#1204,.T.);
#1620=ORIENTED_EDGE('',*,*,#1131,.T.);
#1621=ORIENTED_EDGE('',*,*,#1210,.F.);
#1622=ORIENTED_EDGE('',*,*,#1202,.F.);
#1623=ORIENTED_EDGE('',*,*,#1199,.F.);
#1624=ORIENTED_EDGE('',*,*,#1197,.F.);
#1625=ORIENTED_EDGE('',*,*,#1195,.F.);
#1626=ORIENTED_EDGE('',*,*,#1193,.F.);
#1627=ORIENTED_EDGE('',*,*,#1191,.F.);
#1628=ORIENTED_EDGE('',*,*,#1189,.F.);
#1629=ORIENTED_EDGE('',*,*,#1187,.F.);
#1630=ORIENTED_EDGE('',*,*,#1185,.F.);
#1631=ORIENTED_EDGE('',*,*,#1209,.T.);
#1632=ORIENTED_EDGE('',*,*,#1211,.T.);
#1633=ORIENTED_EDGE('',*,*,#1212,.T.);
#1634=ORIENTED_EDGE('',*,*,#1134,.T.);
#1635=ORIENTED_EDGE('',*,*,#1175,.T.);
#1636=ORIENTED_EDGE('',*,*,#1135,.T.);
#1637=ORIENTED_EDGE('',*,*,#1212,.F.);
#1638=ORIENTED_EDGE('',*,*,#1213,.T.);
#1639=ORIENTED_EDGE('',*,*,#1214,.T.);
#1640=ORIENTED_EDGE('',*,*,#1137,.T.);
#1641=ORIENTED_EDGE('',*,*,#1172,.T.);
#1642=ORIENTED_EDGE('',*,*,#1132,.T.);
#1643=ORIENTED_EDGE('',*,*,#1214,.F.);
#1644=ORIENTED_EDGE('',*,*,#1129,.T.);
#1645=ORIENTED_EDGE('',*,*,#1206,.T.);
#1646=ORIENTED_EDGE('',*,*,#1215,.T.);
#1647=ORIENTED_EDGE('',*,*,#1216,.F.);
#1648=ORIENTED_EDGE('',*,*,#1215,.F.);
#1649=ORIENTED_EDGE('',*,*,#1205,.T.);
#1650=ORIENTED_EDGE('',*,*,#1126,.T.);
#1651=ORIENTED_EDGE('',*,*,#1203,.T.);
#1652=ORIENTED_EDGE('',*,*,#1217,.T.);
#1653=ORIENTED_EDGE('',*,*,#1218,.F.);
#1654=ORIENTED_EDGE('',*,*,#1217,.F.);
#1655=ORIENTED_EDGE('',*,*,#1207,.T.);
#1656=ORIENTED_EDGE('',*,*,#1218,.T.);
#1657=ORIENTED_EDGE('',*,*,#1211,.F.);
#1658=ORIENTED_EDGE('',*,*,#1216,.T.);
#1659=ORIENTED_EDGE('',*,*,#1213,.F.);
#1660=ORIENTED_EDGE('',*,*,#1219,.T.);
#1661=ORIENTED_EDGE('',*,*,#1220,.F.);
#1662=ORIENTED_EDGE('',*,*,#1221,.F.);
#1663=ORIENTED_EDGE('',*,*,#1219,.F.);
#1664=ORIENTED_EDGE('',*,*,#1208,.F.);
#1665=ORIENTED_EDGE('',*,*,#1222,.T.);
#1666=ORIENTED_EDGE('',*,*,#1220,.T.);
#1667=ORIENTED_EDGE('',*,*,#1221,.T.);
#1668=ORIENTED_EDGE('',*,*,#1222,.F.);
#1669=ORIENTED_EDGE('',*,*,#1223,.F.);
#1670=ORIENTED_EDGE('',*,*,#1224,.T.);
#1671=ORIENTED_EDGE('',*,*,#1225,.F.);
#1672=ORIENTED_EDGE('',*,*,#1224,.F.);
#1673=ORIENTED_EDGE('',*,*,#1225,.T.);
#1674=ORIENTED_EDGE('',*,*,#1226,.F.);
#1675=ORIENTED_EDGE('',*,*,#1227,.T.);
#1676=ORIENTED_EDGE('',*,*,#1228,.F.);
#1677=ORIENTED_EDGE('',*,*,#1229,.F.);
#1678=ORIENTED_EDGE('',*,*,#1230,.F.);
#1679=ORIENTED_EDGE('',*,*,#1231,.F.);
#1680=ORIENTED_EDGE('',*,*,#1232,.F.);
#1681=ORIENTED_EDGE('',*,*,#1233,.F.);
#1682=ORIENTED_EDGE('',*,*,#1234,.T.);
#1683=ORIENTED_EDGE('',*,*,#1235,.F.);
#1684=ORIENTED_EDGE('',*,*,#1236,.T.);
#1685=ORIENTED_EDGE('',*,*,#1237,.T.);
#1686=ORIENTED_EDGE('',*,*,#1236,.F.);
#1687=ORIENTED_EDGE('',*,*,#1238,.F.);
#1688=ORIENTED_EDGE('',*,*,#1239,.T.);
#1689=ORIENTED_EDGE('',*,*,#1226,.T.);
#1690=ORIENTED_EDGE('',*,*,#1239,.F.);
#1691=ORIENTED_EDGE('',*,*,#1238,.T.);
#1692=ORIENTED_EDGE('',*,*,#1240,.T.);
#1693=ORIENTED_EDGE('',*,*,#1241,.T.);
#1694=ORIENTED_EDGE('',*,*,#1242,.T.);
#1695=ORIENTED_EDGE('',*,*,#1243,.T.);
#1696=ORIENTED_EDGE('',*,*,#1244,.F.);
#1697=ORIENTED_EDGE('',*,*,#1245,.F.);
#1698=ORIENTED_EDGE('',*,*,#1237,.F.);
#1699=ORIENTED_EDGE('',*,*,#1235,.T.);
#1700=ORIENTED_EDGE('',*,*,#1246,.F.);
#1701=ORIENTED_EDGE('',*,*,#1234,.F.);
#1702=ORIENTED_EDGE('',*,*,#1247,.T.);
#1703=ORIENTED_EDGE('',*,*,#1246,.T.);
#1704=ORIENTED_EDGE('',*,*,#1247,.F.);
#1705=ORIENTED_EDGE('',*,*,#1227,.F.);
#1706=ORIENTED_EDGE('',*,*,#1248,.T.);
#1707=ORIENTED_EDGE('',*,*,#1249,.T.);
#1708=ORIENTED_EDGE('',*,*,#1248,.F.);
#1709=ORIENTED_EDGE('',*,*,#1249,.F.);
#1710=ORIENTED_EDGE('',*,*,#1223,.T.);
#1711=ORIENTED_EDGE('',*,*,#1245,.T.);
#1712=ORIENTED_EDGE('',*,*,#1250,.T.);
#1713=ORIENTED_EDGE('',*,*,#1233,.T.);
#1714=ORIENTED_EDGE('',*,*,#1250,.F.);
#1715=ORIENTED_EDGE('',*,*,#1244,.T.);
#1716=ORIENTED_EDGE('',*,*,#1251,.T.);
#1717=ORIENTED_EDGE('',*,*,#1232,.T.);
#1718=ORIENTED_EDGE('',*,*,#1251,.F.);
#1719=ORIENTED_EDGE('',*,*,#1243,.F.);
#1720=ORIENTED_EDGE('',*,*,#1252,.T.);
#1721=ORIENTED_EDGE('',*,*,#1231,.T.);
#1722=ORIENTED_EDGE('',*,*,#1252,.F.);
#1723=ORIENTED_EDGE('',*,*,#1242,.F.);
#1724=ORIENTED_EDGE('',*,*,#1253,.T.);
#1725=ORIENTED_EDGE('',*,*,#1230,.T.);
#1726=ORIENTED_EDGE('',*,*,#1253,.F.);
#1727=ORIENTED_EDGE('',*,*,#1241,.F.);
#1728=ORIENTED_EDGE('',*,*,#1254,.T.);
#1729=ORIENTED_EDGE('',*,*,#1229,.T.);
#1730=ORIENTED_EDGE('',*,*,#1254,.F.);
#1731=ORIENTED_EDGE('',*,*,#1240,.F.);
#1732=ORIENTED_EDGE('',*,*,#1255,.T.);
#1733=ORIENTED_EDGE('',*,*,#1228,.T.);
#1734=ORIENTED_EDGE('',*,*,#1255,.F.);
#1735=ORIENTED_EDGE('',*,*,#1256,.T.);
#1736=ORIENTED_EDGE('',*,*,#1257,.F.);
#1737=ORIENTED_EDGE('',*,*,#1258,.F.);
#1738=ORIENTED_EDGE('',*,*,#1259,.T.);
#1739=ORIENTED_EDGE('',*,*,#1260,.T.);
#1740=ORIENTED_EDGE('',*,*,#1261,.F.);
#1741=ORIENTED_EDGE('',*,*,#1262,.F.);
#1742=ORIENTED_EDGE('',*,*,#1257,.T.);
#1743=ORIENTED_EDGE('',*,*,#1263,.F.);
#1744=ORIENTED_EDGE('',*,*,#1264,.F.);
#1745=ORIENTED_EDGE('',*,*,#1265,.T.);
#1746=ORIENTED_EDGE('',*,*,#1261,.T.);
#1747=ORIENTED_EDGE('',*,*,#1266,.F.);
#1748=ORIENTED_EDGE('',*,*,#1267,.F.);
#1749=ORIENTED_EDGE('',*,*,#1268,.T.);
#1750=ORIENTED_EDGE('',*,*,#1264,.T.);
#1751=ORIENTED_EDGE('',*,*,#1269,.F.);
#1752=ORIENTED_EDGE('',*,*,#1270,.F.);
#1753=ORIENTED_EDGE('',*,*,#1271,.T.);
#1754=ORIENTED_EDGE('',*,*,#1267,.T.);
#1755=ORIENTED_EDGE('',*,*,#1272,.T.);
#1756=ORIENTED_EDGE('',*,*,#1273,.F.);
#1757=ORIENTED_EDGE('',*,*,#1274,.F.);
#1758=ORIENTED_EDGE('',*,*,#1270,.T.);
#1759=ORIENTED_EDGE('',*,*,#1275,.T.);
#1760=ORIENTED_EDGE('',*,*,#1276,.F.);
#1761=ORIENTED_EDGE('',*,*,#1277,.F.);
#1762=ORIENTED_EDGE('',*,*,#1273,.T.);
#1763=ORIENTED_EDGE('',*,*,#1278,.T.);
#1764=ORIENTED_EDGE('',*,*,#1279,.T.);
#1765=ORIENTED_EDGE('',*,*,#1280,.F.);
#1766=ORIENTED_EDGE('',*,*,#1279,.F.);
#1767=ORIENTED_EDGE('',*,*,#1281,.T.);
#1768=ORIENTED_EDGE('',*,*,#1282,.T.);
#1769=ORIENTED_EDGE('',*,*,#1283,.F.);
#1770=ORIENTED_EDGE('',*,*,#1282,.F.);
#1771=ORIENTED_EDGE('',*,*,#1284,.T.);
#1772=ORIENTED_EDGE('',*,*,#1285,.T.);
#1773=ORIENTED_EDGE('',*,*,#1286,.F.);
#1774=ORIENTED_EDGE('',*,*,#1285,.F.);
#1775=ORIENTED_EDGE('',*,*,#1287,.T.);
#1776=ORIENTED_EDGE('',*,*,#1288,.T.);
#1777=ORIENTED_EDGE('',*,*,#1289,.F.);
#1778=ORIENTED_EDGE('',*,*,#1288,.F.);
#1779=ORIENTED_EDGE('',*,*,#1290,.T.);
#1780=ORIENTED_EDGE('',*,*,#1291,.T.);
#1781=ORIENTED_EDGE('',*,*,#1292,.F.);
#1782=ORIENTED_EDGE('',*,*,#1291,.F.);
#1783=ORIENTED_EDGE('',*,*,#1293,.F.);
#1784=ORIENTED_EDGE('',*,*,#1259,.F.);
#1785=ORIENTED_EDGE('',*,*,#1294,.T.);
#1786=ORIENTED_EDGE('',*,*,#1276,.T.);
#1787=ORIENTED_EDGE('',*,*,#1258,.T.);
#1788=ORIENTED_EDGE('',*,*,#1262,.T.);
#1789=ORIENTED_EDGE('',*,*,#1265,.F.);
#1790=ORIENTED_EDGE('',*,*,#1268,.F.);
#1791=ORIENTED_EDGE('',*,*,#1271,.F.);
#1792=ORIENTED_EDGE('',*,*,#1274,.T.);
#1793=ORIENTED_EDGE('',*,*,#1277,.T.);
#1794=ORIENTED_EDGE('',*,*,#1294,.F.);
#1795=ORIENTED_EDGE('',*,*,#1295,.T.);
#1796=ORIENTED_EDGE('',*,*,#1296,.T.);
#1797=ORIENTED_EDGE('',*,*,#1297,.T.);
#1798=ORIENTED_EDGE('',*,*,#1298,.T.);
#1799=ORIENTED_EDGE('',*,*,#1299,.F.);
#1800=ORIENTED_EDGE('',*,*,#1300,.F.);
#1801=ORIENTED_EDGE('',*,*,#1301,.F.);
#1802=ORIENTED_EDGE('',*,*,#1302,.F.);
#1803=ORIENTED_EDGE('',*,*,#1290,.F.);
#1804=ORIENTED_EDGE('',*,*,#1287,.F.);
#1805=ORIENTED_EDGE('',*,*,#1284,.F.);
#1806=ORIENTED_EDGE('',*,*,#1281,.F.);
#1807=ORIENTED_EDGE('',*,*,#1278,.F.);
#1808=ORIENTED_EDGE('',*,*,#1256,.F.);
#1809=ORIENTED_EDGE('',*,*,#1293,.T.);
#1810=ORIENTED_EDGE('',*,*,#1275,.F.);
#1811=ORIENTED_EDGE('',*,*,#1272,.F.);
#1812=ORIENTED_EDGE('',*,*,#1269,.T.);
#1813=ORIENTED_EDGE('',*,*,#1266,.T.);
#1814=ORIENTED_EDGE('',*,*,#1263,.T.);
#1815=ORIENTED_EDGE('',*,*,#1260,.F.);
#1816=ORIENTED_EDGE('',*,*,#1303,.F.);
#1817=ORIENTED_EDGE('',*,*,#1304,.F.);
#1818=ORIENTED_EDGE('',*,*,#1305,.F.);
#1819=ORIENTED_EDGE('',*,*,#1306,.F.);
#1820=ORIENTED_EDGE('',*,*,#1307,.F.);
#1821=ORIENTED_EDGE('',*,*,#1308,.F.);
#1822=ORIENTED_EDGE('',*,*,#1309,.T.);
#1823=ORIENTED_EDGE('',*,*,#1310,.T.);
#1824=ORIENTED_EDGE('',*,*,#1292,.T.);
#1825=ORIENTED_EDGE('',*,*,#1289,.T.);
#1826=ORIENTED_EDGE('',*,*,#1286,.T.);
#1827=ORIENTED_EDGE('',*,*,#1283,.T.);
#1828=ORIENTED_EDGE('',*,*,#1280,.T.);
#1829=ORIENTED_EDGE('',*,*,#1310,.F.);
#1830=ORIENTED_EDGE('',*,*,#1311,.T.);
#1831=ORIENTED_EDGE('',*,*,#1302,.T.);
#1832=ORIENTED_EDGE('',*,*,#1311,.F.);
#1833=ORIENTED_EDGE('',*,*,#1309,.F.);
#1834=ORIENTED_EDGE('',*,*,#1312,.T.);
#1835=ORIENTED_EDGE('',*,*,#1301,.T.);
#1836=ORIENTED_EDGE('',*,*,#1312,.F.);
#1837=ORIENTED_EDGE('',*,*,#1300,.T.);
#1838=ORIENTED_EDGE('',*,*,#1313,.T.);
#1839=ORIENTED_EDGE('',*,*,#1308,.T.);
#1840=ORIENTED_EDGE('',*,*,#1313,.F.);
#1841=ORIENTED_EDGE('',*,*,#1299,.T.);
#1842=ORIENTED_EDGE('',*,*,#1314,.T.);
#1843=ORIENTED_EDGE('',*,*,#1307,.T.);
#1844=ORIENTED_EDGE('',*,*,#1314,.F.);
#1845=ORIENTED_EDGE('',*,*,#1298,.F.);
#1846=ORIENTED_EDGE('',*,*,#1315,.T.);
#1847=ORIENTED_EDGE('',*,*,#1306,.T.);
#1848=ORIENTED_EDGE('',*,*,#1315,.F.);
#1849=ORIENTED_EDGE('',*,*,#1297,.F.);
#1850=ORIENTED_EDGE('',*,*,#1316,.T.);
#1851=ORIENTED_EDGE('',*,*,#1305,.T.);
#1852=ORIENTED_EDGE('',*,*,#1316,.F.);
#1853=ORIENTED_EDGE('',*,*,#1296,.F.);
#1854=ORIENTED_EDGE('',*,*,#1317,.T.);
#1855=ORIENTED_EDGE('',*,*,#1304,.T.);
#1856=ORIENTED_EDGE('',*,*,#1317,.F.);
#1857=ORIENTED_EDGE('',*,*,#1295,.F.);
#1858=ORIENTED_EDGE('',*,*,#1318,.T.);
#1859=ORIENTED_EDGE('',*,*,#1303,.T.);
#1860=ORIENTED_EDGE('',*,*,#1318,.F.);
#1861=PLANE('',#2088);
#1862=PLANE('',#2097);
#1863=PLANE('',#2099);
#1864=PLANE('',#2103);
#1865=PLANE('',#2104);
#1866=PLANE('',#2105);
#1867=PLANE('',#2106);
#1868=PLANE('',#2107);
#1869=PLANE('',#2108);
#1870=PLANE('',#2109);
#1871=PLANE('',#2122);
#1872=PLANE('',#2123);
#1873=PLANE('',#2125);
#1874=PLANE('',#2132);
#1875=PLANE('',#2134);
#1876=PLANE('',#2160);
#1877=PLANE('',#2167);
#1878=PLANE('',#2174);
#1879=PLANE('',#2180);
#1880=PLANE('',#2186);
#1881=PLANE('',#2192);
#1882=PLANE('',#2198);
#1883=PLANE('',#2203);
#1884=PLANE('',#2209);
#1885=PLANE('',#2215);
#1886=PLANE('',#2224);
#1887=PLANE('',#2248);
#1888=PLANE('',#2257);
#1889=PLANE('',#2266);
#1890=PLANE('',#2267);
#1891=PLANE('',#2276);
#1892=PLANE('',#2278);
#1893=PLANE('',#2292);
#1894=PLANE('',#2299);
#1895=PLANE('',#2304);
#1896=PLANE('',#2312);
#1897=PLANE('',#2313);
#1898=PLANE('',#2314);
#1899=PLANE('',#2315);
#1900=PLANE('',#2316);
#1901=PLANE('',#2317);
#1902=PLANE('',#2318);
#1903=PLANE('',#2334);
#1904=PLANE('',#2335);
#1905=PLANE('',#2344);
#1906=ADVANCED_FACE('',(#425,#353),#1861,.F.);
#1907=ADVANCED_FACE('',(#426),#346,.F.);
#1908=ADVANCED_FACE('',(#427),#71,.F.);
#1909=ADVANCED_FACE('',(#428),#72,.T.);
#1910=ADVANCED_FACE('',(#429,#354),#1862,.T.);
#1911=ADVANCED_FACE('',(#430),#1863,.T.);
#1912=ADVANCED_FACE('',(#431),#73,.T.);
#1913=ADVANCED_FACE('',(#432),#1864,.F.);
#1914=ADVANCED_FACE('',(#433),#1865,.F.);
#1915=ADVANCED_FACE('',(#434),#1866,.T.);
#1916=ADVANCED_FACE('',(#435),#1867,.T.);
#1917=ADVANCED_FACE('',(#436),#1868,.T.);
#1918=ADVANCED_FACE('',(#437),#1869,.F.);
#1919=ADVANCED_FACE('',(#438),#1870,.F.);
#1920=ADVANCED_FACE('',(#439),#74,.F.);
#1921=ADVANCED_FACE('',(#440),#75,.F.);
#1922=ADVANCED_FACE('',(#441),#76,.F.);
#1923=ADVANCED_FACE('',(#442),#77,.F.);
#1924=ADVANCED_FACE('',(#443),#1871,.T.);
#1925=ADVANCED_FACE('',(#444,#355,#356,#357,#358,#359),#1872,.T.);
#1926=ADVANCED_FACE('',(#445,#360,#361,#362,#363,#364),#1873,.F.);
#1927=ADVANCED_FACE('',(#446),#78,.F.);
#1928=ADVANCED_FACE('',(#447),#79,.T.);
#1929=ADVANCED_FACE('',(#448,#365),#1874,.T.);
#1930=ADVANCED_FACE('',(#449,#366),#1875,.F.);
#1931=ADVANCED_FACE('',(#450),#347,.F.);
#1932=ADVANCED_FACE('',(#451),#80,.F.);
#1933=ADVANCED_FACE('',(#452),#348,.F.);
#1934=ADVANCED_FACE('',(#453),#81,.F.);
#1935=ADVANCED_FACE('',(#454),#349,.F.);
#1936=ADVANCED_FACE('',(#455),#82,.F.);
#1937=ADVANCED_FACE('',(#456),#350,.F.);
#1938=ADVANCED_FACE('',(#457),#83,.F.);
#1939=ADVANCED_FACE('',(#458),#351,.F.);
#1940=ADVANCED_FACE('',(#459),#84,.F.);
#1941=ADVANCED_FACE('',(#460,#367,#368),#1876,.T.);
#1942=ADVANCED_FACE('',(#461),#1877,.T.);
#1943=ADVANCED_FACE('',(#462),#1878,.F.);
#1944=ADVANCED_FACE('',(#463),#1879,.F.);
#1945=ADVANCED_FACE('',(#464),#1880,.F.);
#1946=ADVANCED_FACE('',(#465),#1881,.F.);
#1947=ADVANCED_FACE('',(#466),#1882,.F.);
#1948=ADVANCED_FACE('',(#467),#1883,.F.);
#1949=ADVANCED_FACE('',(#468),#1884,.F.);
#1950=ADVANCED_FACE('',(#469),#1885,.T.);
#1951=ADVANCED_FACE('',(#470),#85,.F.);
#1952=ADVANCED_FACE('',(#471),#1886,.F.);
#1953=ADVANCED_FACE('',(#472),#86,.T.);
#1954=ADVANCED_FACE('',(#473),#87,.F.);
#1955=ADVANCED_FACE('',(#474),#88,.F.);
#1956=ADVANCED_FACE('',(#475),#89,.F.);
#1957=ADVANCED_FACE('',(#476),#90,.F.);
#1958=ADVANCED_FACE('',(#477),#91,.F.);
#1959=ADVANCED_FACE('',(#478),#92,.F.);
#1960=ADVANCED_FACE('',(#479),#93,.F.);
#1961=ADVANCED_FACE('',(#480),#94,.F.);
#1962=ADVANCED_FACE('',(#481),#95,.T.);
#1963=ADVANCED_FACE('',(#482,#369,#370),#1887,.T.);
#1964=ADVANCED_FACE('',(#483),#96,.F.);
#1965=ADVANCED_FACE('',(#484,#371,#372,#373,#374,#375,#376,#377,#378,#379),
#1888,.T.);
#1966=ADVANCED_FACE('',(#485),#97,.F.);
#1967=ADVANCED_FACE('',(#486),#98,.F.);
#1968=ADVANCED_FACE('',(#487),#99,.T.);
#1969=ADVANCED_FACE('',(#488),#100,.T.);
#1970=ADVANCED_FACE('',(#489,#380),#1889,.T.);
#1971=ADVANCED_FACE('',(#490,#381),#1890,.T.);
#1972=ADVANCED_FACE('',(#491),#352,.F.);
#1973=ADVANCED_FACE('',(#492),#101,.F.);
#1974=ADVANCED_FACE('',(#493),#102,.T.);
#1975=ADVANCED_FACE('',(#494,#382),#1891,.T.);
#1976=ADVANCED_FACE('',(#495,#383,#384,#385,#386,#387,#388,#389),#1892,
 .F.);
#1977=ADVANCED_FACE('',(#496),#103,.T.);
#1978=ADVANCED_FACE('',(#497),#104,.F.);
#1979=ADVANCED_FACE('',(#498,#390,#391,#392,#393,#394,#395,#396),#1893,
 .T.);
#1980=ADVANCED_FACE('',(#499,#397),#1894,.T.);
#1981=ADVANCED_FACE('',(#500),#105,.F.);
#1982=ADVANCED_FACE('',(#501),#106,.T.);
#1983=ADVANCED_FACE('',(#502,#398),#1895,.F.);
#1984=ADVANCED_FACE('',(#503),#107,.F.);
#1985=ADVANCED_FACE('',(#504),#108,.F.);
#1986=ADVANCED_FACE('',(#505),#109,.F.);
#1987=ADVANCED_FACE('',(#506),#110,.F.);
#1988=ADVANCED_FACE('',(#507),#111,.F.);
#1989=ADVANCED_FACE('',(#508),#112,.F.);
#1990=ADVANCED_FACE('',(#509),#1896,.F.);
#1991=ADVANCED_FACE('',(#510),#1897,.F.);
#1992=ADVANCED_FACE('',(#511),#1898,.T.);
#1993=ADVANCED_FACE('',(#512),#1899,.T.);
#1994=ADVANCED_FACE('',(#513),#1900,.T.);
#1995=ADVANCED_FACE('',(#514),#1901,.F.);
#1996=ADVANCED_FACE('',(#515),#1902,.F.);
#1997=ADVANCED_FACE('',(#516),#113,.F.);
#1998=ADVANCED_FACE('',(#517),#114,.F.);
#1999=ADVANCED_FACE('',(#518),#115,.F.);
#2000=ADVANCED_FACE('',(#519),#116,.F.);
#2001=ADVANCED_FACE('',(#520),#117,.F.);
#2002=ADVANCED_FACE('',(#521),#1903,.T.);
#2003=ADVANCED_FACE('',(#522,#399,#400,#401,#402,#403,#404,#405,#406,#407,
#408,#409,#410,#411),#1904,.T.);
#2004=ADVANCED_FACE('',(#523,#412,#413,#414,#415,#416,#417,#418,#419,#420,
#421,#422,#423,#424),#1905,.F.);
#2005=ADVANCED_FACE('',(#524),#118,.F.);
#2006=ADVANCED_FACE('',(#525),#119,.F.);
#2007=ADVANCED_FACE('',(#526),#120,.F.);
#2008=ADVANCED_FACE('',(#527),#121,.F.);
#2009=ADVANCED_FACE('',(#528),#122,.F.);
#2010=ADVANCED_FACE('',(#529),#123,.F.);
#2011=ADVANCED_FACE('',(#530),#124,.F.);
#2012=ADVANCED_FACE('',(#531),#125,.F.);
#2013=CLOSED_SHELL('',(#1906,#1907,#1908,#1909,#1910,#1911,#1912));
#2014=CLOSED_SHELL('',(#1913,#1914,#1915,#1916,#1917,#1918,#1919,#1920,
#1921,#1922,#1923,#1924,#1925,#1926,#1927));
#2015=CLOSED_SHELL('',(#1928,#1929,#1930,#1931,#1932,#1933,#1934));
#2016=CLOSED_SHELL('',(#1935,#1936,#1937,#1938,#1939,#1940,#1941,#1942,
#1943,#1944,#1945,#1946,#1947,#1948,#1949,#1950,#1951,#1952,#1953,#1954,
#1955,#1956,#1957,#1958,#1959,#1960,#1961,#1962,#1963,#1964,#1965,#1966,
#1967,#1968,#1969,#1970,#1971,#1972,#1973));
#2017=CLOSED_SHELL('',(#1974,#1975,#1976,#1977,#1978,#1979,#1980,#1981,
#1982,#1983,#1984,#1985,#1986,#1987,#1988,#1989));
#2018=CLOSED_SHELL('',(#1990,#1991,#1992,#1993,#1994,#1995,#1996,#1997,
#1998,#1999,#2000,#2001,#2002,#2003,#2004,#2005,#2006,#2007,#2008,#2009,
#2010,#2011,#2012));
#2019=DERIVED_UNIT_ELEMENT(#2031,1.);
#2020=DERIVED_UNIT_ELEMENT(#3634,-3.);
#2021=DERIVED_UNIT_ELEMENT(#2031,1.);
#2022=DERIVED_UNIT_ELEMENT(#3634,-3.);
#2023=DERIVED_UNIT_ELEMENT(#2031,1.);
#2024=DERIVED_UNIT_ELEMENT(#3634,-3.);
#2025=DERIVED_UNIT_ELEMENT(#2031,1.);
#2026=DERIVED_UNIT_ELEMENT(#3634,-3.);
#2027=DERIVED_UNIT_ELEMENT(#2031,1.);
#2028=DERIVED_UNIT_ELEMENT(#3634,-3.);
#2029=DERIVED_UNIT_ELEMENT(#2031,1.);
#2030=DERIVED_UNIT_ELEMENT(#3634,-3.);
#2031=(
MASS_UNIT()
NAMED_UNIT(*)
SI_UNIT(.KILO.,.GRAM.)
);
#2032=DERIVED_UNIT((#2019,#2020));
#2033=DERIVED_UNIT((#2021,#2022));
#2034=DERIVED_UNIT((#2023,#2024));
#2035=DERIVED_UNIT((#2025,#2026));
#2036=DERIVED_UNIT((#2027,#2028));
#2037=DERIVED_UNIT((#2029,#2030));
#2038=MEASURE_REPRESENTATION_ITEM('density measure',
POSITIVE_RATIO_MEASURE(7850.),#2032);
#2039=MEASURE_REPRESENTATION_ITEM('density measure',
POSITIVE_RATIO_MEASURE(7850.),#2033);
#2040=MEASURE_REPRESENTATION_ITEM('density measure',
POSITIVE_RATIO_MEASURE(7850.),#2034);
#2041=MEASURE_REPRESENTATION_ITEM('density measure',
POSITIVE_RATIO_MEASURE(7850.),#2035);
#2042=MEASURE_REPRESENTATION_ITEM('density measure',
POSITIVE_RATIO_MEASURE(7850.),#2036);
#2043=MEASURE_REPRESENTATION_ITEM('density measure',
POSITIVE_RATIO_MEASURE(7850.),#2037);
#2044=PROPERTY_DEFINITION_REPRESENTATION(#2074,#2056);
#2045=PROPERTY_DEFINITION_REPRESENTATION(#2075,#2057);
#2046=PROPERTY_DEFINITION_REPRESENTATION(#2076,#2058);
#2047=PROPERTY_DEFINITION_REPRESENTATION(#2077,#2059);
#2048=PROPERTY_DEFINITION_REPRESENTATION(#2078,#2060);
#2049=PROPERTY_DEFINITION_REPRESENTATION(#2079,#2061);
#2050=PROPERTY_DEFINITION_REPRESENTATION(#2080,#2062);
#2051=PROPERTY_DEFINITION_REPRESENTATION(#2081,#2063);
#2052=PROPERTY_DEFINITION_REPRESENTATION(#2082,#2064);
#2053=PROPERTY_DEFINITION_REPRESENTATION(#2083,#2065);
#2054=PROPERTY_DEFINITION_REPRESENTATION(#2084,#2066);
#2055=PROPERTY_DEFINITION_REPRESENTATION(#2085,#2067);
#2056=REPRESENTATION('material name',(#2068),#3627);
#2057=REPRESENTATION('density',(#2038),#3627);
#2058=REPRESENTATION('material name',(#2069),#3628);
#2059=REPRESENTATION('density',(#2039),#3628);
#2060=REPRESENTATION('material name',(#2070),#3629);
#2061=REPRESENTATION('density',(#2040),#3629);
#2062=REPRESENTATION('material name',(#2071),#3630);
#2063=REPRESENTATION('density',(#2041),#3630);
#2064=REPRESENTATION('material name',(#2072),#3631);
#2065=REPRESENTATION('density',(#2042),#3631);
#2066=REPRESENTATION('material name',(#2073),#3632);
#2067=REPRESENTATION('density',(#2043),#3632);
#2068=DESCRIPTIVE_REPRESENTATION_ITEM('Steel','Steel');
#2069=DESCRIPTIVE_REPRESENTATION_ITEM('Steel','Steel');
#2070=DESCRIPTIVE_REPRESENTATION_ITEM('Steel','Steel');
#2071=DESCRIPTIVE_REPRESENTATION_ITEM('Steel','Steel');
#2072=DESCRIPTIVE_REPRESENTATION_ITEM('Steel','Steel');
#2073=DESCRIPTIVE_REPRESENTATION_ITEM('Steel','Steel');
#2074=PROPERTY_DEFINITION('material property','material name',#3669);
#2075=PROPERTY_DEFINITION('material property','density of part',#3669);
#2076=PROPERTY_DEFINITION('material property','material name',#3670);
#2077=PROPERTY_DEFINITION('material property','density of part',#3670);
#2078=PROPERTY_DEFINITION('material property','material name',#3671);
#2079=PROPERTY_DEFINITION('material property','density of part',#3671);
#2080=PROPERTY_DEFINITION('material property','material name',#3672);
#2081=PROPERTY_DEFINITION('material property','density of part',#3672);
#2082=PROPERTY_DEFINITION('material property','material name',#3673);
#2083=PROPERTY_DEFINITION('material property','density of part',#3673);
#2084=PROPERTY_DEFINITION('material property','material name',#3674);
#2085=PROPERTY_DEFINITION('material property','density of part',#3674);
#2086=AXIS2_PLACEMENT_3D('',#3048,#2370,#2371);
#2087=AXIS2_PLACEMENT_3D('',#3049,#2372,#2373);
#2088=AXIS2_PLACEMENT_3D('',#3050,#2374,#2375);
#2089=AXIS2_PLACEMENT_3D('',#3052,#2376,#2377);
#2090=AXIS2_PLACEMENT_3D('',#3054,#2378,#2379);
#2091=AXIS2_PLACEMENT_3D('',#3055,#2380,#2381);
#2092=AXIS2_PLACEMENT_3D('',#3060,#2383,#2384);
#2093=AXIS2_PLACEMENT_3D('',#3061,#2385,#2386);
#2094=AXIS2_PLACEMENT_3D('',#3062,#2387,#2388);
#2095=AXIS2_PLACEMENT_3D('',#3064,#2390,#2391);
#2096=AXIS2_PLACEMENT_3D('',#3067,#2393,#2394);
#2097=AXIS2_PLACEMENT_3D('',#3068,#2395,#2396);
#2098=AXIS2_PLACEMENT_3D('',#3070,#2397,#2398);
#2099=AXIS2_PLACEMENT_3D('',#3071,#2399,#2400);
#2100=AXIS2_PLACEMENT_3D('',#3073,#2401,#2402);
#2101=AXIS2_PLACEMENT_3D('',#3074,#2403,#2404);
#2102=AXIS2_PLACEMENT_3D('',#3076,#2406,#2407);
#2103=AXIS2_PLACEMENT_3D('',#3077,#2408,#2409);
#2104=AXIS2_PLACEMENT_3D('',#3086,#2414,#2415);
#2105=AXIS2_PLACEMENT_3D('',#3092,#2419,#2420);
#2106=AXIS2_PLACEMENT_3D('',#3098,#2424,#2425);
#2107=AXIS2_PLACEMENT_3D('',#3104,#2429,#2430);
#2108=AXIS2_PLACEMENT_3D('',#3110,#2434,#2435);
#2109=AXIS2_PLACEMENT_3D('',#3116,#2439,#2440);
#2110=AXIS2_PLACEMENT_3D('',#3122,#2444,#2445);
#2111=AXIS2_PLACEMENT_3D('',#3124,#2446,#2447);
#2112=AXIS2_PLACEMENT_3D('',#3127,#2449,#2450);
#2113=AXIS2_PLACEMENT_3D('',#3128,#2451,#2452);
#2114=AXIS2_PLACEMENT_3D('',#3130,#2453,#2454);
#2115=AXIS2_PLACEMENT_3D('',#3133,#2456,#2457);
#2116=AXIS2_PLACEMENT_3D('',#3134,#2458,#2459);
#2117=AXIS2_PLACEMENT_3D('',#3136,#2460,#2461);
#2118=AXIS2_PLACEMENT_3D('',#3139,#2463,#2464);
#2119=AXIS2_PLACEMENT_3D('',#3140,#2465,#2466);
#2120=AXIS2_PLACEMENT_3D('',#3142,#2467,#2468);
#2121=AXIS2_PLACEMENT_3D('',#3145,#2470,#2471);
#2122=AXIS2_PLACEMENT_3D('',#3146,#2472,#2473);
#2123=AXIS2_PLACEMENT_3D('',#3149,#2476,#2477);
#2124=AXIS2_PLACEMENT_3D('',#3151,#2478,#2479);
#2125=AXIS2_PLACEMENT_3D('',#3152,#2480,#2481);
#2126=AXIS2_PLACEMENT_3D('',#3154,#2482,#2483);
#2127=AXIS2_PLACEMENT_3D('',#3155,#2484,#2485);
#2128=AXIS2_PLACEMENT_3D('',#3157,#2487,#2488);
#2129=AXIS2_PLACEMENT_3D('',#3158,#2489,#2490);
#2130=AXIS2_PLACEMENT_3D('',#3160,#2491,#2492);
#2131=AXIS2_PLACEMENT_3D('',#3163,#2494,#2495);
#2132=AXIS2_PLACEMENT_3D('',#3164,#2496,#2497);
#2133=AXIS2_PLACEMENT_3D('',#3166,#2498,#2499);
#2134=AXIS2_PLACEMENT_3D('',#3167,#2500,#2501);
#2135=AXIS2_PLACEMENT_3D('',#3169,#2502,#2503);
#2136=AXIS2_PLACEMENT_3D('',#3170,#2504,#2505);
#2137=AXIS2_PLACEMENT_3D('',#3175,#2507,#2508);
#2138=AXIS2_PLACEMENT_3D('',#3176,#2509,#2510);
#2139=AXIS2_PLACEMENT_3D('',#3177,#2511,#2512);
#2140=AXIS2_PLACEMENT_3D('',#3179,#2514,#2515);
#2141=AXIS2_PLACEMENT_3D('',#3184,#2517,#2518);
#2142=AXIS2_PLACEMENT_3D('',#3185,#2519,#2520);
#2143=AXIS2_PLACEMENT_3D('',#3186,#2521,#2522);
#2144=AXIS2_PLACEMENT_3D('',#3188,#2524,#2525);
#2145=AXIS2_PLACEMENT_3D('',#3189,#2526,#2527);
#2146=AXIS2_PLACEMENT_3D('',#3194,#2529,#2530);
#2147=AXIS2_PLACEMENT_3D('',#3195,#2531,#2532);
#2148=AXIS2_PLACEMENT_3D('',#3196,#2533,#2534);
#2149=AXIS2_PLACEMENT_3D('',#3198,#2535,#2536);
#2150=AXIS2_PLACEMENT_3D('',#3200,#2538,#2539);
#2151=AXIS2_PLACEMENT_3D('',#3205,#2541,#2542);
#2152=AXIS2_PLACEMENT_3D('',#3206,#2543,#2544);
#2153=AXIS2_PLACEMENT_3D('',#3207,#2545,#2546);
#2154=AXIS2_PLACEMENT_3D('',#3209,#2547,#2548);
#2155=AXIS2_PLACEMENT_3D('',#3211,#2550,#2551);
#2156=AXIS2_PLACEMENT_3D('',#3216,#2553,#2554);
#2157=AXIS2_PLACEMENT_3D('',#3217,#2555,#2556);
#2158=AXIS2_PLACEMENT_3D('',#3218,#2557,#2558);
#2159=AXIS2_PLACEMENT_3D('',#3220,#2559,#2560);
#2160=AXIS2_PLACEMENT_3D('',#3222,#2562,#2563);
#2161=AXIS2_PLACEMENT_3D('',#3225,#2564,#2565);
#2162=AXIS2_PLACEMENT_3D('',#3227,#2566,#2567);
#2163=AXIS2_PLACEMENT_3D('',#3229,#2568,#2569);
#2164=AXIS2_PLACEMENT_3D('',#3231,#2570,#2571);
#2165=AXIS2_PLACEMENT_3D('',#3233,#2572,#2573);
#2166=AXIS2_PLACEMENT_3D('',#3234,#2574,#2575);
#2167=AXIS2_PLACEMENT_3D('',#3235,#2576,#2577);
#2168=AXIS2_PLACEMENT_3D('',#3238,#2578,#2579);
#2169=AXIS2_PLACEMENT_3D('',#3240,#2580,#2581);
#2170=AXIS2_PLACEMENT_3D('',#3242,#2582,#2583);
#2171=AXIS2_PLACEMENT_3D('',#3244,#2584,#2585);
#2172=AXIS2_PLACEMENT_3D('',#3246,#2586,#2587);
#2173=AXIS2_PLACEMENT_3D('',#3247,#2588,#2589);
#2174=AXIS2_PLACEMENT_3D('',#3248,#2590,#2591);
#2175=AXIS2_PLACEMENT_3D('',#3251,#2592,#2593);
#2176=AXIS2_PLACEMENT_3D('',#3253,#2594,#2595);
#2177=AXIS2_PLACEMENT_3D('',#3255,#2596,#2597);
#2178=AXIS2_PLACEMENT_3D('',#3257,#2598,#2599);
#2179=AXIS2_PLACEMENT_3D('',#3258,#2600,#2601);
#2180=AXIS2_PLACEMENT_3D('',#3259,#2602,#2603);
#2181=AXIS2_PLACEMENT_3D('',#3261,#2604,#2605);
#2182=AXIS2_PLACEMENT_3D('',#3262,#2606,#2607);
#2183=AXIS2_PLACEMENT_3D('',#3264,#2608,#2609);
#2184=AXIS2_PLACEMENT_3D('',#3266,#2610,#2611);
#2185=AXIS2_PLACEMENT_3D('',#3267,#2612,#2613);
#2186=AXIS2_PLACEMENT_3D('',#3268,#2614,#2615);
#2187=AXIS2_PLACEMENT_3D('',#3270,#2616,#2617);
#2188=AXIS2_PLACEMENT_3D('',#3271,#2618,#2619);
#2189=AXIS2_PLACEMENT_3D('',#3273,#2620,#2621);
#2190=AXIS2_PLACEMENT_3D('',#3275,#2622,#2623);
#2191=AXIS2_PLACEMENT_3D('',#3276,#2624,#2625);
#2192=AXIS2_PLACEMENT_3D('',#3277,#2626,#2627);
#2193=AXIS2_PLACEMENT_3D('',#3279,#2628,#2629);
#2194=AXIS2_PLACEMENT_3D('',#3280,#2630,#2631);
#2195=AXIS2_PLACEMENT_3D('',#3282,#2632,#2633);
#2196=AXIS2_PLACEMENT_3D('',#3284,#2634,#2635);
#2197=AXIS2_PLACEMENT_3D('',#3285,#2636,#2637);
#2198=AXIS2_PLACEMENT_3D('',#3286,#2638,#2639);
#2199=AXIS2_PLACEMENT_3D('',#3288,#2640,#2641);
#2200=AXIS2_PLACEMENT_3D('',#3289,#2642,#2643);
#2201=AXIS2_PLACEMENT_3D('',#3291,#2644,#2645);
#2202=AXIS2_PLACEMENT_3D('',#3292,#2646,#2647);
#2203=AXIS2_PLACEMENT_3D('',#3293,#2648,#2649);
#2204=AXIS2_PLACEMENT_3D('',#3296,#2650,#2651);
#2205=AXIS2_PLACEMENT_3D('',#3298,#2652,#2653);
#2206=AXIS2_PLACEMENT_3D('',#3300,#2654,#2655);
#2207=AXIS2_PLACEMENT_3D('',#3302,#2656,#2657);
#2208=AXIS2_PLACEMENT_3D('',#3303,#2658,#2659);
#2209=AXIS2_PLACEMENT_3D('',#3304,#2660,#2661);
#2210=AXIS2_PLACEMENT_3D('',#3305,#2662,#2663);
#2211=AXIS2_PLACEMENT_3D('',#3307,#2664,#2665);
#2212=AXIS2_PLACEMENT_3D('',#3308,#2666,#2667);
#2213=AXIS2_PLACEMENT_3D('',#3309,#2668,#2669);
#2214=AXIS2_PLACEMENT_3D('',#3310,#2670,#2671);
#2215=AXIS2_PLACEMENT_3D('',#3311,#2672,#2673);
#2216=AXIS2_PLACEMENT_3D('',#3312,#2674,#2675);
#2217=AXIS2_PLACEMENT_3D('',#3314,#2676,#2677);
#2218=AXIS2_PLACEMENT_3D('',#3315,#2678,#2679);
#2219=AXIS2_PLACEMENT_3D('',#3316,#2680,#2681);
#2220=AXIS2_PLACEMENT_3D('',#3318,#2682,#2683);
#2221=AXIS2_PLACEMENT_3D('',#3319,#2684,#2685);
#2222=AXIS2_PLACEMENT_3D('',#3320,#2686,#2687);
#2223=AXIS2_PLACEMENT_3D('',#3321,#2688,#2689);
#2224=AXIS2_PLACEMENT_3D('',#3323,#2691,#2692);
#2225=AXIS2_PLACEMENT_3D('',#3324,#2693,#2694);
#2226=AXIS2_PLACEMENT_3D('',#3325,#2695,#2696);
#2227=AXIS2_PLACEMENT_3D('',#3326,#2697,#2698);
#2228=AXIS2_PLACEMENT_3D('',#3327,#2699,#2700);
#2229=AXIS2_PLACEMENT_3D('',#3329,#2702,#2703);
#2230=AXIS2_PLACEMENT_3D('',#3332,#2705,#2706);
#2231=AXIS2_PLACEMENT_3D('',#3333,#2707,#2708);
#2232=AXIS2_PLACEMENT_3D('',#3336,#2710,#2711);
#2233=AXIS2_PLACEMENT_3D('',#3337,#2712,#2713);
#2234=AXIS2_PLACEMENT_3D('',#3340,#2715,#2716);
#2235=AXIS2_PLACEMENT_3D('',#3341,#2717,#2718);
#2236=AXIS2_PLACEMENT_3D('',#3344,#2720,#2721);
#2237=AXIS2_PLACEMENT_3D('',#3345,#2722,#2723);
#2238=AXIS2_PLACEMENT_3D('',#3348,#2725,#2726);
#2239=AXIS2_PLACEMENT_3D('',#3349,#2727,#2728);
#2240=AXIS2_PLACEMENT_3D('',#3352,#2730,#2731);
#2241=AXIS2_PLACEMENT_3D('',#3353,#2732,#2733);
#2242=AXIS2_PLACEMENT_3D('',#3356,#2735,#2736);
#2243=AXIS2_PLACEMENT_3D('',#3357,#2737,#2738);
#2244=AXIS2_PLACEMENT_3D('',#3360,#2740,#2741);
#2245=AXIS2_PLACEMENT_3D('',#3361,#2742,#2743);
#2246=AXIS2_PLACEMENT_3D('',#3362,#2744,#2745);
#2247=AXIS2_PLACEMENT_3D('',#3365,#2747,#2748);
#2248=AXIS2_PLACEMENT_3D('',#3366,#2749,#2750);
#2249=AXIS2_PLACEMENT_3D('',#3368,#2751,#2752);
#2250=AXIS2_PLACEMENT_3D('',#3369,#2753,#2754);
#2251=AXIS2_PLACEMENT_3D('',#3371,#2755,#2756);
#2252=AXIS2_PLACEMENT_3D('',#3372,#2757,#2758);
#2253=AXIS2_PLACEMENT_3D('',#3373,#2759,#2760);
#2254=AXIS2_PLACEMENT_3D('',#3375,#2761,#2762);
#2255=AXIS2_PLACEMENT_3D('',#3376,#2763,#2764);
#2256=AXIS2_PLACEMENT_3D('',#3378,#2765,#2766);
#2257=AXIS2_PLACEMENT_3D('',#3380,#2768,#2769);
#2258=AXIS2_PLACEMENT_3D('',#3381,#2770,#2771);
#2259=AXIS2_PLACEMENT_3D('',#3383,#2772,#2773);
#2260=AXIS2_PLACEMENT_3D('',#3385,#2775,#2776);
#2261=AXIS2_PLACEMENT_3D('',#3387,#2777,#2778);
#2262=AXIS2_PLACEMENT_3D('',#3389,#2780,#2781);
#2263=AXIS2_PLACEMENT_3D('',#3392,#2783,#2784);
#2264=AXIS2_PLACEMENT_3D('',#3393,#2785,#2786);
#2265=AXIS2_PLACEMENT_3D('',#3396,#2788,#2789);
#2266=AXIS2_PLACEMENT_3D('',#3397,#2790,#2791);
#2267=AXIS2_PLACEMENT_3D('',#3398,#2792,#2793);
#2268=AXIS2_PLACEMENT_3D('',#3399,#2794,#2795);
#2269=AXIS2_PLACEMENT_3D('',#3404,#2797,#2798);
#2270=AXIS2_PLACEMENT_3D('',#3405,#2799,#2800);
#2271=AXIS2_PLACEMENT_3D('',#3406,#2801,#2802);
#2272=AXIS2_PLACEMENT_3D('',#3408,#2804,#2805);
#2273=AXIS2_PLACEMENT_3D('',#3409,#2806,#2807);
#2274=AXIS2_PLACEMENT_3D('',#3411,#2808,#2809);
#2275=AXIS2_PLACEMENT_3D('',#3414,#2811,#2812);
#2276=AXIS2_PLACEMENT_3D('',#3415,#2813,#2814);
#2277=AXIS2_PLACEMENT_3D('',#3417,#2815,#2816);
#2278=AXIS2_PLACEMENT_3D('',#3418,#2817,#2818);
#2279=AXIS2_PLACEMENT_3D('',#3420,#2819,#2820);
#2280=AXIS2_PLACEMENT_3D('',#3422,#2821,#2822);
#2281=AXIS2_PLACEMENT_3D('',#3424,#2823,#2824);
#2282=AXIS2_PLACEMENT_3D('',#3426,#2825,#2826);
#2283=AXIS2_PLACEMENT_3D('',#3428,#2827,#2828);
#2284=AXIS2_PLACEMENT_3D('',#3430,#2829,#2830);
#2285=AXIS2_PLACEMENT_3D('',#3432,#2831,#2832);
#2286=AXIS2_PLACEMENT_3D('',#3434,#2833,#2834);
#2287=AXIS2_PLACEMENT_3D('',#3435,#2835,#2836);
#2288=AXIS2_PLACEMENT_3D('',#3437,#2837,#2838);
#2289=AXIS2_PLACEMENT_3D('',#3440,#2840,#2841);
#2290=AXIS2_PLACEMENT_3D('',#3441,#2842,#2843);
#2291=AXIS2_PLACEMENT_3D('',#3443,#2844,#2845);
#2292=AXIS2_PLACEMENT_3D('',#3445,#2847,#2848);
#2293=AXIS2_PLACEMENT_3D('',#3447,#2849,#2850);
#2294=AXIS2_PLACEMENT_3D('',#3449,#2851,#2852);
#2295=AXIS2_PLACEMENT_3D('',#3451,#2853,#2854);
#2296=AXIS2_PLACEMENT_3D('',#3453,#2855,#2856);
#2297=AXIS2_PLACEMENT_3D('',#3455,#2857,#2858);
#2298=AXIS2_PLACEMENT_3D('',#3457,#2859,#2860);
#2299=AXIS2_PLACEMENT_3D('',#3458,#2861,#2862);
#2300=AXIS2_PLACEMENT_3D('',#3460,#2863,#2864);
#2301=AXIS2_PLACEMENT_3D('',#3461,#2865,#2866);
#2302=AXIS2_PLACEMENT_3D('',#3463,#2868,#2869);
#2303=AXIS2_PLACEMENT_3D('',#3466,#2871,#2872);
#2304=AXIS2_PLACEMENT_3D('',#3467,#2873,#2874);
#2305=AXIS2_PLACEMENT_3D('',#3468,#2875,#2876);
#2306=AXIS2_PLACEMENT_3D('',#3470,#2878,#2879);
#2307=AXIS2_PLACEMENT_3D('',#3472,#2881,#2882);
#2308=AXIS2_PLACEMENT_3D('',#3474,#2884,#2885);
#2309=AXIS2_PLACEMENT_3D('',#3476,#2887,#2888);
#2310=AXIS2_PLACEMENT_3D('',#3478,#2890,#2891);
#2311=AXIS2_PLACEMENT_3D('',#3480,#2893,#2894);
#2312=AXIS2_PLACEMENT_3D('',#3481,#2895,#2896);
#2313=AXIS2_PLACEMENT_3D('',#3490,#2901,#2902);
#2314=AXIS2_PLACEMENT_3D('',#3496,#2906,#2907);
#2315=AXIS2_PLACEMENT_3D('',#3502,#2911,#2912);
#2316=AXIS2_PLACEMENT_3D('',#3508,#2916,#2917);
#2317=AXIS2_PLACEMENT_3D('',#3514,#2921,#2922);
#2318=AXIS2_PLACEMENT_3D('',#3520,#2926,#2927);
#2319=AXIS2_PLACEMENT_3D('',#3526,#2931,#2932);
#2320=AXIS2_PLACEMENT_3D('',#3528,#2933,#2934);
#2321=AXIS2_PLACEMENT_3D('',#3531,#2936,#2937);
#2322=AXIS2_PLACEMENT_3D('',#3532,#2938,#2939);
#2323=AXIS2_PLACEMENT_3D('',#3534,#2940,#2941);
#2324=AXIS2_PLACEMENT_3D('',#3537,#2943,#2944);
#2325=AXIS2_PLACEMENT_3D('',#3538,#2945,#2946);
#2326=AXIS2_PLACEMENT_3D('',#3540,#2947,#2948);
#2327=AXIS2_PLACEMENT_3D('',#3543,#2950,#2951);
#2328=AXIS2_PLACEMENT_3D('',#3544,#2952,#2953);
#2329=AXIS2_PLACEMENT_3D('',#3546,#2954,#2955);
#2330=AXIS2_PLACEMENT_3D('',#3549,#2957,#2958);
#2331=AXIS2_PLACEMENT_3D('',#3550,#2959,#2960);
#2332=AXIS2_PLACEMENT_3D('',#3552,#2961,#2962);
#2333=AXIS2_PLACEMENT_3D('',#3555,#2964,#2965);
#2334=AXIS2_PLACEMENT_3D('',#3556,#2966,#2967);
#2335=AXIS2_PLACEMENT_3D('',#3559,#2970,#2971);
#2336=AXIS2_PLACEMENT_3D('',#3561,#2972,#2973);
#2337=AXIS2_PLACEMENT_3D('',#3563,#2974,#2975);
#2338=AXIS2_PLACEMENT_3D('',#3565,#2976,#2977);
#2339=AXIS2_PLACEMENT_3D('',#3567,#2978,#2979);
#2340=AXIS2_PLACEMENT_3D('',#3569,#2980,#2981);
#2341=AXIS2_PLACEMENT_3D('',#3571,#2982,#2983);
#2342=AXIS2_PLACEMENT_3D('',#3573,#2984,#2985);
#2343=AXIS2_PLACEMENT_3D('',#3575,#2986,#2987);
#2344=AXIS2_PLACEMENT_3D('',#3576,#2988,#2989);
#2345=AXIS2_PLACEMENT_3D('',#3578,#2990,#2991);
#2346=AXIS2_PLACEMENT_3D('',#3580,#2992,#2993);
#2347=AXIS2_PLACEMENT_3D('',#3582,#2994,#2995);
#2348=AXIS2_PLACEMENT_3D('',#3584,#2996,#2997);
#2349=AXIS2_PLACEMENT_3D('',#3586,#2998,#2999);
#2350=AXIS2_PLACEMENT_3D('',#3588,#3000,#3001);
#2351=AXIS2_PLACEMENT_3D('',#3590,#3002,#3003);
#2352=AXIS2_PLACEMENT_3D('',#3592,#3004,#3005);
#2353=AXIS2_PLACEMENT_3D('',#3593,#3006,#3007);
#2354=AXIS2_PLACEMENT_3D('',#3595,#3009,#3010);
#2355=AXIS2_PLACEMENT_3D('',#3597,#3012,#3013);
#2356=AXIS2_PLACEMENT_3D('',#3599,#3015,#3016);
#2357=AXIS2_PLACEMENT_3D('',#3601,#3018,#3019);
#2358=AXIS2_PLACEMENT_3D('',#3603,#3021,#3022);
#2359=AXIS2_PLACEMENT_3D('',#3605,#3024,#3025);
#2360=AXIS2_PLACEMENT_3D('',#3607,#3027,#3028);
#2361=AXIS2_PLACEMENT_3D('',#3609,#3030,#3031);
#2362=AXIS2_PLACEMENT_3D('',#3610,#3032,#3033);
#2363=AXIS2_PLACEMENT_3D('',#3611,#3034,#3035);
#2364=AXIS2_PLACEMENT_3D('',#3612,#3036,#3037);
#2365=AXIS2_PLACEMENT_3D('',#3613,#3038,#3039);
#2366=AXIS2_PLACEMENT_3D('',#3614,#3040,#3041);
#2367=AXIS2_PLACEMENT_3D('',#3615,#3042,#3043);
#2368=AXIS2_PLACEMENT_3D('',#3616,#3044,#3045);
#2369=AXIS2_PLACEMENT_3D('',#3617,#3046,#3047);
#2370=DIRECTION('axis',(0.,0.,1.));
#2371=DIRECTION('refdir',(1.,0.,0.));
#2372=DIRECTION('axis',(0.,0.,1.));
#2373=DIRECTION('refdir',(1.,0.,0.));
#2374=DIRECTION('center_axis',(0.,0.,1.));
#2375=DIRECTION('ref_axis',(1.,0.,0.));
#2376=DIRECTION('center_axis',(0.,0.,-1.));
#2377=DIRECTION('ref_axis',(-1.,0.,0.));
#2378=DIRECTION('center_axis',(0.,0.,1.));
#2379=DIRECTION('ref_axis',(1.,0.,0.));
#2380=DIRECTION('center_axis',(0.,0.,-1.));
#2381=DIRECTION('ref_axis',(-1.,0.,0.));
#2382=DIRECTION('',(0.85716730070211,-1.04972719113862E-16,-0.515038074910058));
#2383=DIRECTION('center_axis',(0.,0.,1.));
#2384=DIRECTION('ref_axis',(1.,0.,0.));
#2385=DIRECTION('center_axis',(0.,0.,1.));
#2386=DIRECTION('ref_axis',(1.,0.,0.));
#2387=DIRECTION('center_axis',(0.,0.,1.));
#2388=DIRECTION('ref_axis',(1.,0.,0.));
#2389=DIRECTION('',(0.,0.,1.));
#2390=DIRECTION('center_axis',(0.,0.,-1.));
#2391=DIRECTION('ref_axis',(-1.,0.,0.));
#2392=DIRECTION('',(0.,0.,1.));
#2393=DIRECTION('center_axis',(0.,0.,-1.));
#2394=DIRECTION('ref_axis',(-1.,0.,0.));
#2395=DIRECTION('center_axis',(0.,0.,-1.));
#2396=DIRECTION('ref_axis',(1.,0.,0.));
#2397=DIRECTION('center_axis',(0.,0.,1.));
#2398=DIRECTION('ref_axis',(1.,0.,0.));
#2399=DIRECTION('center_axis',(0.,0.,1.));
#2400=DIRECTION('ref_axis',(1.,0.,0.));
#2401=DIRECTION('center_axis',(0.,0.,1.));
#2402=DIRECTION('ref_axis',(1.,0.,0.));
#2403=DIRECTION('center_axis',(0.,0.,-1.));
#2404=DIRECTION('ref_axis',(-1.,0.,0.));
#2405=DIRECTION('',(0.,0.,1.));
#2406=DIRECTION('axis',(0.,0.,1.));
#2407=DIRECTION('refdir',(1.,0.,0.));
#2408=DIRECTION('center_axis',(1.98679854084673E-16,0.,-1.));
#2409=DIRECTION('ref_axis',(-1.,0.,-1.98679854084673E-16));
#2410=DIRECTION('',(-1.,0.,-1.98679854084673E-16));
#2411=DIRECTION('',(0.,1.,0.));
#2412=DIRECTION('',(-1.,0.,-1.98679854084673E-16));
#2413=DIRECTION('',(0.,1.,0.));
#2414=DIRECTION('center_axis',(0.707106781186548,0.,-0.707106781186547));
#2415=DIRECTION('ref_axis',(-0.707106781186547,0.,-0.707106781186548));
#2416=DIRECTION('',(-0.707106781186547,0.,-0.707106781186548));
#2417=DIRECTION('',(0.,1.,0.));
#2418=DIRECTION('',(-0.707106781186547,0.,-0.707106781186548));
#2419=DIRECTION('center_axis',(-1.,0.,-1.98679854084673E-16));
#2420=DIRECTION('ref_axis',(-1.98679854084673E-16,0.,1.));
#2421=DIRECTION('',(-1.98679854084673E-16,0.,1.));
#2422=DIRECTION('',(0.,1.,0.));
#2423=DIRECTION('',(-1.98679854084673E-16,0.,1.));
#2424=DIRECTION('center_axis',(-0.707106781186548,0.,-0.707106781186547));
#2425=DIRECTION('ref_axis',(-0.707106781186547,0.,0.707106781186548));
#2426=DIRECTION('',(-0.707106781186547,0.,0.707106781186548));
#2427=DIRECTION('',(0.,1.,0.));
#2428=DIRECTION('',(-0.707106781186547,0.,0.707106781186548));
#2429=DIRECTION('center_axis',(9.93399270423368E-17,0.,-1.));
#2430=DIRECTION('ref_axis',(-1.,0.,-9.93399270423368E-17));
#2431=DIRECTION('',(-1.,0.,-9.93399270423368E-17));
#2432=DIRECTION('',(0.,1.,0.));
#2433=DIRECTION('',(-1.,0.,-9.93399270423368E-17));
#2434=DIRECTION('center_axis',(-0.707106781186548,0.,0.707106781186547));
#2435=DIRECTION('ref_axis',(0.707106781186547,0.,0.707106781186548));
#2436=DIRECTION('',(0.707106781186547,0.,0.707106781186548));
#2437=DIRECTION('',(0.,1.,0.));
#2438=DIRECTION('',(0.707106781186547,0.,0.707106781186548));
#2439=DIRECTION('center_axis',(-1.,0.,-1.98679854084673E-16));
#2440=DIRECTION('ref_axis',(-1.98679854084673E-16,0.,1.));
#2441=DIRECTION('',(-1.98679854084673E-16,0.,1.));
#2442=DIRECTION('',(0.,1.,0.));
#2443=DIRECTION('',(-1.98679854084673E-16,0.,1.));
#2444=DIRECTION('center_axis',(0.,1.,0.));
#2445=DIRECTION('ref_axis',(0.,0.,1.));
#2446=DIRECTION('center_axis',(0.,-1.,0.));
#2447=DIRECTION('ref_axis',(0.,0.,-1.));
#2448=DIRECTION('',(0.,1.,0.));
#2449=DIRECTION('center_axis',(0.,-1.,0.));
#2450=DIRECTION('ref_axis',(0.,0.,-1.));
#2451=DIRECTION('center_axis',(0.,1.,0.));
#2452=DIRECTION('ref_axis',(0.,0.,1.));
#2453=DIRECTION('center_axis',(0.,-1.,0.));
#2454=DIRECTION('ref_axis',(0.,0.,-1.));
#2455=DIRECTION('',(0.,1.,0.));
#2456=DIRECTION('center_axis',(0.,-1.,0.));
#2457=DIRECTION('ref_axis',(0.,0.,-1.));
#2458=DIRECTION('center_axis',(0.,1.,0.));
#2459=DIRECTION('ref_axis',(0.,0.,1.));
#2460=DIRECTION('center_axis',(0.,-1.,0.));
#2461=DIRECTION('ref_axis',(0.,0.,-1.));
#2462=DIRECTION('',(0.,1.,0.));
#2463=DIRECTION('center_axis',(0.,-1.,0.));
#2464=DIRECTION('ref_axis',(0.,0.,-1.));
#2465=DIRECTION('center_axis',(0.,1.,0.));
#2466=DIRECTION('ref_axis',(0.,0.,1.));
#2467=DIRECTION('center_axis',(0.,-1.,0.));
#2468=DIRECTION('ref_axis',(0.,0.,-1.));
#2469=DIRECTION('',(0.,1.,0.));
#2470=DIRECTION('center_axis',(0.,-1.,0.));
#2471=DIRECTION('ref_axis',(0.,0.,-1.));
#2472=DIRECTION('center_axis',(0.707106781186547,0.,0.707106781186548));
#2473=DIRECTION('ref_axis',(0.707106781186548,0.,-0.707106781186547));
#2474=DIRECTION('',(0.707106781186548,0.,-0.707106781186547));
#2475=DIRECTION('',(0.707106781186548,0.,-0.707106781186547));
#2476=DIRECTION('center_axis',(0.,-1.,0.));
#2477=DIRECTION('ref_axis',(1.,0.,0.));
#2478=DIRECTION('center_axis',(0.,-1.,0.));
#2479=DIRECTION('ref_axis',(0.,0.,-1.));
#2480=DIRECTION('center_axis',(0.,-1.,0.));
#2481=DIRECTION('ref_axis',(1.,0.,0.));
#2482=DIRECTION('center_axis',(0.,-1.,0.));
#2483=DIRECTION('ref_axis',(0.,0.,-1.));
#2484=DIRECTION('center_axis',(0.,-1.,0.));
#2485=DIRECTION('ref_axis',(0.,0.,-1.));
#2486=DIRECTION('',(0.,-1.,0.));
#2487=DIRECTION('axis',(0.,0.,1.));
#2488=DIRECTION('refdir',(1.,0.,0.));
#2489=DIRECTION('center_axis',(0.,0.,-1.));
#2490=DIRECTION('ref_axis',(-1.,0.,0.));
#2491=DIRECTION('center_axis',(0.,0.,1.));
#2492=DIRECTION('ref_axis',(1.,0.,0.));
#2493=DIRECTION('',(0.,0.,1.));
#2494=DIRECTION('center_axis',(0.,0.,1.));
#2495=DIRECTION('ref_axis',(1.,0.,0.));
#2496=DIRECTION('center_axis',(0.,0.,1.));
#2497=DIRECTION('ref_axis',(1.,0.,0.));
#2498=DIRECTION('center_axis',(0.,0.,-1.));
#2499=DIRECTION('ref_axis',(-1.,0.,0.));
#2500=DIRECTION('center_axis',(0.,0.,1.));
#2501=DIRECTION('ref_axis',(1.,0.,0.));
#2502=DIRECTION('center_axis',(0.,0.,1.));
#2503=DIRECTION('ref_axis',(1.,0.,0.));
#2504=DIRECTION('center_axis',(0.,0.,1.));
#2505=DIRECTION('ref_axis',(1.,0.,0.));
#2506=DIRECTION('',(-0.857167300702115,-1.04972719113862E-16,0.515038074910049));
#2507=DIRECTION('center_axis',(0.,0.,-1.));
#2508=DIRECTION('ref_axis',(-1.,0.,0.));
#2509=DIRECTION('center_axis',(0.,0.,-1.));
#2510=DIRECTION('ref_axis',(-1.,0.,0.));
#2511=DIRECTION('center_axis',(0.,0.,-1.));
#2512=DIRECTION('ref_axis',(-1.,0.,0.));
#2513=DIRECTION('',(0.,0.,-1.));
#2514=DIRECTION('center_axis',(0.,0.,-1.));
#2515=DIRECTION('ref_axis',(-1.,0.,0.));
#2516=DIRECTION('',(0.85716730070211,-1.04972719113862E-16,-0.515038074910058));
#2517=DIRECTION('center_axis',(0.,0.,1.));
#2518=DIRECTION('ref_axis',(1.,0.,0.));
#2519=DIRECTION('center_axis',(0.,0.,1.));
#2520=DIRECTION('ref_axis',(1.,0.,0.));
#2521=DIRECTION('center_axis',(0.,0.,1.));
#2522=DIRECTION('ref_axis',(1.,0.,0.));
#2523=DIRECTION('',(0.,0.,1.));
#2524=DIRECTION('axis',(0.,0.,1.));
#2525=DIRECTION('refdir',(1.,0.,0.));
#2526=DIRECTION('center_axis',(0.,0.,-1.));
#2527=DIRECTION('ref_axis',(1.83697019872103E-16,-1.,0.));
#2528=DIRECTION('',(-5.24863595569308E-17,0.85716730070211,-0.515038074910058));
#2529=DIRECTION('center_axis',(0.,0.,1.));
#2530=DIRECTION('ref_axis',(-1.83697019872103E-16,1.,0.));
#2531=DIRECTION('center_axis',(0.,0.,1.));
#2532=DIRECTION('ref_axis',(-1.83697019872103E-16,1.,0.));
#2533=DIRECTION('center_axis',(0.,0.,1.));
#2534=DIRECTION('ref_axis',(-1.83697019872103E-16,1.,0.));
#2535=DIRECTION('center_axis',(0.,0.,1.));
#2536=DIRECTION('ref_axis',(-1.83697019872103E-16,1.,0.));
#2537=DIRECTION('',(0.,0.,1.));
#2538=DIRECTION('center_axis',(0.,0.,-1.));
#2539=DIRECTION('ref_axis',(1.,1.22464679914735E-16,0.));
#2540=DIRECTION('',(-0.85716730070211,2.7340142285082E-31,-0.515038074910058));
#2541=DIRECTION('center_axis',(0.,0.,1.));
#2542=DIRECTION('ref_axis',(-1.,-1.22464679914735E-16,0.));
#2543=DIRECTION('center_axis',(0.,0.,1.));
#2544=DIRECTION('ref_axis',(-1.,-1.22464679914735E-16,0.));
#2545=DIRECTION('center_axis',(0.,0.,1.));
#2546=DIRECTION('ref_axis',(-1.,-1.22464679914735E-16,0.));
#2547=DIRECTION('center_axis',(0.,0.,1.));
#2548=DIRECTION('ref_axis',(-1.,-1.22464679914735E-16,0.));
#2549=DIRECTION('',(0.,0.,1.));
#2550=DIRECTION('center_axis',(0.,0.,-1.));
#2551=DIRECTION('ref_axis',(-6.12323399573677E-17,1.,0.));
#2552=DIRECTION('',(-5.24863595569307E-17,-0.85716730070211,-0.515038074910058));
#2553=DIRECTION('center_axis',(0.,0.,1.));
#2554=DIRECTION('ref_axis',(6.12323399573677E-17,-1.,0.));
#2555=DIRECTION('center_axis',(0.,0.,1.));
#2556=DIRECTION('ref_axis',(6.12323399573677E-17,-1.,0.));
#2557=DIRECTION('center_axis',(0.,0.,1.));
#2558=DIRECTION('ref_axis',(6.12323399573677E-17,-1.,0.));
#2559=DIRECTION('center_axis',(0.,0.,1.));
#2560=DIRECTION('ref_axis',(6.12323399573677E-17,-1.,0.));
#2561=DIRECTION('',(0.,0.,1.));
#2562=DIRECTION('center_axis',(0.,0.,-1.));
#2563=DIRECTION('ref_axis',(-1.,0.,0.));
#2564=DIRECTION('center_axis',(0.,0.,-1.));
#2565=DIRECTION('ref_axis',(-1.,0.,0.));
#2566=DIRECTION('center_axis',(0.,0.,-1.));
#2567=DIRECTION('ref_axis',(-1.,0.,0.));
#2568=DIRECTION('center_axis',(0.,0.,-1.));
#2569=DIRECTION('ref_axis',(-1.,0.,0.));
#2570=DIRECTION('center_axis',(0.,0.,-1.));
#2571=DIRECTION('ref_axis',(-1.,0.,0.));
#2572=DIRECTION('center_axis',(0.,0.,-1.));
#2573=DIRECTION('ref_axis',(-1.,0.,0.));
#2574=DIRECTION('center_axis',(0.,0.,-1.));
#2575=DIRECTION('ref_axis',(-1.,0.,0.));
#2576=DIRECTION('center_axis',(0.,0.,1.));
#2577=DIRECTION('ref_axis',(1.,0.,0.));
#2578=DIRECTION('center_axis',(0.,0.,1.));
#2579=DIRECTION('ref_axis',(1.,0.,0.));
#2580=DIRECTION('center_axis',(0.,0.,-1.));
#2581=DIRECTION('ref_axis',(-1.,0.,0.));
#2582=DIRECTION('center_axis',(0.,0.,1.));
#2583=DIRECTION('ref_axis',(1.,0.,0.));
#2584=DIRECTION('center_axis',(0.,0.,1.));
#2585=DIRECTION('ref_axis',(1.,0.,0.));
#2586=DIRECTION('center_axis',(0.,0.,-1.));
#2587=DIRECTION('ref_axis',(-1.,0.,0.));
#2588=DIRECTION('center_axis',(0.,0.,1.));
#2589=DIRECTION('ref_axis',(1.,0.,0.));
#2590=DIRECTION('center_axis',(0.,0.,1.));
#2591=DIRECTION('ref_axis',(1.,0.,0.));
#2592=DIRECTION('center_axis',(0.,0.,-1.));
#2593=DIRECTION('ref_axis',(-1.,0.,0.));
#2594=DIRECTION('center_axis',(0.,0.,1.));
#2595=DIRECTION('ref_axis',(1.,0.,0.));
#2596=DIRECTION('center_axis',(0.,0.,-1.));
#2597=DIRECTION('ref_axis',(-1.,0.,0.));
#2598=DIRECTION('center_axis',(0.,0.,1.));
#2599=DIRECTION('ref_axis',(1.,0.,0.));
#2600=DIRECTION('center_axis',(0.,0.,1.));
#2601=DIRECTION('ref_axis',(1.,0.,0.));
#2602=DIRECTION('center_axis',(0.,0.,1.));
#2603=DIRECTION('ref_axis',(1.,0.,0.));
#2604=DIRECTION('center_axis',(0.,0.,-1.));
#2605=DIRECTION('ref_axis',(-1.,0.,0.));
#2606=DIRECTION('center_axis',(0.,0.,1.));
#2607=DIRECTION('ref_axis',(1.,0.,0.));
#2608=DIRECTION('center_axis',(0.,0.,-1.));
#2609=DIRECTION('ref_axis',(-1.,0.,0.));
#2610=DIRECTION('center_axis',(0.,0.,1.));
#2611=DIRECTION('ref_axis',(1.,0.,0.));
#2612=DIRECTION('center_axis',(0.,0.,1.));
#2613=DIRECTION('ref_axis',(1.,0.,0.));
#2614=DIRECTION('center_axis',(0.,0.,1.));
#2615=DIRECTION('ref_axis',(1.,0.,0.));
#2616=DIRECTION('center_axis',(0.,0.,-1.));
#2617=DIRECTION('ref_axis',(-1.,0.,0.));
#2618=DIRECTION('center_axis',(0.,0.,1.));
#2619=DIRECTION('ref_axis',(1.,0.,0.));
#2620=DIRECTION('center_axis',(0.,0.,-1.));
#2621=DIRECTION('ref_axis',(-1.,0.,0.));
#2622=DIRECTION('center_axis',(0.,0.,1.));
#2623=DIRECTION('ref_axis',(1.,0.,0.));
#2624=DIRECTION('center_axis',(0.,0.,1.));
#2625=DIRECTION('ref_axis',(1.,0.,0.));
#2626=DIRECTION('center_axis',(0.,0.,1.));
#2627=DIRECTION('ref_axis',(1.,0.,0.));
#2628=DIRECTION('center_axis',(0.,0.,-1.));
#2629=DIRECTION('ref_axis',(-1.,0.,0.));
#2630=DIRECTION('center_axis',(0.,0.,1.));
#2631=DIRECTION('ref_axis',(1.,0.,0.));
#2632=DIRECTION('center_axis',(0.,0.,-1.));
#2633=DIRECTION('ref_axis',(-1.,0.,0.));
#2634=DIRECTION('center_axis',(0.,0.,1.));
#2635=DIRECTION('ref_axis',(1.,0.,0.));
#2636=DIRECTION('center_axis',(0.,0.,1.));
#2637=DIRECTION('ref_axis',(1.,0.,0.));
#2638=DIRECTION('center_axis',(0.,0.,1.));
#2639=DIRECTION('ref_axis',(1.,0.,0.));
#2640=DIRECTION('center_axis',(0.,0.,-1.));
#2641=DIRECTION('ref_axis',(-1.,0.,0.));
#2642=DIRECTION('center_axis',(0.,0.,1.));
#2643=DIRECTION('ref_axis',(1.,0.,0.));
#2644=DIRECTION('center_axis',(0.,0.,-1.));
#2645=DIRECTION('ref_axis',(-1.,0.,0.));
#2646=DIRECTION('center_axis',(0.,0.,1.));
#2647=DIRECTION('ref_axis',(1.,0.,0.));
#2648=DIRECTION('center_axis',(0.,0.,1.));
#2649=DIRECTION('ref_axis',(1.,0.,0.));
#2650=DIRECTION('center_axis',(0.,0.,-1.));
#2651=DIRECTION('ref_axis',(-1.,0.,0.));
#2652=DIRECTION('center_axis',(0.,0.,1.));
#2653=DIRECTION('ref_axis',(1.,0.,0.));
#2654=DIRECTION('center_axis',(0.,0.,1.));
#2655=DIRECTION('ref_axis',(1.,0.,0.));
#2656=DIRECTION('center_axis',(0.,0.,-1.));
#2657=DIRECTION('ref_axis',(-1.,0.,0.));
#2658=DIRECTION('center_axis',(0.,0.,1.));
#2659=DIRECTION('ref_axis',(1.,0.,0.));
#2660=DIRECTION('center_axis',(0.,0.,1.));
#2661=DIRECTION('ref_axis',(1.,0.,0.));
#2662=DIRECTION('center_axis',(0.,0.,-1.));
#2663=DIRECTION('ref_axis',(-1.,0.,0.));
#2664=DIRECTION('center_axis',(0.,0.,1.));
#2665=DIRECTION('ref_axis',(1.,0.,0.));
#2666=DIRECTION('center_axis',(0.,0.,1.));
#2667=DIRECTION('ref_axis',(1.,0.,0.));
#2668=DIRECTION('center_axis',(0.,0.,-1.));
#2669=DIRECTION('ref_axis',(-1.,0.,0.));
#2670=DIRECTION('center_axis',(0.,0.,1.));
#2671=DIRECTION('ref_axis',(1.,0.,0.));
#2672=DIRECTION('center_axis',(0.,0.,1.));
#2673=DIRECTION('ref_axis',(1.,0.,0.));
#2674=DIRECTION('center_axis',(0.,0.,1.));
#2675=DIRECTION('ref_axis',(1.,0.,0.));
#2676=DIRECTION('center_axis',(0.,0.,-1.));
#2677=DIRECTION('ref_axis',(-1.,0.,0.));
#2678=DIRECTION('center_axis',(0.,0.,-1.));
#2679=DIRECTION('ref_axis',(-1.,0.,0.));
#2680=DIRECTION('center_axis',(0.,0.,1.));
#2681=DIRECTION('ref_axis',(1.,0.,0.));
#2682=DIRECTION('center_axis',(0.,0.,-1.));
#2683=DIRECTION('ref_axis',(-1.,0.,0.));
#2684=DIRECTION('center_axis',(0.,0.,-1.));
#2685=DIRECTION('ref_axis',(-1.,0.,0.));
#2686=DIRECTION('center_axis',(0.,0.,-1.));
#2687=DIRECTION('ref_axis',(-1.,0.,0.));
#2688=DIRECTION('center_axis',(0.,0.,-1.));
#2689=DIRECTION('ref_axis',(-1.,0.,0.));
#2690=DIRECTION('',(0.,0.,-1.));
#2691=DIRECTION('center_axis',(0.,0.,1.));
#2692=DIRECTION('ref_axis',(1.,0.,0.));
#2693=DIRECTION('center_axis',(0.,0.,-1.));
#2694=DIRECTION('ref_axis',(-1.,0.,0.));
#2695=DIRECTION('center_axis',(0.,0.,1.));
#2696=DIRECTION('ref_axis',(1.,0.,0.));
#2697=DIRECTION('center_axis',(0.,0.,1.));
#2698=DIRECTION('ref_axis',(1.,0.,0.));
#2699=DIRECTION('center_axis',(0.,0.,-1.));
#2700=DIRECTION('ref_axis',(-1.,0.,0.));
#2701=DIRECTION('',(0.,0.,1.));
#2702=DIRECTION('center_axis',(0.,0.,1.));
#2703=DIRECTION('ref_axis',(1.,0.,0.));
#2704=DIRECTION('',(0.,0.,1.));
#2705=DIRECTION('center_axis',(0.,0.,1.));
#2706=DIRECTION('ref_axis',(1.,0.,0.));
#2707=DIRECTION('center_axis',(0.,0.,1.));
#2708=DIRECTION('ref_axis',(1.,0.,0.));
#2709=DIRECTION('',(0.,0.,1.));
#2710=DIRECTION('center_axis',(0.,0.,1.));
#2711=DIRECTION('ref_axis',(1.,0.,0.));
#2712=DIRECTION('center_axis',(0.,0.,1.));
#2713=DIRECTION('ref_axis',(1.,0.,0.));
#2714=DIRECTION('',(0.,0.,1.));
#2715=DIRECTION('center_axis',(0.,0.,1.));
#2716=DIRECTION('ref_axis',(1.,0.,0.));
#2717=DIRECTION('center_axis',(0.,0.,1.));
#2718=DIRECTION('ref_axis',(1.,0.,0.));
#2719=DIRECTION('',(0.,0.,1.));
#2720=DIRECTION('center_axis',(0.,0.,1.));
#2721=DIRECTION('ref_axis',(1.,0.,0.));
#2722=DIRECTION('center_axis',(0.,0.,1.));
#2723=DIRECTION('ref_axis',(1.,0.,0.));
#2724=DIRECTION('',(0.,0.,1.));
#2725=DIRECTION('center_axis',(0.,0.,1.));
#2726=DIRECTION('ref_axis',(1.,0.,0.));
#2727=DIRECTION('center_axis',(0.,0.,1.));
#2728=DIRECTION('ref_axis',(1.,0.,0.));
#2729=DIRECTION('',(0.,0.,1.));
#2730=DIRECTION('center_axis',(0.,0.,1.));
#2731=DIRECTION('ref_axis',(1.,0.,0.));
#2732=DIRECTION('center_axis',(0.,0.,1.));
#2733=DIRECTION('ref_axis',(1.,0.,0.));
#2734=DIRECTION('',(0.,0.,1.));
#2735=DIRECTION('center_axis',(0.,0.,1.));
#2736=DIRECTION('ref_axis',(1.,0.,0.));
#2737=DIRECTION('center_axis',(0.,0.,1.));
#2738=DIRECTION('ref_axis',(1.,0.,0.));
#2739=DIRECTION('',(0.,0.,1.));
#2740=DIRECTION('center_axis',(0.,0.,1.));
#2741=DIRECTION('ref_axis',(1.,0.,0.));
#2742=DIRECTION('center_axis',(0.,0.,-1.));
#2743=DIRECTION('ref_axis',(-1.,0.,0.));
#2744=DIRECTION('center_axis',(0.,0.,-1.));
#2745=DIRECTION('ref_axis',(-1.,0.,0.));
#2746=DIRECTION('',(0.,0.,1.));
#2747=DIRECTION('center_axis',(0.,0.,-1.));
#2748=DIRECTION('ref_axis',(-1.,0.,0.));
#2749=DIRECTION('center_axis',(0.,0.,-1.));
#2750=DIRECTION('ref_axis',(-1.,0.,0.));
#2751=DIRECTION('center_axis',(0.,0.,-1.));
#2752=DIRECTION('ref_axis',(-1.,0.,0.));
#2753=DIRECTION('center_axis',(0.,0.,-1.));
#2754=DIRECTION('ref_axis',(-1.,0.,0.));
#2755=DIRECTION('center_axis',(0.,0.,-1.));
#2756=DIRECTION('ref_axis',(-1.,0.,0.));
#2757=DIRECTION('center_axis',(0.,0.,-1.));
#2758=DIRECTION('ref_axis',(-1.,0.,0.));
#2759=DIRECTION('center_axis',(0.,0.,-1.));
#2760=DIRECTION('ref_axis',(-1.,0.,0.));
#2761=DIRECTION('center_axis',(0.,0.,1.));
#2762=DIRECTION('ref_axis',(1.,0.,0.));
#2763=DIRECTION('center_axis',(0.,0.,-1.));
#2764=DIRECTION('ref_axis',(-1.,0.,0.));
#2765=DIRECTION('center_axis',(0.,0.,-1.));
#2766=DIRECTION('ref_axis',(-1.,0.,0.));
#2767=DIRECTION('',(0.,0.,-1.));
#2768=DIRECTION('center_axis',(0.,0.,1.));
#2769=DIRECTION('ref_axis',(1.,0.,0.));
#2770=DIRECTION('center_axis',(0.,0.,1.));
#2771=DIRECTION('ref_axis',(1.,0.,0.));
#2772=DIRECTION('center_axis',(0.,0.,-1.));
#2773=DIRECTION('ref_axis',(-1.,0.,0.));
#2774=DIRECTION('',(0.,0.,1.));
#2775=DIRECTION('center_axis',(0.,0.,1.));
#2776=DIRECTION('ref_axis',(1.,0.,0.));
#2777=DIRECTION('center_axis',(0.,0.,-1.));
#2778=DIRECTION('ref_axis',(-1.,0.,0.));
#2779=DIRECTION('',(0.,0.,1.));
#2780=DIRECTION('center_axis',(0.,0.,1.));
#2781=DIRECTION('ref_axis',(1.,0.,0.));
#2782=DIRECTION('',(0.,0.,-1.));
#2783=DIRECTION('center_axis',(0.,0.,-1.));
#2784=DIRECTION('ref_axis',(-1.,0.,0.));
#2785=DIRECTION('center_axis',(0.,0.,1.));
#2786=DIRECTION('ref_axis',(1.,0.,0.));
#2787=DIRECTION('',(0.,0.,-1.));
#2788=DIRECTION('center_axis',(0.,0.,-1.));
#2789=DIRECTION('ref_axis',(-1.,0.,0.));
#2790=DIRECTION('center_axis',(0.,0.,-1.));
#2791=DIRECTION('ref_axis',(1.,0.,0.));
#2792=DIRECTION('center_axis',(0.,0.,-1.));
#2793=DIRECTION('ref_axis',(1.,0.,0.));
#2794=DIRECTION('center_axis',(0.,0.,-1.));
#2795=DIRECTION('ref_axis',(-1.,0.,0.));
#2796=DIRECTION('',(0.85716730070211,-1.04972719113862E-16,-0.515038074910058));
#2797=DIRECTION('center_axis',(0.,0.,1.));
#2798=DIRECTION('ref_axis',(1.,0.,0.));
#2799=DIRECTION('center_axis',(0.,0.,1.));
#2800=DIRECTION('ref_axis',(1.,0.,0.));
#2801=DIRECTION('center_axis',(0.,0.,1.));
#2802=DIRECTION('ref_axis',(1.,0.,0.));
#2803=DIRECTION('',(0.,0.,1.));
#2804=DIRECTION('axis',(0.,0.,1.));
#2805=DIRECTION('refdir',(1.,0.,0.));
#2806=DIRECTION('center_axis',(0.,0.,-1.));
#2807=DIRECTION('ref_axis',(-1.,0.,0.));
#2808=DIRECTION('center_axis',(0.,0.,-1.));
#2809=DIRECTION('ref_axis',(-1.,0.,0.));
#2810=DIRECTION('',(0.,0.,1.));
#2811=DIRECTION('center_axis',(0.,0.,1.));
#2812=DIRECTION('ref_axis',(1.,0.,0.));
#2813=DIRECTION('center_axis',(0.,0.,1.));
#2814=DIRECTION('ref_axis',(1.,0.,0.));
#2815=DIRECTION('center_axis',(0.,0.,1.));
#2816=DIRECTION('ref_axis',(1.,0.,0.));
#2817=DIRECTION('center_axis',(0.,0.,1.));
#2818=DIRECTION('ref_axis',(1.,0.,0.));
#2819=DIRECTION('center_axis',(0.,0.,-1.));
#2820=DIRECTION('ref_axis',(-1.,0.,0.));
#2821=DIRECTION('center_axis',(0.,0.,-1.));
#2822=DIRECTION('ref_axis',(-1.,0.,0.));
#2823=DIRECTION('center_axis',(0.,0.,-1.));
#2824=DIRECTION('ref_axis',(-1.,0.,0.));
#2825=DIRECTION('center_axis',(0.,0.,-1.));
#2826=DIRECTION('ref_axis',(-1.,0.,0.));
#2827=DIRECTION('center_axis',(0.,0.,-1.));
#2828=DIRECTION('ref_axis',(-1.,0.,0.));
#2829=DIRECTION('center_axis',(0.,0.,-1.));
#2830=DIRECTION('ref_axis',(-1.,0.,0.));
#2831=DIRECTION('center_axis',(0.,0.,-1.));
#2832=DIRECTION('ref_axis',(-1.,0.,0.));
#2833=DIRECTION('center_axis',(0.,0.,1.));
#2834=DIRECTION('ref_axis',(1.,0.,0.));
#2835=DIRECTION('center_axis',(0.,0.,1.));
#2836=DIRECTION('ref_axis',(1.,0.,0.));
#2837=DIRECTION('center_axis',(0.,0.,1.));
#2838=DIRECTION('ref_axis',(1.,0.,0.));
#2839=DIRECTION('',(0.,0.,-1.));
#2840=DIRECTION('center_axis',(0.,0.,1.));
#2841=DIRECTION('ref_axis',(1.,0.,0.));
#2842=DIRECTION('center_axis',(0.,0.,1.));
#2843=DIRECTION('ref_axis',(1.,0.,0.));
#2844=DIRECTION('center_axis',(0.,0.,1.));
#2845=DIRECTION('ref_axis',(1.,0.,0.));
#2846=DIRECTION('',(0.,0.,1.));
#2847=DIRECTION('center_axis',(0.,0.,1.));
#2848=DIRECTION('ref_axis',(1.,0.,0.));
#2849=DIRECTION('center_axis',(0.,0.,-1.));
#2850=DIRECTION('ref_axis',(-1.,0.,0.));
#2851=DIRECTION('center_axis',(0.,0.,-1.));
#2852=DIRECTION('ref_axis',(-1.,0.,0.));
#2853=DIRECTION('center_axis',(0.,0.,-1.));
#2854=DIRECTION('ref_axis',(-1.,0.,0.));
#2855=DIRECTION('center_axis',(0.,0.,-1.));
#2856=DIRECTION('ref_axis',(-1.,0.,0.));
#2857=DIRECTION('center_axis',(0.,0.,1.));
#2858=DIRECTION('ref_axis',(1.,0.,0.));
#2859=DIRECTION('center_axis',(0.,0.,1.));
#2860=DIRECTION('ref_axis',(1.,0.,0.));
#2861=DIRECTION('center_axis',(0.,0.,1.));
#2862=DIRECTION('ref_axis',(1.,0.,0.));
#2863=DIRECTION('center_axis',(0.,0.,1.));
#2864=DIRECTION('ref_axis',(1.,0.,0.));
#2865=DIRECTION('center_axis',(0.,0.,1.));
#2866=DIRECTION('ref_axis',(1.,0.,0.));
#2867=DIRECTION('',(0.,0.,1.));
#2868=DIRECTION('center_axis',(0.,0.,-1.));
#2869=DIRECTION('ref_axis',(-1.,0.,0.));
#2870=DIRECTION('',(0.,0.,1.));
#2871=DIRECTION('center_axis',(0.,0.,-1.));
#2872=DIRECTION('ref_axis',(-1.,0.,0.));
#2873=DIRECTION('center_axis',(0.,0.,-1.));
#2874=DIRECTION('ref_axis',(1.,0.,0.));
#2875=DIRECTION('center_axis',(0.,0.,-1.));
#2876=DIRECTION('ref_axis',(-1.,0.,0.));
#2877=DIRECTION('',(0.,0.,-1.));
#2878=DIRECTION('center_axis',(0.,0.,-1.));
#2879=DIRECTION('ref_axis',(-1.,0.,0.));
#2880=DIRECTION('',(0.,0.,-1.));
#2881=DIRECTION('center_axis',(0.,0.,-1.));
#2882=DIRECTION('ref_axis',(-1.,0.,0.));
#2883=DIRECTION('',(0.,0.,-1.));
#2884=DIRECTION('center_axis',(0.,0.,-1.));
#2885=DIRECTION('ref_axis',(-1.,0.,0.));
#2886=DIRECTION('',(0.,0.,-1.));
#2887=DIRECTION('center_axis',(0.,0.,-1.));
#2888=DIRECTION('ref_axis',(-1.,0.,0.));
#2889=DIRECTION('',(0.,0.,-1.));
#2890=DIRECTION('center_axis',(0.,0.,-1.));
#2891=DIRECTION('ref_axis',(-1.,0.,0.));
#2892=DIRECTION('',(0.,0.,-1.));
#2893=DIRECTION('axis',(0.,0.,1.));
#2894=DIRECTION('refdir',(1.,0.,0.));
#2895=DIRECTION('center_axis',(1.98679854084673E-16,0.,-1.));
#2896=DIRECTION('ref_axis',(-1.,0.,-1.98679854084673E-16));
#2897=DIRECTION('',(-1.,0.,-1.98679854084673E-16));
#2898=DIRECTION('',(0.,1.,0.));
#2899=DIRECTION('',(-1.,0.,-1.98679854084673E-16));
#2900=DIRECTION('',(0.,1.,0.));
#2901=DIRECTION('center_axis',(0.707106781186548,0.,-0.707106781186547));
#2902=DIRECTION('ref_axis',(-0.707106781186547,0.,-0.707106781186548));
#2903=DIRECTION('',(-0.707106781186547,0.,-0.707106781186548));
#2904=DIRECTION('',(0.,1.,0.));
#2905=DIRECTION('',(-0.707106781186547,0.,-0.707106781186548));
#2906=DIRECTION('center_axis',(-1.,0.,-1.98679854084673E-16));
#2907=DIRECTION('ref_axis',(-1.98679854084673E-16,0.,1.));
#2908=DIRECTION('',(-1.98679854084673E-16,0.,1.));
#2909=DIRECTION('',(0.,1.,0.));
#2910=DIRECTION('',(-1.98679854084673E-16,0.,1.));
#2911=DIRECTION('center_axis',(-0.707106781186548,0.,-0.707106781186547));
#2912=DIRECTION('ref_axis',(-0.707106781186547,0.,0.707106781186548));
#2913=DIRECTION('',(-0.707106781186547,0.,0.707106781186548));
#2914=DIRECTION('',(0.,1.,0.));
#2915=DIRECTION('',(-0.707106781186547,0.,0.707106781186548));
#2916=DIRECTION('center_axis',(9.93399270423368E-17,0.,-1.));
#2917=DIRECTION('ref_axis',(-1.,0.,-9.93399270423368E-17));
#2918=DIRECTION('',(-1.,0.,-9.93399270423368E-17));
#2919=DIRECTION('',(0.,1.,0.));
#2920=DIRECTION('',(-1.,0.,-9.93399270423368E-17));
#2921=DIRECTION('center_axis',(-0.707106781186548,0.,0.707106781186547));
#2922=DIRECTION('ref_axis',(0.707106781186547,0.,0.707106781186548));
#2923=DIRECTION('',(0.707106781186547,0.,0.707106781186548));
#2924=DIRECTION('',(0.,1.,0.));
#2925=DIRECTION('',(0.707106781186547,0.,0.707106781186548));
#2926=DIRECTION('center_axis',(-1.,0.,-1.98679854084673E-16));
#2927=DIRECTION('ref_axis',(-1.98679854084673E-16,0.,1.));
#2928=DIRECTION('',(-1.98679854084673E-16,0.,1.));
#2929=DIRECTION('',(0.,1.,0.));
#2930=DIRECTION('',(-1.98679854084673E-16,0.,1.));
#2931=DIRECTION('center_axis',(0.,1.,0.));
#2932=DIRECTION('ref_axis',(0.,0.,1.));
#2933=DIRECTION('center_axis',(0.,-1.,0.));
#2934=DIRECTION('ref_axis',(0.,0.,-1.));
#2935=DIRECTION('',(0.,1.,0.));
#2936=DIRECTION('center_axis',(0.,-1.,0.));
#2937=DIRECTION('ref_axis',(0.,0.,-1.));
#2938=DIRECTION('center_axis',(0.,1.,0.));
#2939=DIRECTION('ref_axis',(0.,0.,1.));
#2940=DIRECTION('center_axis',(0.,-1.,0.));
#2941=DIRECTION('ref_axis',(0.,0.,-1.));
#2942=DIRECTION('',(0.,1.,0.));
#2943=DIRECTION('center_axis',(0.,-1.,0.));
#2944=DIRECTION('ref_axis',(0.,0.,-1.));
#2945=DIRECTION('center_axis',(0.,1.,0.));
#2946=DIRECTION('ref_axis',(0.,0.,1.));
#2947=DIRECTION('center_axis',(0.,-1.,0.));
#2948=DIRECTION('ref_axis',(0.,0.,-1.));
#2949=DIRECTION('',(0.,1.,0.));
#2950=DIRECTION('center_axis',(0.,-1.,0.));
#2951=DIRECTION('ref_axis',(0.,0.,-1.));
#2952=DIRECTION('center_axis',(0.,1.,0.));
#2953=DIRECTION('ref_axis',(0.,0.,1.));
#2954=DIRECTION('center_axis',(0.,-1.,0.));
#2955=DIRECTION('ref_axis',(0.,0.,-1.));
#2956=DIRECTION('',(0.,1.,0.));
#2957=DIRECTION('center_axis',(0.,-1.,0.));
#2958=DIRECTION('ref_axis',(0.,0.,-1.));
#2959=DIRECTION('center_axis',(0.,1.,0.));
#2960=DIRECTION('ref_axis',(0.,0.,1.));
#2961=DIRECTION('center_axis',(0.,-1.,0.));
#2962=DIRECTION('ref_axis',(0.,0.,-1.));
#2963=DIRECTION('',(0.,1.,0.));
#2964=DIRECTION('center_axis',(0.,-1.,0.));
#2965=DIRECTION('ref_axis',(0.,0.,-1.));
#2966=DIRECTION('center_axis',(0.707106781186547,0.,0.707106781186548));
#2967=DIRECTION('ref_axis',(0.707106781186548,0.,-0.707106781186547));
#2968=DIRECTION('',(0.707106781186548,0.,-0.707106781186548));
#2969=DIRECTION('',(0.707106781186548,0.,-0.707106781186548));
#2970=DIRECTION('center_axis',(0.,-1.,0.));
#2971=DIRECTION('ref_axis',(1.,0.,0.));
#2972=DIRECTION('center_axis',(0.,1.,0.));
#2973=DIRECTION('ref_axis',(0.,0.,1.));
#2974=DIRECTION('center_axis',(0.,1.,0.));
#2975=DIRECTION('ref_axis',(0.,0.,1.));
#2976=DIRECTION('center_axis',(0.,1.,0.));
#2977=DIRECTION('ref_axis',(0.,0.,1.));
#2978=DIRECTION('center_axis',(0.,1.,0.));
#2979=DIRECTION('ref_axis',(0.,0.,1.));
#2980=DIRECTION('center_axis',(0.,-1.,0.));
#2981=DIRECTION('ref_axis',(0.,0.,-1.));
#2982=DIRECTION('center_axis',(0.,-1.,0.));
#2983=DIRECTION('ref_axis',(0.,0.,-1.));
#2984=DIRECTION('center_axis',(0.,-1.,0.));
#2985=DIRECTION('ref_axis',(0.,0.,-1.));
#2986=DIRECTION('center_axis',(0.,-1.,0.));
#2987=DIRECTION('ref_axis',(0.,0.,-1.));
#2988=DIRECTION('center_axis',(0.,-1.,0.));
#2989=DIRECTION('ref_axis',(1.,0.,0.));
#2990=DIRECTION('center_axis',(0.,1.,0.));
#2991=DIRECTION('ref_axis',(0.,0.,1.));
#2992=DIRECTION('center_axis',(0.,1.,0.));
#2993=DIRECTION('ref_axis',(0.,0.,1.));
#2994=DIRECTION('center_axis',(0.,1.,0.));
#2995=DIRECTION('ref_axis',(0.,0.,1.));
#2996=DIRECTION('center_axis',(0.,1.,0.));
#2997=DIRECTION('ref_axis',(0.,0.,1.));
#2998=DIRECTION('center_axis',(0.,1.,0.));
#2999=DIRECTION('ref_axis',(0.,0.,1.));
#3000=DIRECTION('center_axis',(0.,1.,0.));
#3001=DIRECTION('ref_axis',(0.,0.,1.));
#3002=DIRECTION('center_axis',(0.,-1.,0.));
#3003=DIRECTION('ref_axis',(0.,0.,-1.));
#3004=DIRECTION('center_axis',(0.,-1.,0.));
#3005=DIRECTION('ref_axis',(0.,0.,-1.));
#3006=DIRECTION('center_axis',(0.,-1.,0.));
#3007=DIRECTION('ref_axis',(0.,0.,-1.));
#3008=DIRECTION('',(0.,-1.,0.));
#3009=DIRECTION('center_axis',(0.,-1.,0.));
#3010=DIRECTION('ref_axis',(0.,0.,-1.));
#3011=DIRECTION('',(0.,-1.,0.));
#3012=DIRECTION('center_axis',(0.,1.,0.));
#3013=DIRECTION('ref_axis',(0.,0.,1.));
#3014=DIRECTION('',(0.,1.,0.));
#3015=DIRECTION('center_axis',(0.,1.,0.));
#3016=DIRECTION('ref_axis',(0.,0.,1.));
#3017=DIRECTION('',(0.,1.,0.));
#3018=DIRECTION('center_axis',(0.,1.,0.));
#3019=DIRECTION('ref_axis',(0.,0.,1.));
#3020=DIRECTION('',(0.,1.,0.));
#3021=DIRECTION('center_axis',(0.,1.,0.));
#3022=DIRECTION('ref_axis',(0.,0.,1.));
#3023=DIRECTION('',(0.,1.,0.));
#3024=DIRECTION('center_axis',(0.,1.,0.));
#3025=DIRECTION('ref_axis',(0.,0.,1.));
#3026=DIRECTION('',(0.,1.,0.));
#3027=DIRECTION('center_axis',(0.,1.,0.));
#3028=DIRECTION('ref_axis',(0.,0.,1.));
#3029=DIRECTION('',(0.,1.,0.));
#3030=DIRECTION('',(0.,-1.,0.));
#3031=DIRECTION('',(1.,0.,0.));
#3032=DIRECTION('',(0.,1.,0.));
#3033=DIRECTION('',(1.,0.,0.));
#3034=DIRECTION('',(0.,-1.,0.));
#3035=DIRECTION('',(1.,0.,0.));
#3036=DIRECTION('',(0.,1.,0.));
#3037=DIRECTION('',(1.,0.,0.));
#3038=DIRECTION('',(0.,0.,1.));
#3039=DIRECTION('',(1.,0.,0.));
#3040=DIRECTION('',(0.,-1.,0.));
#3041=DIRECTION('',(1.,0.,0.));
#3042=DIRECTION('',(0.,-1.,0.));
#3043=DIRECTION('',(1.,0.,0.));
#3044=DIRECTION('',(0.,-1.,0.));
#3045=DIRECTION('',(1.,0.,0.));
#3046=DIRECTION('',(0.,0.,1.));
#3047=DIRECTION('',(1.,0.,0.));
#3048=CARTESIAN_POINT('',(0.,0.,0.));
#3049=CARTESIAN_POINT('',(0.,0.,0.));
#3050=CARTESIAN_POINT('Origin',(0.,0.,0.));
#3051=CARTESIAN_POINT('',(0.015875,-2.91619019046964E-18,0.));
#3052=CARTESIAN_POINT('Origin',(0.,-9.72063396823212E-19,0.));
#3053=CARTESIAN_POINT('',(-0.0025527,-3.12615588418345E-19,0.));
#3054=CARTESIAN_POINT('Origin',(0.,0.,0.));
#3055=CARTESIAN_POINT('Origin',(0.,0.,0.0080000094));
#3056=CARTESIAN_POINT('',(0.,0.,0.00953382630219165));
#3057=CARTESIAN_POINT('',(0.0025527,0.,0.0080000094));
#3058=CARTESIAN_POINT('',(0.0025527,-3.12615588418345E-19,0.0080000094));
#3059=CARTESIAN_POINT('',(-0.0025527,-3.12615588418345E-19,0.0080000094));
#3060=CARTESIAN_POINT('Origin',(0.,0.,0.0080000094));
#3061=CARTESIAN_POINT('Origin',(0.,0.,0.0080000094));
#3062=CARTESIAN_POINT('Origin',(0.,0.,0.));
#3063=CARTESIAN_POINT('',(-0.0025527,-3.12615588418345E-19,0.));
#3064=CARTESIAN_POINT('Origin',(0.,-9.72063396823212E-19,0.1016));
#3065=CARTESIAN_POINT('',(0.015875,-2.91619019046964E-18,0.1016));
#3066=CARTESIAN_POINT('',(0.015875,-2.91619019046964E-18,0.1016));
#3067=CARTESIAN_POINT('Origin',(0.,-9.72063396823212E-19,0.1016));
#3068=CARTESIAN_POINT('Origin',(0.,0.,0.1016));
#3069=CARTESIAN_POINT('',(0.0307975,1.88580298983703E-18,0.1016));
#3070=CARTESIAN_POINT('Origin',(0.,1.88580298983703E-18,0.1016));
#3071=CARTESIAN_POINT('Origin',(0.,0.,0.111125));
#3072=CARTESIAN_POINT('',(0.0307975,1.88580298983703E-18,0.111125));
#3073=CARTESIAN_POINT('Origin',(0.,1.88580298983703E-18,0.111125));
#3074=CARTESIAN_POINT('Origin',(0.,1.88580298983703E-18,0.1016));
#3075=CARTESIAN_POINT('',(0.0307975,-1.88580298983703E-18,0.1016));
#3076=CARTESIAN_POINT('',(0.,0.,0.));
#3077=CARTESIAN_POINT('Origin',(-1.38777878078145E-17,-0.009525,0.09525));
#3078=CARTESIAN_POINT('',(0.06985,0.,0.09525));
#3079=CARTESIAN_POINT('',(-0.06985,0.,0.09525));
#3080=CARTESIAN_POINT('',(-1.38777878078145E-17,0.,0.09525));
#3081=CARTESIAN_POINT('',(-0.06985,-0.009525,0.09525));
#3082=CARTESIAN_POINT('',(-0.06985,-0.009525,0.09525));
#3083=CARTESIAN_POINT('',(0.06985,-0.009525,0.09525));
#3084=CARTESIAN_POINT('',(-1.38777878078145E-17,-0.009525,0.09525));
#3085=CARTESIAN_POINT('',(0.06985,-0.009525,0.09525));
#3086=CARTESIAN_POINT('Origin',(-0.08255,-0.009525,0.08255));
#3087=CARTESIAN_POINT('',(-0.09525,0.,0.06985));
#3088=CARTESIAN_POINT('',(-0.08255,0.,0.08255));
#3089=CARTESIAN_POINT('',(-0.09525,-0.009525,0.06985));
#3090=CARTESIAN_POINT('',(-0.09525,-0.009525,0.06985));
#3091=CARTESIAN_POINT('',(-0.08255,-0.009525,0.08255));
#3092=CARTESIAN_POINT('Origin',(-0.09525,-0.009525,0.));
#3093=CARTESIAN_POINT('',(-0.09525,0.,-0.06985));
#3094=CARTESIAN_POINT('',(-0.09525,0.,0.));
#3095=CARTESIAN_POINT('',(-0.09525,-0.009525,-0.06985));
#3096=CARTESIAN_POINT('',(-0.09525,-0.009525,-0.06985));
#3097=CARTESIAN_POINT('',(-0.09525,-0.009525,0.));
#3098=CARTESIAN_POINT('Origin',(-0.08255,-0.009525,-0.08255));
#3099=CARTESIAN_POINT('',(-0.06985,0.,-0.09525));
#3100=CARTESIAN_POINT('',(-0.08255,0.,-0.08255));
#3101=CARTESIAN_POINT('',(-0.06985,-0.009525,-0.09525));
#3102=CARTESIAN_POINT('',(-0.06985,-0.009525,-0.09525));
#3103=CARTESIAN_POINT('',(-0.08255,-0.009525,-0.08255));
#3104=CARTESIAN_POINT('Origin',(2.77555756156289E-17,-0.009525,-0.09525));
#3105=CARTESIAN_POINT('',(0.06985,0.,-0.09525));
#3106=CARTESIAN_POINT('',(2.77555756156289E-17,0.,-0.09525));
#3107=CARTESIAN_POINT('',(0.06985,-0.009525,-0.09525));
#3108=CARTESIAN_POINT('',(0.06985,-0.009525,-0.09525));
#3109=CARTESIAN_POINT('',(2.77555756156289E-17,-0.009525,-0.09525));
#3110=CARTESIAN_POINT('Origin',(0.08255,-0.009525,-0.08255));
#3111=CARTESIAN_POINT('',(0.09525,0.,-0.06985));
#3112=CARTESIAN_POINT('',(0.08255,0.,-0.08255));
#3113=CARTESIAN_POINT('',(0.09525,-0.009525,-0.06985));
#3114=CARTESIAN_POINT('',(0.09525,-0.009525,-0.06985));
#3115=CARTESIAN_POINT('',(0.08255,-0.009525,-0.08255));
#3116=CARTESIAN_POINT('Origin',(0.09525,-0.009525,2.77555756156289E-17));
#3117=CARTESIAN_POINT('',(0.09525,0.,0.06985));
#3118=CARTESIAN_POINT('',(0.09525,0.,2.77555756156289E-17));
#3119=CARTESIAN_POINT('',(0.09525,-0.009525,0.06985));
#3120=CARTESIAN_POINT('',(0.09525,-0.009525,0.06985));
#3121=CARTESIAN_POINT('',(0.09525,-0.009525,2.77555756156289E-17));
#3122=CARTESIAN_POINT('Origin',(-0.0635,-0.009525,0.0635));
#3123=CARTESIAN_POINT('',(-0.0635,-0.009525,0.0599313));
#3124=CARTESIAN_POINT('Origin',(-0.0635,-0.009525,0.0635));
#3125=CARTESIAN_POINT('',(-0.0635,0.,0.0599313));
#3126=CARTESIAN_POINT('',(-0.0635,-0.009525,0.0599313));
#3127=CARTESIAN_POINT('Origin',(-0.0635,0.,0.0635));
#3128=CARTESIAN_POINT('Origin',(0.0635,-0.009525,0.0635));
#3129=CARTESIAN_POINT('',(0.0635,-0.009525,0.0599313));
#3130=CARTESIAN_POINT('Origin',(0.0635,-0.009525,0.0635));
#3131=CARTESIAN_POINT('',(0.0635,0.,0.0599313));
#3132=CARTESIAN_POINT('',(0.0635,-0.009525,0.0599313));
#3133=CARTESIAN_POINT('Origin',(0.0635,0.,0.0635));
#3134=CARTESIAN_POINT('Origin',(0.0635,-0.009525,-0.0635));
#3135=CARTESIAN_POINT('',(0.0635,-0.009525,-0.0670687));
#3136=CARTESIAN_POINT('Origin',(0.0635,-0.009525,-0.0635));
#3137=CARTESIAN_POINT('',(0.0635,0.,-0.0670687));
#3138=CARTESIAN_POINT('',(0.0635,-0.009525,-0.0670687));
#3139=CARTESIAN_POINT('Origin',(0.0635,0.,-0.0635));
#3140=CARTESIAN_POINT('Origin',(-0.0635,-0.009525,-0.0635));
#3141=CARTESIAN_POINT('',(-0.0635,-0.009525,-0.0670687));
#3142=CARTESIAN_POINT('Origin',(-0.0635,-0.009525,-0.0635));
#3143=CARTESIAN_POINT('',(-0.0635,0.,-0.0670687));
#3144=CARTESIAN_POINT('',(-0.0635,-0.009525,-0.0670687));
#3145=CARTESIAN_POINT('Origin',(-0.0635,0.,-0.0635));
#3146=CARTESIAN_POINT('Origin',(0.08255,-0.009525,0.08255));
#3147=CARTESIAN_POINT('',(0.08255,0.,0.08255));
#3148=CARTESIAN_POINT('',(0.08255,-0.009525,0.08255));
#3149=CARTESIAN_POINT('Origin',(0.,-0.009525,0.));
#3150=CARTESIAN_POINT('',(-6.80444377776248E-18,-0.009525,0.0555625));
#3151=CARTESIAN_POINT('Origin',(0.,-0.009525,3.40222188888124E-18));
#3152=CARTESIAN_POINT('Origin',(0.,0.,0.));
#3153=CARTESIAN_POINT('',(-6.80444377776248E-18,0.,0.0555625));
#3154=CARTESIAN_POINT('Origin',(0.,0.,3.40222188888124E-18));
#3155=CARTESIAN_POINT('Origin',(0.,0.045593,3.40222188888124E-18));
#3156=CARTESIAN_POINT('',(-6.80444377776248E-18,0.045593,0.0555625));
#3157=CARTESIAN_POINT('',(0.,0.,0.));
#3158=CARTESIAN_POINT('Origin',(0.,9.72063396823212E-19,0.1016));
#3159=CARTESIAN_POINT('',(0.015875,9.72063396823212E-19,0.));
#3160=CARTESIAN_POINT('Origin',(0.,9.72063396823212E-19,0.));
#3161=CARTESIAN_POINT('',(0.015875,9.72063396823212E-19,0.1016));
#3162=CARTESIAN_POINT('',(0.015875,-9.72063396823211E-19,0.1016));
#3163=CARTESIAN_POINT('Origin',(0.,9.72063396823212E-19,0.1016));
#3164=CARTESIAN_POINT('Origin',(0.,0.,0.1016));
#3165=CARTESIAN_POINT('',(0.0025527,8.53860487769505E-19,0.1016));
#3166=CARTESIAN_POINT('Origin',(0.,1.16647607618785E-18,0.1016));
#3167=CARTESIAN_POINT('Origin',(0.,0.,0.));
#3168=CARTESIAN_POINT('',(-0.0025527,-3.12615588418345E-19,0.));
#3169=CARTESIAN_POINT('Origin',(0.,0.,0.));
#3170=CARTESIAN_POINT('Origin',(0.,1.16647607618785E-18,0.0935999906));
#3171=CARTESIAN_POINT('',(0.,1.16647607618785E-18,0.0920661736978084));
#3172=CARTESIAN_POINT('',(-0.0025527,1.16647607618785E-18,0.0935999906));
#3173=CARTESIAN_POINT('',(-0.0025527,8.53860487769505E-19,0.0935999906));
#3174=CARTESIAN_POINT('',(0.0025527,8.53860487769505E-19,0.0935999906));
#3175=CARTESIAN_POINT('Origin',(0.,1.16647607618785E-18,0.0935999906));
#3176=CARTESIAN_POINT('Origin',(0.,1.16647607618785E-18,0.0935999906));
#3177=CARTESIAN_POINT('Origin',(0.,1.16647607618785E-18,0.1016));
#3178=CARTESIAN_POINT('',(0.0025527,8.53860487769505E-19,0.1016));
#3179=CARTESIAN_POINT('Origin',(0.,0.,0.0080000094));
#3180=CARTESIAN_POINT('',(0.,0.,0.00953382630219165));
#3181=CARTESIAN_POINT('',(0.0025527,0.,0.0080000094));
#3182=CARTESIAN_POINT('',(0.0025527,-3.12615588418345E-19,0.0080000094));
#3183=CARTESIAN_POINT('',(-0.0025527,-3.12615588418345E-19,0.0080000094));
#3184=CARTESIAN_POINT('Origin',(0.,0.,0.0080000094));
#3185=CARTESIAN_POINT('Origin',(0.,0.,0.0080000094));
#3186=CARTESIAN_POINT('Origin',(0.,0.,0.));
#3187=CARTESIAN_POINT('',(-0.0025527,-3.12615588418345E-19,0.));
#3188=CARTESIAN_POINT('',(0.,0.,0.));
#3189=CARTESIAN_POINT('Origin',(-0.0165242706095246,-0.0398931182138373,
0.005715));
#3190=CARTESIAN_POINT('',(-0.0165242706095246,-0.0398931182138373,0.00652769403026572));
#3191=CARTESIAN_POINT('',(-0.0165242706095246,-0.0385405682138373,0.005715));
#3192=CARTESIAN_POINT('',(-0.0165242706095246,-0.0385405682138373,0.005715));
#3193=CARTESIAN_POINT('',(-0.0165242706095246,-0.0412456682138373,0.005715));
#3194=CARTESIAN_POINT('Origin',(-0.0165242706095246,-0.0398931182138373,
0.005715));
#3195=CARTESIAN_POINT('Origin',(-0.0165242706095246,-0.0398931182138373,
0.005715));
#3196=CARTESIAN_POINT('Origin',(-0.0165242706095246,-0.0398931182138373,
-3.29295319576493E-18));
#3197=CARTESIAN_POINT('',(-0.0165242706095246,-0.0412456682138373,-6.76240014771855E-18));
#3198=CARTESIAN_POINT('Origin',(-0.0165242706095246,-0.0398931182138373,
-6.76240014771855E-18));
#3199=CARTESIAN_POINT('',(-0.0165242706095246,-0.0412456682138373,-3.29295319576493E-18));
#3200=CARTESIAN_POINT('Origin',(0.0398931182138373,-0.0165242706095246,
0.005715));
#3201=CARTESIAN_POINT('',(0.0398931182138373,-0.0165242706095246,0.00652769403026572));
#3202=CARTESIAN_POINT('',(0.0385405682138373,-0.0165242706095246,0.005715));
#3203=CARTESIAN_POINT('',(0.0385405682138373,-0.0165242706095246,0.005715));
#3204=CARTESIAN_POINT('',(0.0412456682138373,-0.0165242706095246,0.005715));
#3205=CARTESIAN_POINT('Origin',(0.0398931182138373,-0.0165242706095246,
0.005715));
#3206=CARTESIAN_POINT('Origin',(0.0398931182138373,-0.0165242706095246,
0.005715));
#3207=CARTESIAN_POINT('Origin',(0.0398931182138373,-0.0165242706095246,
-3.29295319576493E-18));
#3208=CARTESIAN_POINT('',(0.0412456682138373,-0.0165242706095246,-6.76240014771855E-18));
#3209=CARTESIAN_POINT('Origin',(0.0398931182138373,-0.0165242706095246,
-6.76240014771855E-18));
#3210=CARTESIAN_POINT('',(0.0412456682138373,-0.0165242706095246,-3.29295319576493E-18));
#3211=CARTESIAN_POINT('Origin',(0.0165242706095246,0.0398931182138373,0.005715));
#3212=CARTESIAN_POINT('',(0.0165242706095246,0.0398931182138373,0.00652769403026572));
#3213=CARTESIAN_POINT('',(0.0165242706095246,0.0385405682138373,0.005715));
#3214=CARTESIAN_POINT('',(0.0165242706095246,0.0385405682138373,0.005715));
#3215=CARTESIAN_POINT('',(0.0165242706095246,0.0412456682138373,0.005715));
#3216=CARTESIAN_POINT('Origin',(0.0165242706095246,0.0398931182138373,0.005715));
#3217=CARTESIAN_POINT('Origin',(0.0165242706095246,0.0398931182138373,0.005715));
#3218=CARTESIAN_POINT('Origin',(0.0165242706095246,0.0398931182138373,-3.29295319576493E-18));
#3219=CARTESIAN_POINT('',(0.0165242706095246,0.0412456682138373,-6.76240014771855E-18));
#3220=CARTESIAN_POINT('Origin',(0.0165242706095246,0.0398931182138373,-6.76240014771855E-18));
#3221=CARTESIAN_POINT('',(0.0165242706095246,0.0412456682138373,-3.29295319576493E-18));
#3222=CARTESIAN_POINT('Origin',(-0.040005,0.,-3.29295319576493E-18));
#3223=CARTESIAN_POINT('',(0.045759753245284,0.0189543104050429,-3.29295319576493E-18));
#3224=CARTESIAN_POINT('',(0.0340264831823907,0.0140942308140063,-2.80869537285833E-18));
#3225=CARTESIAN_POINT('Origin',(0.0398931182138373,0.0165242706095246,-3.29295319576493E-18));
#3226=CARTESIAN_POINT('',(0.04953,-6.06567559617684E-18,-6.58590639152987E-18));
#3227=CARTESIAN_POINT('Origin',(0.,0.,-6.58590639152987E-18));
#3228=CARTESIAN_POINT('',(-0.045759753245284,-0.0189543104050429,-2.80869537285833E-18));
#3229=CARTESIAN_POINT('Origin',(0.,0.,-6.58590639152987E-18));
#3230=CARTESIAN_POINT('',(-0.0340264831823907,-0.0140942308140063,-3.29295319576493E-18));
#3231=CARTESIAN_POINT('Origin',(-0.0398931182138373,-0.0165242706095246,
-3.29295319576493E-18));
#3232=CARTESIAN_POINT('',(0.03683,-4.5103741612597E-18,0.));
#3233=CARTESIAN_POINT('Origin',(0.,0.,0.));
#3234=CARTESIAN_POINT('Origin',(0.,0.,0.));
#3235=CARTESIAN_POINT('Origin',(-0.04238625,0.,0.00889));
#3236=CARTESIAN_POINT('',(-0.0384264594559757,-0.0159167606606451,0.00889));
#3237=CARTESIAN_POINT('',(-0.0414806182138373,-0.0165242706095246,0.00889));
#3238=CARTESIAN_POINT('Origin',(-0.0398931182138373,-0.0165242706095246,
0.00889));
#3239=CARTESIAN_POINT('',(0.0384264594559757,0.015916760660645,0.00889));
#3240=CARTESIAN_POINT('Origin',(0.,0.,0.00889));
#3241=CARTESIAN_POINT('',(0.0383056182138373,0.0165242706095246,0.00889));
#3242=CARTESIAN_POINT('Origin',(0.0398931182138373,0.0165242706095246,0.00889));
#3243=CARTESIAN_POINT('',(0.041359776971699,0.0171317805584042,0.00889));
#3244=CARTESIAN_POINT('Origin',(0.0398931182138373,0.0165242706095246,0.00889));
#3245=CARTESIAN_POINT('',(-0.041359776971699,-0.0171317805584042,0.00889));
#3246=CARTESIAN_POINT('Origin',(0.,0.,0.00889));
#3247=CARTESIAN_POINT('Origin',(-0.0398931182138373,-0.0165242706095246,
0.00889));
#3248=CARTESIAN_POINT('Origin',(-0.04238625,0.,0.012065));
#3249=CARTESIAN_POINT('',(-0.0415925,0.,0.012065));
#3250=CARTESIAN_POINT('',(-0.0294103387965015,0.0294103387965015,0.012065));
#3251=CARTESIAN_POINT('Origin',(0.,0.,0.012065));
#3252=CARTESIAN_POINT('',(-0.0447675,1.00780102170642E-19,0.012065));
#3253=CARTESIAN_POINT('Origin',(-0.04318,9.72063396823212E-20,0.012065));
#3254=CARTESIAN_POINT('',(-0.0316554028267687,0.0316554028267688,0.012065));
#3255=CARTESIAN_POINT('Origin',(0.,0.,0.012065));
#3256=CARTESIAN_POINT('',(-0.0321203708116351,0.0305328708116352,0.012065));
#3257=CARTESIAN_POINT('Origin',(-0.0305328708116351,0.0305328708116352,
0.012065));
#3258=CARTESIAN_POINT('Origin',(-0.0305328708116351,0.0305328708116352,
0.012065));
#3259=CARTESIAN_POINT('Origin',(-0.04238625,0.,0.012065));
#3260=CARTESIAN_POINT('',(-0.0316554028267687,-0.0316554028267687,0.012065));
#3261=CARTESIAN_POINT('Origin',(0.,0.,0.012065));
#3262=CARTESIAN_POINT('Origin',(-0.04318,9.72063396823212E-20,0.012065));
#3263=CARTESIAN_POINT('',(-0.0294103387965015,-0.0294103387965015,0.012065));
#3264=CARTESIAN_POINT('Origin',(0.,0.,0.012065));
#3265=CARTESIAN_POINT('',(-0.0321203708116352,-0.0305328708116351,0.012065));
#3266=CARTESIAN_POINT('Origin',(-0.0305328708116352,-0.0305328708116351,
0.012065));
#3267=CARTESIAN_POINT('Origin',(-0.0305328708116352,-0.0305328708116351,
0.012065));
#3268=CARTESIAN_POINT('Origin',(-0.04238625,0.,0.012065));
#3269=CARTESIAN_POINT('',(6.68858413066755E-18,0.0415925,0.012065));
#3270=CARTESIAN_POINT('Origin',(0.,0.,0.012065));
#3271=CARTESIAN_POINT('Origin',(-0.0305328708116351,0.0305328708116352,
0.012065));
#3272=CARTESIAN_POINT('',(8.32443643929501E-18,0.0447675,0.012065));
#3273=CARTESIAN_POINT('Origin',(0.,0.,0.012065));
#3274=CARTESIAN_POINT('',(-0.00158749999999999,0.04318,0.012065));
#3275=CARTESIAN_POINT('Origin',(8.02924365775973E-18,0.04318,0.012065));
#3276=CARTESIAN_POINT('Origin',(8.02924365775973E-18,0.04318,0.012065));
#3277=CARTESIAN_POINT('Origin',(-0.04238625,0.,0.012065));
#3278=CARTESIAN_POINT('',(0.0294103387965015,0.0294103387965014,0.012065));
#3279=CARTESIAN_POINT('Origin',(0.,0.,0.012065));
#3280=CARTESIAN_POINT('Origin',(8.02924365775973E-18,0.04318,0.012065));
#3281=CARTESIAN_POINT('',(0.0316554028267688,0.0316554028267687,0.012065));
#3282=CARTESIAN_POINT('Origin',(0.,0.,0.012065));
#3283=CARTESIAN_POINT('',(0.0289453708116352,0.0305328708116351,0.012065));
#3284=CARTESIAN_POINT('Origin',(0.0305328708116352,0.0305328708116351,0.012065));
#3285=CARTESIAN_POINT('Origin',(0.0305328708116352,0.0305328708116351,0.012065));
#3286=CARTESIAN_POINT('Origin',(-0.04238625,0.,0.012065));
#3287=CARTESIAN_POINT('',(0.0415925,5.09361219935363E-18,0.012065));
#3288=CARTESIAN_POINT('Origin',(0.,0.,0.012065));
#3289=CARTESIAN_POINT('Origin',(0.0305328708116352,0.0305328708116351,0.012065));
#3290=CARTESIAN_POINT('',(0.0447675,-5.58321766025356E-18,0.012065));
#3291=CARTESIAN_POINT('Origin',(0.,0.,0.012065));
#3292=CARTESIAN_POINT('Origin',(0.04318,-5.38523121840059E-18,0.012065));
#3293=CARTESIAN_POINT('Origin',(-0.04238625,0.,0.012065));
#3294=CARTESIAN_POINT('',(0.0294103387965015,-0.0294103387965015,0.012065));
#3295=CARTESIAN_POINT('',(2.49820292983565E-18,-0.0415925,0.012065));
#3296=CARTESIAN_POINT('Origin',(0.,0.,0.012065));
#3297=CARTESIAN_POINT('',(0.0289453708116351,-0.0305328708116352,0.012065));
#3298=CARTESIAN_POINT('Origin',(0.0305328708116351,-0.0305328708116352,
0.012065));
#3299=CARTESIAN_POINT('',(0.0316554028267687,-0.0316554028267687,0.012065));
#3300=CARTESIAN_POINT('Origin',(0.0305328708116351,-0.0305328708116352,
0.012065));
#3301=CARTESIAN_POINT('',(-2.8419988812121E-18,-0.0447675,0.012065));
#3302=CARTESIAN_POINT('Origin',(0.,0.,0.012065));
#3303=CARTESIAN_POINT('Origin',(-2.74121877904145E-18,-0.04318,0.012065));
#3304=CARTESIAN_POINT('Origin',(-0.04238625,0.,0.012065));
#3305=CARTESIAN_POINT('Origin',(0.,0.,0.012065));
#3306=CARTESIAN_POINT('',(-0.0015875,-0.04318,0.012065));
#3307=CARTESIAN_POINT('Origin',(-2.74121877904145E-18,-0.04318,0.012065));
#3308=CARTESIAN_POINT('Origin',(-2.74121877904145E-18,-0.04318,0.012065));
#3309=CARTESIAN_POINT('Origin',(0.,0.,0.012065));
#3310=CARTESIAN_POINT('Origin',(-0.0305328708116352,-0.0305328708116351,
0.012065));
#3311=CARTESIAN_POINT('Origin',(-0.04238625,0.,0.00889));
#3312=CARTESIAN_POINT('Origin',(-0.0398931182138373,-0.0165242706095246,
0.00889));
#3313=CARTESIAN_POINT('',(0.0447675,-5.48243755808291E-18,0.00889));
#3314=CARTESIAN_POINT('Origin',(0.,0.,0.00889));
#3315=CARTESIAN_POINT('Origin',(0.,0.,0.00889));
#3316=CARTESIAN_POINT('Origin',(0.0398931182138373,0.0165242706095246,0.00889));
#3317=CARTESIAN_POINT('',(0.0415925,-5.09361219935363E-18,0.00889));
#3318=CARTESIAN_POINT('Origin',(0.,0.,0.00889));
#3319=CARTESIAN_POINT('Origin',(0.,0.,0.00889));
#3320=CARTESIAN_POINT('Origin',(0.,0.,0.));
#3321=CARTESIAN_POINT('Origin',(0.,0.,0.012065));
#3322=CARTESIAN_POINT('',(0.0447675,-5.48243755808291E-18,0.));
#3323=CARTESIAN_POINT('Origin',(-0.04238625,0.,0.012065));
#3324=CARTESIAN_POINT('Origin',(0.,0.,0.012065));
#3325=CARTESIAN_POINT('Origin',(0.04318,-5.38523121840059E-18,0.012065));
#3326=CARTESIAN_POINT('Origin',(0.0305328708116351,-0.0305328708116352,
0.012065));
#3327=CARTESIAN_POINT('Origin',(0.,0.,0.));
#3328=CARTESIAN_POINT('',(0.0415925,-5.09361219935363E-18,0.));
#3329=CARTESIAN_POINT('Origin',(-0.0305328708116352,-0.0305328708116351,
0.01016));
#3330=CARTESIAN_POINT('',(-0.0321203708116352,-0.0305328708116351,0.0127));
#3331=CARTESIAN_POINT('',(-0.0321203708116352,-0.0305328708116351,0.01016));
#3332=CARTESIAN_POINT('Origin',(-0.0305328708116352,-0.0305328708116351,
0.0127));
#3333=CARTESIAN_POINT('Origin',(-2.74121877904145E-18,-0.04318,0.01016));
#3334=CARTESIAN_POINT('',(-0.0015875,-0.04318,0.0127));
#3335=CARTESIAN_POINT('',(-0.0015875,-0.04318,0.01016));
#3336=CARTESIAN_POINT('Origin',(-2.74121877904145E-18,-0.04318,0.0127));
#3337=CARTESIAN_POINT('Origin',(0.0305328708116351,-0.0305328708116352,
0.01016));
#3338=CARTESIAN_POINT('',(0.0289453708116351,-0.0305328708116352,0.0127));
#3339=CARTESIAN_POINT('',(0.0289453708116351,-0.0305328708116352,0.01016));
#3340=CARTESIAN_POINT('Origin',(0.0305328708116351,-0.0305328708116352,
0.0127));
#3341=CARTESIAN_POINT('Origin',(0.04318,-5.38523121840059E-18,0.01016));
#3342=CARTESIAN_POINT('',(0.0415925,-5.57964389776523E-18,0.0127));
#3343=CARTESIAN_POINT('',(0.0415925,-5.57964389776523E-18,0.01016));
#3344=CARTESIAN_POINT('Origin',(0.04318,-5.38523121840059E-18,0.0127));
#3345=CARTESIAN_POINT('Origin',(0.0305328708116352,0.0305328708116351,0.01016));
#3346=CARTESIAN_POINT('',(0.0289453708116352,0.0305328708116351,0.0127));
#3347=CARTESIAN_POINT('',(0.0289453708116352,0.0305328708116351,0.01016));
#3348=CARTESIAN_POINT('Origin',(0.0305328708116352,0.0305328708116351,0.0127));
#3349=CARTESIAN_POINT('Origin',(8.02924365775973E-18,0.04318,0.01016));
#3350=CARTESIAN_POINT('',(-0.00158749999999999,0.04318,0.0127));
#3351=CARTESIAN_POINT('',(-0.00158749999999999,0.04318,0.01016));
#3352=CARTESIAN_POINT('Origin',(8.02924365775973E-18,0.04318,0.0127));
#3353=CARTESIAN_POINT('Origin',(-0.0305328708116351,0.0305328708116352,
0.01016));
#3354=CARTESIAN_POINT('',(-0.0321203708116351,0.0305328708116352,0.0127));
#3355=CARTESIAN_POINT('',(-0.0321203708116351,0.0305328708116352,0.01016));
#3356=CARTESIAN_POINT('Origin',(-0.0305328708116351,0.0305328708116352,
0.0127));
#3357=CARTESIAN_POINT('Origin',(-0.04318,9.72063396823212E-20,0.01016));
#3358=CARTESIAN_POINT('',(-0.0447675,-9.72063396823211E-20,0.0127));
#3359=CARTESIAN_POINT('',(-0.0447675,-9.72063396823211E-20,0.01016));
#3360=CARTESIAN_POINT('Origin',(-0.04318,9.72063396823212E-20,0.0127));
#3361=CARTESIAN_POINT('Origin',(0.,0.,0.));
#3362=CARTESIAN_POINT('Origin',(0.,0.,-6.58590639152987E-18));
#3363=CARTESIAN_POINT('',(0.04953,-6.06567559617684E-18,0.0127));
#3364=CARTESIAN_POINT('',(0.04953,-6.06567559617684E-18,0.));
#3365=CARTESIAN_POINT('Origin',(0.,0.,0.0127));
#3366=CARTESIAN_POINT('Origin',(-0.040005,0.,-3.29295319576493E-18));
#3367=CARTESIAN_POINT('',(0.0335431182138373,0.0165242706095246,-3.33066907387547E-18));
#3368=CARTESIAN_POINT('Origin',(0.0398931182138373,0.0165242706095246,-3.29295319576493E-18));
#3369=CARTESIAN_POINT('Origin',(0.,0.,0.));
#3370=CARTESIAN_POINT('',(-0.0462431182138373,-0.0165242706095246,-3.33066907387547E-18));
#3371=CARTESIAN_POINT('Origin',(-0.0398931182138373,-0.0165242706095246,
-3.29295319576493E-18));
#3372=CARTESIAN_POINT('Origin',(-0.0398931182138373,-0.0165242706095246,
-3.29295319576493E-18));
#3373=CARTESIAN_POINT('Origin',(0.0398931182138373,0.0165242706095246,-3.29295319576493E-18));
#3374=CARTESIAN_POINT('',(-0.0412456682138373,0.0165242706095246,-6.76240014771855E-18));
#3375=CARTESIAN_POINT('Origin',(-0.0398931182138373,0.0165242706095246,
-6.76240014771855E-18));
#3376=CARTESIAN_POINT('Origin',(0.,0.,0.));
#3377=CARTESIAN_POINT('',(0.03683,-4.5103741612597E-18,0.0127));
#3378=CARTESIAN_POINT('Origin',(0.,0.,0.0127));
#3379=CARTESIAN_POINT('',(0.03683,-4.5103741612597E-18,0.));
#3380=CARTESIAN_POINT('Origin',(-0.040005,0.,0.0127));
#3381=CARTESIAN_POINT('Origin',(0.0398931182138373,0.0165242706095246,-0.01651));
#3382=CARTESIAN_POINT('',(0.0383056182138374,0.0165242706095246,-0.047625));
#3383=CARTESIAN_POINT('Origin',(0.0398931182138373,0.0165242706095246,-0.047625));
#3384=CARTESIAN_POINT('',(0.0383056182138373,0.0165242706095246,-0.01651));
#3385=CARTESIAN_POINT('Origin',(-0.0398931182138373,-0.0165242706095246,
-0.01651));
#3386=CARTESIAN_POINT('',(-0.0414806182138373,-0.0165242706095246,-0.047625));
#3387=CARTESIAN_POINT('Origin',(-0.0398931182138373,-0.0165242706095246,
-0.047625));
#3388=CARTESIAN_POINT('',(-0.0414806182138373,-0.0165242706095246,-0.01651));
#3389=CARTESIAN_POINT('Origin',(-0.0398931182138373,-0.0165242706095246,
-0.009525));
#3390=CARTESIAN_POINT('',(-0.0462431182138374,-0.0165242706095246,-0.047625));
#3391=CARTESIAN_POINT('',(-0.0462431182138373,-0.0165242706095246,-0.009525));
#3392=CARTESIAN_POINT('Origin',(-0.0398931182138373,-0.0165242706095246,
-0.047625));
#3393=CARTESIAN_POINT('Origin',(0.0398931182138373,0.0165242706095246,-0.009525));
#3394=CARTESIAN_POINT('',(0.0335431182138373,0.0165242706095246,-0.047625));
#3395=CARTESIAN_POINT('',(0.0335431182138373,0.0165242706095246,-0.009525));
#3396=CARTESIAN_POINT('Origin',(0.0398931182138373,0.0165242706095246,-0.047625));
#3397=CARTESIAN_POINT('Origin',(0.,0.,-0.047625));
#3398=CARTESIAN_POINT('Origin',(0.,0.,-0.047625));
#3399=CARTESIAN_POINT('Origin',(-0.0398931182138373,0.0165242706095246,
0.005715));
#3400=CARTESIAN_POINT('',(-0.0398931182138373,0.0165242706095246,0.00652769403026572));
#3401=CARTESIAN_POINT('',(-0.0385405682138373,0.0165242706095246,0.005715));
#3402=CARTESIAN_POINT('',(-0.0385405682138373,0.0165242706095246,0.005715));
#3403=CARTESIAN_POINT('',(-0.0412456682138373,0.0165242706095246,0.005715));
#3404=CARTESIAN_POINT('Origin',(-0.0398931182138373,0.0165242706095246,
0.005715));
#3405=CARTESIAN_POINT('Origin',(-0.0398931182138373,0.0165242706095246,
0.005715));
#3406=CARTESIAN_POINT('Origin',(-0.0398931182138373,0.0165242706095246,
-3.29295319576493E-18));
#3407=CARTESIAN_POINT('',(-0.0412456682138373,0.0165242706095246,-3.29295319576493E-18));
#3408=CARTESIAN_POINT('',(0.,0.,0.));
#3409=CARTESIAN_POINT('Origin',(0.,3.40222188888124E-18,0.111125));
#3410=CARTESIAN_POINT('',(0.0555625,-3.40222188888124E-18,0.1016));
#3411=CARTESIAN_POINT('Origin',(0.,3.40222188888124E-18,0.1016));
#3412=CARTESIAN_POINT('',(0.0555625,3.40222188888124E-18,0.111125));
#3413=CARTESIAN_POINT('',(0.0555625,-3.40222188888124E-18,0.111125));
#3414=CARTESIAN_POINT('Origin',(0.,3.40222188888124E-18,0.111125));
#3415=CARTESIAN_POINT('Origin',(0.,0.,0.111125));
#3416=CARTESIAN_POINT('',(-0.0508,-3.11060286983427E-18,0.111125));
#3417=CARTESIAN_POINT('Origin',(0.,3.11060286983428E-18,0.111125));
#3418=CARTESIAN_POINT('Origin',(0.,0.,0.));
#3419=CARTESIAN_POINT('',(0.0619125,-1.13731417428316E-17,0.));
#3420=CARTESIAN_POINT('Origin',(0.,-3.79104724761052E-18,0.));
#3421=CARTESIAN_POINT('',(0.0183530706095246,0.0398931182138373,0.));
#3422=CARTESIAN_POINT('Origin',(0.0165242706095246,0.0398931182138373,0.));
#3423=CARTESIAN_POINT('',(0.0417219182138373,-0.0165242706095246,0.));
#3424=CARTESIAN_POINT('Origin',(0.0398931182138373,-0.0165242706095246,
0.));
#3425=CARTESIAN_POINT('',(-0.0146954706095246,-0.0398931182138373,0.));
#3426=CARTESIAN_POINT('Origin',(-0.0165242706095246,-0.0398931182138373,
0.));
#3427=CARTESIAN_POINT('',(-0.0380643182138373,0.0165242706095246,0.));
#3428=CARTESIAN_POINT('Origin',(-0.0398931182138373,0.0165242706095246,
0.));
#3429=CARTESIAN_POINT('',(0.0462431182138374,0.0165242706095246,0.));
#3430=CARTESIAN_POINT('Origin',(0.0398931182138374,0.0165242706095246,0.));
#3431=CARTESIAN_POINT('',(-0.0335431182138373,-0.0165242706095246,0.));
#3432=CARTESIAN_POINT('Origin',(-0.0398931182138373,-0.0165242706095246,
0.));
#3433=CARTESIAN_POINT('',(-0.0307975,-1.88580298983703E-18,0.));
#3434=CARTESIAN_POINT('Origin',(0.,1.88580298983703E-18,0.));
#3435=CARTESIAN_POINT('Origin',(0.,2.17742200888399E-18,0.003175));
#3436=CARTESIAN_POINT('',(-0.03556,-2.177422008884E-18,0.111125));
#3437=CARTESIAN_POINT('Origin',(0.,2.17742200888399E-18,0.111125));
#3438=CARTESIAN_POINT('',(-0.03556,-2.177422008884E-18,0.003175));
#3439=CARTESIAN_POINT('',(-0.03556,-2.177422008884E-18,0.003175));
#3440=CARTESIAN_POINT('Origin',(0.,2.17742200888399E-18,0.003175));
#3441=CARTESIAN_POINT('Origin',(0.,3.11060286983428E-18,0.003175));
#3442=CARTESIAN_POINT('',(-0.0508,-3.11060286983427E-18,0.003175));
#3443=CARTESIAN_POINT('Origin',(0.,3.11060286983428E-18,0.003175));
#3444=CARTESIAN_POINT('',(-0.0508,-3.11060286983427E-18,0.003175));
#3445=CARTESIAN_POINT('Origin',(0.,0.,0.003175));
#3446=CARTESIAN_POINT('',(0.0183530706095246,0.0398931182138373,0.003175));
#3447=CARTESIAN_POINT('Origin',(0.0165242706095246,0.0398931182138373,0.003175));
#3448=CARTESIAN_POINT('',(0.0417219182138373,-0.0165242706095246,0.003175));
#3449=CARTESIAN_POINT('Origin',(0.0398931182138373,-0.0165242706095246,
0.003175));
#3450=CARTESIAN_POINT('',(-0.0146954706095246,-0.0398931182138373,0.003175));
#3451=CARTESIAN_POINT('Origin',(-0.0165242706095246,-0.0398931182138373,
0.003175));
#3452=CARTESIAN_POINT('',(-0.0380643182138373,0.0165242706095246,0.003175));
#3453=CARTESIAN_POINT('Origin',(-0.0398931182138373,0.0165242706095246,
0.003175));
#3454=CARTESIAN_POINT('',(0.0462431182138374,0.0165242706095246,0.003175));
#3455=CARTESIAN_POINT('Origin',(0.0398931182138374,0.0165242706095246,0.003175));
#3456=CARTESIAN_POINT('',(-0.0335431182138373,-0.0165242706095246,0.003175));
#3457=CARTESIAN_POINT('Origin',(-0.0398931182138373,-0.0165242706095246,
0.003175));
#3458=CARTESIAN_POINT('Origin',(0.,0.,0.111125));
#3459=CARTESIAN_POINT('',(-0.0307975,-1.88580298983703E-18,0.111125));
#3460=CARTESIAN_POINT('Origin',(0.,1.88580298983703E-18,0.111125));
#3461=CARTESIAN_POINT('Origin',(0.,1.88580298983703E-18,0.003175));
#3462=CARTESIAN_POINT('',(-0.0307975,-1.88580298983703E-18,0.003175));
#3463=CARTESIAN_POINT('Origin',(0.,-3.79104724761052E-18,0.1016));
#3464=CARTESIAN_POINT('',(0.0619125,-1.13731417428316E-17,0.1016));
#3465=CARTESIAN_POINT('',(0.0619125,-1.13731417428316E-17,0.1016));
#3466=CARTESIAN_POINT('Origin',(0.,-3.79104724761052E-18,0.1016));
#3467=CARTESIAN_POINT('Origin',(0.,0.,0.1016));
#3468=CARTESIAN_POINT('Origin',(-0.0398931182138373,-0.0165242706095246,
0.025908));
#3469=CARTESIAN_POINT('',(-0.0335431182138373,-0.0165242706095246,0.025908));
#3470=CARTESIAN_POINT('Origin',(0.0398931182138374,0.0165242706095246,0.025908));
#3471=CARTESIAN_POINT('',(0.0462431182138374,0.0165242706095246,0.025908));
#3472=CARTESIAN_POINT('Origin',(-0.0398931182138373,0.0165242706095246,
0.003175));
#3473=CARTESIAN_POINT('',(-0.0380643182138373,0.0165242706095246,0.003175));
#3474=CARTESIAN_POINT('Origin',(-0.0165242706095246,-0.0398931182138373,
0.003175));
#3475=CARTESIAN_POINT('',(-0.0146954706095246,-0.0398931182138373,0.003175));
#3476=CARTESIAN_POINT('Origin',(0.0398931182138373,-0.0165242706095246,
0.003175));
#3477=CARTESIAN_POINT('',(0.0417219182138373,-0.0165242706095246,0.003175));
#3478=CARTESIAN_POINT('Origin',(0.0165242706095246,0.0398931182138373,0.003175));
#3479=CARTESIAN_POINT('',(0.0183530706095246,0.0398931182138373,0.003175));
#3480=CARTESIAN_POINT('',(0.,0.,0.));
#3481=CARTESIAN_POINT('Origin',(-4.16333634234433E-17,-0.009525,0.09525));
#3482=CARTESIAN_POINT('',(0.06985,0.,0.09525));
#3483=CARTESIAN_POINT('',(-0.06985,0.,0.09525));
#3484=CARTESIAN_POINT('',(-4.16333634234433E-17,0.,0.09525));
#3485=CARTESIAN_POINT('',(-0.06985,-0.009525,0.09525));
#3486=CARTESIAN_POINT('',(-0.06985,-0.009525,0.09525));
#3487=CARTESIAN_POINT('',(0.06985,-0.009525,0.09525));
#3488=CARTESIAN_POINT('',(-4.16333634234433E-17,-0.009525,0.09525));
#3489=CARTESIAN_POINT('',(0.06985,-0.009525,0.09525));
#3490=CARTESIAN_POINT('Origin',(-0.08255,-0.009525,0.08255));
#3491=CARTESIAN_POINT('',(-0.09525,0.,0.06985));
#3492=CARTESIAN_POINT('',(-0.08255,0.,0.08255));
#3493=CARTESIAN_POINT('',(-0.09525,-0.009525,0.06985));
#3494=CARTESIAN_POINT('',(-0.09525,-0.009525,0.06985));
#3495=CARTESIAN_POINT('',(-0.08255,-0.009525,0.08255));
#3496=CARTESIAN_POINT('Origin',(-0.09525,-0.009525,0.));
#3497=CARTESIAN_POINT('',(-0.09525,0.,-0.06985));
#3498=CARTESIAN_POINT('',(-0.09525,0.,0.));
#3499=CARTESIAN_POINT('',(-0.09525,-0.009525,-0.06985));
#3500=CARTESIAN_POINT('',(-0.09525,-0.009525,-0.06985));
#3501=CARTESIAN_POINT('',(-0.09525,-0.009525,0.));
#3502=CARTESIAN_POINT('Origin',(-0.08255,-0.009525,-0.08255));
#3503=CARTESIAN_POINT('',(-0.06985,0.,-0.09525));
#3504=CARTESIAN_POINT('',(-0.08255,0.,-0.08255));
#3505=CARTESIAN_POINT('',(-0.06985,-0.009525,-0.09525));
#3506=CARTESIAN_POINT('',(-0.06985,-0.009525,-0.09525));
#3507=CARTESIAN_POINT('',(-0.08255,-0.009525,-0.08255));
#3508=CARTESIAN_POINT('Origin',(2.77555756156289E-17,-0.009525,-0.09525));
#3509=CARTESIAN_POINT('',(0.06985,0.,-0.09525));
#3510=CARTESIAN_POINT('',(2.77555756156289E-17,0.,-0.09525));
#3511=CARTESIAN_POINT('',(0.06985,-0.009525,-0.09525));
#3512=CARTESIAN_POINT('',(0.06985,-0.009525,-0.09525));
#3513=CARTESIAN_POINT('',(2.77555756156289E-17,-0.009525,-0.09525));
#3514=CARTESIAN_POINT('Origin',(0.08255,-0.009525,-0.08255));
#3515=CARTESIAN_POINT('',(0.09525,0.,-0.06985));
#3516=CARTESIAN_POINT('',(0.08255,0.,-0.08255));
#3517=CARTESIAN_POINT('',(0.09525,-0.009525,-0.06985));
#3518=CARTESIAN_POINT('',(0.09525,-0.009525,-0.06985));
#3519=CARTESIAN_POINT('',(0.08255,-0.009525,-0.08255));
#3520=CARTESIAN_POINT('Origin',(0.09525,-0.009525,1.38777878078145E-17));
#3521=CARTESIAN_POINT('',(0.09525,0.,0.06985));
#3522=CARTESIAN_POINT('',(0.09525,0.,1.38777878078145E-17));
#3523=CARTESIAN_POINT('',(0.09525,-0.009525,0.06985));
#3524=CARTESIAN_POINT('',(0.09525,-0.009525,0.06985));
#3525=CARTESIAN_POINT('',(0.09525,-0.009525,1.38777878078145E-17));
#3526=CARTESIAN_POINT('Origin',(-0.0635,-0.009525,0.0635));
#3527=CARTESIAN_POINT('',(-0.0635,-0.009525,0.0599313));
#3528=CARTESIAN_POINT('Origin',(-0.0635,-0.009525,0.0635));
#3529=CARTESIAN_POINT('',(-0.0635,0.,0.0599313));
#3530=CARTESIAN_POINT('',(-0.0635,-0.009525,0.0599313));
#3531=CARTESIAN_POINT('Origin',(-0.0635,0.,0.0635));
#3532=CARTESIAN_POINT('Origin',(0.0635,-0.009525,0.0635));
#3533=CARTESIAN_POINT('',(0.0635,-0.009525,0.0599313));
#3534=CARTESIAN_POINT('Origin',(0.0635,-0.009525,0.0635));
#3535=CARTESIAN_POINT('',(0.0635,0.,0.0599313));
#3536=CARTESIAN_POINT('',(0.0635,-0.009525,0.0599313));
#3537=CARTESIAN_POINT('Origin',(0.0635,0.,0.0635));
#3538=CARTESIAN_POINT('Origin',(0.0635,-0.009525,-0.0635));
#3539=CARTESIAN_POINT('',(0.0635,-0.009525,-0.0670687));
#3540=CARTESIAN_POINT('Origin',(0.0635,-0.009525,-0.0635));
#3541=CARTESIAN_POINT('',(0.0635,0.,-0.0670687));
#3542=CARTESIAN_POINT('',(0.0635,-0.009525,-0.0670687));
#3543=CARTESIAN_POINT('Origin',(0.0635,0.,-0.0635));
#3544=CARTESIAN_POINT('Origin',(-0.0635,-0.009525,-0.0635));
#3545=CARTESIAN_POINT('',(-0.0635,-0.009525,-0.0670687));
#3546=CARTESIAN_POINT('Origin',(-0.0635,-0.009525,-0.0635));
#3547=CARTESIAN_POINT('',(-0.0635,0.,-0.0670687));
#3548=CARTESIAN_POINT('',(-0.0635,-0.009525,-0.0670687));
#3549=CARTESIAN_POINT('Origin',(-0.0635,0.,-0.0635));
#3550=CARTESIAN_POINT('Origin',(0.,-0.009525,2.18519851605858E-19));
#3551=CARTESIAN_POINT('',(0.,-0.009525,-0.0035687));
#3552=CARTESIAN_POINT('Origin',(0.,-0.009525,2.18519851605858E-19));
#3553=CARTESIAN_POINT('',(0.,0.,-0.0035687));
#3554=CARTESIAN_POINT('',(-4.37039703211716E-19,-0.009525,-0.0035687));
#3555=CARTESIAN_POINT('Origin',(0.,0.,2.18519851605858E-19));
#3556=CARTESIAN_POINT('Origin',(0.08255,-0.009525,0.08255));
#3557=CARTESIAN_POINT('',(0.08255,0.,0.08255));
#3558=CARTESIAN_POINT('',(0.08255,-0.009525,0.08255));
#3559=CARTESIAN_POINT('Origin',(0.,-0.009525,0.));
#3560=CARTESIAN_POINT('',(0.0398931182138373,-0.009525,-0.0244617706095246));
#3561=CARTESIAN_POINT('Origin',(0.0398931182138373,-0.009525,-0.0165242706095246));
#3562=CARTESIAN_POINT('',(-0.0398931182138373,-0.009525,0.0085867706095246));
#3563=CARTESIAN_POINT('Origin',(-0.0398931182138373,-0.009525,0.0165242706095246));
#3564=CARTESIAN_POINT('',(-0.0165242706095246,-0.009525,-0.0478306182138373));
#3565=CARTESIAN_POINT('Origin',(-0.0165242706095246,-0.009525,-0.0398931182138373));
#3566=CARTESIAN_POINT('',(0.0165242706095246,-0.009525,0.0319556182138373));
#3567=CARTESIAN_POINT('Origin',(0.0165242706095246,-0.009525,0.0398931182138373));
#3568=CARTESIAN_POINT('',(0.0398931182138373,-0.009525,0.00699927060952455));
#3569=CARTESIAN_POINT('Origin',(0.0398931182138373,-0.009525,0.0165242706095246));
#3570=CARTESIAN_POINT('',(-0.0398931182138373,-0.009525,-0.0260492706095246));
#3571=CARTESIAN_POINT('Origin',(-0.0398931182138373,-0.009525,-0.0165242706095246));
#3572=CARTESIAN_POINT('',(-0.0134703841816037,-0.009525,0.0150578841816037));
#3573=CARTESIAN_POINT('Origin',(-0.0134703841816037,-0.009525,0.0134703841816037));
#3574=CARTESIAN_POINT('',(0.0134703841816037,-0.009525,-0.0118828841816037));
#3575=CARTESIAN_POINT('Origin',(0.0134703841816037,-0.009525,-0.0134703841816037));
#3576=CARTESIAN_POINT('Origin',(0.,0.,0.));
#3577=CARTESIAN_POINT('',(0.0398931182138373,1.11022302462516E-18,-0.0244617706095246));
#3578=CARTESIAN_POINT('Origin',(0.0398931182138373,0.,-0.0165242706095246));
#3579=CARTESIAN_POINT('',(-0.0398931182138373,1.11022302462516E-18,0.0085867706095246));
#3580=CARTESIAN_POINT('Origin',(-0.0398931182138373,0.,0.0165242706095246));
#3581=CARTESIAN_POINT('',(-0.0165242706095246,1.11022302462516E-18,-0.0478306182138373));
#3582=CARTESIAN_POINT('Origin',(-0.0165242706095246,0.,-0.0398931182138373));
#3583=CARTESIAN_POINT('',(0.0165242706095246,1.11022302462516E-18,0.0319556182138373));
#3584=CARTESIAN_POINT('Origin',(0.0165242706095246,0.,0.0398931182138373));
#3585=CARTESIAN_POINT('',(0.0398931182138373,0.,0.0069992706095246));
#3586=CARTESIAN_POINT('Origin',(0.0398931182138373,0.,0.0165242706095246));
#3587=CARTESIAN_POINT('',(-0.0398931182138373,0.,-0.0260492706095246));
#3588=CARTESIAN_POINT('Origin',(-0.0398931182138373,0.,-0.0165242706095246));
#3589=CARTESIAN_POINT('',(-0.0134703841816037,4.44089209850063E-18,0.0150578841816037));
#3590=CARTESIAN_POINT('Origin',(-0.0134703841816037,0.,0.0134703841816037));
#3591=CARTESIAN_POINT('',(0.0134703841816037,4.44089209850063E-18,-0.0118828841816037));
#3592=CARTESIAN_POINT('Origin',(0.0134703841816037,0.,-0.0134703841816037));
#3593=CARTESIAN_POINT('Origin',(0.0134703841816037,0.038481,-0.0134703841816037));
#3594=CARTESIAN_POINT('',(0.0134703841816037,0.038481,-0.0118828841816037));
#3595=CARTESIAN_POINT('Origin',(-0.0134703841816037,0.038481,0.0134703841816037));
#3596=CARTESIAN_POINT('',(-0.0134703841816037,0.038481,0.0150578841816037));
#3597=CARTESIAN_POINT('Origin',(-0.0398931182138373,-0.021336,-0.0165242706095246));
#3598=CARTESIAN_POINT('',(-0.0398931182138373,-0.021336,-0.0260492706095246));
#3599=CARTESIAN_POINT('Origin',(0.0398931182138373,-0.021336,0.0165242706095246));
#3600=CARTESIAN_POINT('',(0.0398931182138373,-0.021336,0.0069992706095246));
#3601=CARTESIAN_POINT('Origin',(0.0165242706095246,-0.009525,0.0398931182138373));
#3602=CARTESIAN_POINT('',(0.0165242706095246,-0.009525,0.0319556182138373));
#3603=CARTESIAN_POINT('Origin',(-0.0165242706095246,-0.009525,-0.0398931182138373));
#3604=CARTESIAN_POINT('',(-0.0165242706095246,-0.009525,-0.0478306182138373));
#3605=CARTESIAN_POINT('Origin',(-0.0398931182138373,-0.009525,0.0165242706095246));
#3606=CARTESIAN_POINT('',(-0.0398931182138373,-0.009525,0.0085867706095246));
#3607=CARTESIAN_POINT('Origin',(0.0398931182138373,-0.009525,-0.0165242706095246));
#3608=CARTESIAN_POINT('',(0.0398931182138373,-0.009525,-0.0244617706095246));
#3609=CARTESIAN_POINT('',(0.00196649304032328,0.0798566981732845,0.0770308774188161));
#3610=CARTESIAN_POINT('',(-0.125033506959677,-0.0217433018267154,0.0770308774188161));
#3611=CARTESIAN_POINT('',(-0.0615335069596768,0.0798566981732845,0.0135308774188161));
#3612=CARTESIAN_POINT('',(-0.125033506959677,-0.0217433018267154,-0.0499691225811839));
#3613=CARTESIAN_POINT('',(-0.0615335069596767,-0.0217433018267154,0.0135308774188161));
#3614=CARTESIAN_POINT('',(0.00196649304032332,0.0798566981732845,-0.0499691225811839));
#3615=CARTESIAN_POINT('',(-0.0615926647537434,0.0766816981732846,0.0135553813794385));
#3616=CARTESIAN_POINT('',(-0.0615926647537434,0.0798566981732845,0.0135553813794386));
#3617=CARTESIAN_POINT('',(-0.0615335069596767,0.0893816981732846,0.0135308774188161));
#3618=UNCERTAINTY_MEASURE_WITH_UNIT(LENGTH_MEASURE(1.E-5),#3634,
'DISTANCE_ACCURACY_VALUE',
'Maximum model space distance between geometric entities at asserted c
onnectivities');
#3619=UNCERTAINTY_MEASURE_WITH_UNIT(LENGTH_MEASURE(1.E-5),#3634,
'DISTANCE_ACCURACY_VALUE',
'Maximum model space distance between geometric entities at asserted c
onnectivities');
#3620=UNCERTAINTY_MEASURE_WITH_UNIT(LENGTH_MEASURE(1.E-5),#3634,
'DISTANCE_ACCURACY_VALUE',
'Maximum model space distance between geometric entities at asserted c
onnectivities');
#3621=UNCERTAINTY_MEASURE_WITH_UNIT(LENGTH_MEASURE(1.E-5),#3634,
'DISTANCE_ACCURACY_VALUE',
'Maximum model space distance between geometric entities at asserted c
onnectivities');
#3622=UNCERTAINTY_MEASURE_WITH_UNIT(LENGTH_MEASURE(1.E-5),#3634,
'DISTANCE_ACCURACY_VALUE',
'Maximum model space distance between geometric entities at asserted c
onnectivities');
#3623=UNCERTAINTY_MEASURE_WITH_UNIT(LENGTH_MEASURE(1.E-5),#3634,
'DISTANCE_ACCURACY_VALUE',
'Maximum model space distance between geometric entities at asserted c
onnectivities');
#3624=UNCERTAINTY_MEASURE_WITH_UNIT(LENGTH_MEASURE(1.E-5),#3634,
'DISTANCE_ACCURACY_VALUE',
'Maximum model space distance between geometric entities at asserted c
onnectivities');
#3625=UNCERTAINTY_MEASURE_WITH_UNIT(LENGTH_MEASURE(1.E-5),#3634,
'DISTANCE_ACCURACY_VALUE',
'Maximum model space distance between geometric entities at asserted c
onnectivities');
#3626=(
GEOMETRIC_REPRESENTATION_CONTEXT(3)
GLOBAL_UNCERTAINTY_ASSIGNED_CONTEXT((#3618))
GLOBAL_UNIT_ASSIGNED_CONTEXT((#3634,#3635,#3636))
REPRESENTATION_CONTEXT('','3D')
);
#3627=(
GEOMETRIC_REPRESENTATION_CONTEXT(3)
GLOBAL_UNCERTAINTY_ASSIGNED_CONTEXT((#3619))
GLOBAL_UNIT_ASSIGNED_CONTEXT((#3634,#3635,#3636))
REPRESENTATION_CONTEXT('','3D')
);
#3628=(
GEOMETRIC_REPRESENTATION_CONTEXT(3)
GLOBAL_UNCERTAINTY_ASSIGNED_CONTEXT((#3620))
GLOBAL_UNIT_ASSIGNED_CONTEXT((#3634,#3635,#3636))
REPRESENTATION_CONTEXT('','3D')
);
#3629=(
GEOMETRIC_REPRESENTATION_CONTEXT(3)
GLOBAL_UNCERTAINTY_ASSIGNED_CONTEXT((#3621))
GLOBAL_UNIT_ASSIGNED_CONTEXT((#3634,#3635,#3636))
REPRESENTATION_CONTEXT('','3D')
);
#3630=(
GEOMETRIC_REPRESENTATION_CONTEXT(3)
GLOBAL_UNCERTAINTY_ASSIGNED_CONTEXT((#3622))
GLOBAL_UNIT_ASSIGNED_CONTEXT((#3634,#3635,#3636))
REPRESENTATION_CONTEXT('','3D')
);
#3631=(
GEOMETRIC_REPRESENTATION_CONTEXT(3)
GLOBAL_UNCERTAINTY_ASSIGNED_CONTEXT((#3623))
GLOBAL_UNIT_ASSIGNED_CONTEXT((#3634,#3635,#3636))
REPRESENTATION_CONTEXT('','3D')
);
#3632=(
GEOMETRIC_REPRESENTATION_CONTEXT(3)
GLOBAL_UNCERTAINTY_ASSIGNED_CONTEXT((#3624))
GLOBAL_UNIT_ASSIGNED_CONTEXT((#3634,#3635,#3636))
REPRESENTATION_CONTEXT('','3D')
);
#3633=(
GEOMETRIC_REPRESENTATION_CONTEXT(3)
GLOBAL_UNCERTAINTY_ASSIGNED_CONTEXT((#3625))
GLOBAL_UNIT_ASSIGNED_CONTEXT((#3634,#3635,#3636))
REPRESENTATION_CONTEXT('','3D')
);
#3634=(
LENGTH_UNIT()
NAMED_UNIT(*)
SI_UNIT($,.METRE.)
);
#3635=(
NAMED_UNIT(*)
PLANE_ANGLE_UNIT()
SI_UNIT($,.RADIAN.)
);
#3636=(
NAMED_UNIT(*)
SI_UNIT($,.STERADIAN.)
SOLID_ANGLE_UNIT()
);
#3637=SHAPE_DEFINITION_REPRESENTATION(#3644,#53);
#3638=SHAPE_DEFINITION_REPRESENTATION(#3645,#53);
#3639=SHAPE_DEFINITION_REPRESENTATION(#3646,#54);
#3640=SHAPE_DEFINITION_REPRESENTATION(#3647,#55);
#3641=SHAPE_DEFINITION_REPRESENTATION(#3648,#56);
#3642=SHAPE_DEFINITION_REPRESENTATION(#3649,#57);
#3643=SHAPE_DEFINITION_REPRESENTATION(#3650,#58);
#3644=PRODUCT_DEFINITION_SHAPE('',$,#3668);
#3645=PRODUCT_DEFINITION_SHAPE('',$,#3669);
#3646=PRODUCT_DEFINITION_SHAPE('',$,#3670);
#3647=PRODUCT_DEFINITION_SHAPE('',$,#3671);
#3648=PRODUCT_DEFINITION_SHAPE('',$,#3672);
#3649=PRODUCT_DEFINITION_SHAPE('',$,#3673);
#3650=PRODUCT_DEFINITION_SHAPE('',$,#3674);
#3651=PRODUCT_DEFINITION_SHAPE($,$,#38);
#3652=PRODUCT_DEFINITION_SHAPE($,$,#39);
#3653=PRODUCT_DEFINITION_SHAPE($,$,#40);
#3654=PRODUCT_DEFINITION_SHAPE($,$,#41);
#3655=PRODUCT_DEFINITION_SHAPE($,$,#42);
#3656=PRODUCT_DEFINITION_SHAPE($,$,#43);
#3657=PRODUCT_DEFINITION_SHAPE($,$,#44);
#3658=PRODUCT_DEFINITION_SHAPE($,$,#45);
#3659=PRODUCT_DEFINITION_SHAPE($,$,#46);
#3660=SHAPE_REPRESENTATION('',(#2086,#2361,#2362,#2363,#2364,#2365,#2366,
#2367,#2368,#2369),#3626);
#3661=SHAPE_REPRESENTATION('',(#2087),#3627);
#3662=SHAPE_REPRESENTATION('',(#2102),#3628);
#3663=SHAPE_REPRESENTATION('',(#2128),#3629);
#3664=SHAPE_REPRESENTATION('',(#2144),#3630);
#3665=SHAPE_REPRESENTATION('',(#2272),#3631);
#3666=SHAPE_REPRESENTATION('',(#2311),#3632);
#3667=PRODUCT_DEFINITION_CONTEXT('part definition',#3690,'design');
#3668=PRODUCT_DEFINITION('BPL-700 Assembly','(Unsaved)',#3675,#3667);
#3669=PRODUCT_DEFINITION('Part 1','center_solenoid',#3676,#3667);
#3670=PRODUCT_DEFINITION('Part 1_1','top_plate',#3677,#3667);
#3671=PRODUCT_DEFINITION('Part 1_2','outer_solenoid',#3678,#3667);
#3672=PRODUCT_DEFINITION('Part 1_3','injector',#3679,#3667);
#3673=PRODUCT_DEFINITION('Part 1_4','chamber',#3680,#3667);
#3674=PRODUCT_DEFINITION('Part 1_5','bottom_plate',#3681,#3667);
#3675=PRODUCT_DEFINITION_FORMATION('',$,#3692);
#3676=PRODUCT_DEFINITION_FORMATION('',$,#3693);
#3677=PRODUCT_DEFINITION_FORMATION('',$,#3694);
#3678=PRODUCT_DEFINITION_FORMATION('',$,#3695);
#3679=PRODUCT_DEFINITION_FORMATION('',$,#3696);
#3680=PRODUCT_DEFINITION_FORMATION('',$,#3697);
#3681=PRODUCT_DEFINITION_FORMATION('',$,#3698);
#3682=PRODUCT_RELATED_PRODUCT_CATEGORY('(Unsaved)','(Unsaved)',(#3692));
#3683=PRODUCT_RELATED_PRODUCT_CATEGORY('center_solenoid',
'center_solenoid',(#3693));
#3684=PRODUCT_RELATED_PRODUCT_CATEGORY('top_plate','top_plate',(#3694));
#3685=PRODUCT_RELATED_PRODUCT_CATEGORY('outer_solenoid',
'outer_solenoid',(#3695));
#3686=PRODUCT_RELATED_PRODUCT_CATEGORY('injector','injector',(#3696));
#3687=PRODUCT_RELATED_PRODUCT_CATEGORY('chamber','chamber',(#3697));
#3688=PRODUCT_RELATED_PRODUCT_CATEGORY('bottom_plate','bottom_plate',(#3698));
#3689=APPLICATION_PROTOCOL_DEFINITION('international standard',
'automotive_design',2009,#3690);
#3690=APPLICATION_CONTEXT(
'Core Data for Automotive Mechanical Design Process');
#3691=PRODUCT_CONTEXT('part definition',#3690,'mechanical');
#3692=PRODUCT('BPL-700 Assembly','(Unsaved)','STEP AP242 Edition 2',(#3691));
#3693=PRODUCT('Part 1','center_solenoid','Part 1',(#3691));
#3694=PRODUCT('Part 1_1','top_plate','Part 1',(#3691));
#3695=PRODUCT('Part 1_2','outer_solenoid','Part 1',(#3691));
#3696=PRODUCT('Part 1_3','injector','Part 1',(#3691));
#3697=PRODUCT('Part 1_4','chamber','Part 1',(#3691));
#3698=PRODUCT('Part 1_5','bottom_plate','Part 1',(#3691));
#3699=PRESENTATION_STYLE_ASSIGNMENT((#3703));
#3700=PRESENTATION_STYLE_ASSIGNMENT((#3704));
#3701=PRESENTATION_STYLE_ASSIGNMENT((#3705));
#3702=PRESENTATION_STYLE_ASSIGNMENT((#3706));
#3703=SURFACE_STYLE_USAGE(.BOTH.,#3707);
#3704=SURFACE_STYLE_USAGE(.BOTH.,#3708);
#3705=SURFACE_STYLE_USAGE(.BOTH.,#3709);
#3706=SURFACE_STYLE_USAGE(.BOTH.,#3710);
#3707=SURFACE_SIDE_STYLE('',(#3711));
#3708=SURFACE_SIDE_STYLE('',(#3712));
#3709=SURFACE_SIDE_STYLE('',(#3713));
#3710=SURFACE_SIDE_STYLE('',(#3714));
#3711=SURFACE_STYLE_FILL_AREA(#3715);
#3712=SURFACE_STYLE_FILL_AREA(#3716);
#3713=SURFACE_STYLE_FILL_AREA(#3717);
#3714=SURFACE_STYLE_FILL_AREA(#3718);
#3715=FILL_AREA_STYLE('Steel - Satin',(#3719));
#3716=FILL_AREA_STYLE('Opaque(112,121,128)',(#3720));
#3717=FILL_AREA_STYLE('Opaque(179,179,179)',(#3721));
#3718=FILL_AREA_STYLE('Opaque(234,234,234)',(#3722));
#3719=FILL_AREA_STYLE_COLOUR('Steel - Satin',#3723);
#3720=FILL_AREA_STYLE_COLOUR('Opaque(112,121,128)',#3724);
#3721=FILL_AREA_STYLE_COLOUR('Opaque(179,179,179)',#3725);
#3722=FILL_AREA_STYLE_COLOUR('Opaque(234,234,234)',#3726);
#3723=COLOUR_RGB('Steel - Satin',0.627450980392157,0.627450980392157,0.627450980392157);
#3724=COLOUR_RGB('Opaque(112,121,128)',0.43921568627451,0.474509803921569,
0.501960784313725);
#3725=COLOUR_RGB('Opaque(179,179,179)',0.701960784313725,0.701960784313725,
0.701960784313725);
#3726=COLOUR_RGB('Opaque(234,234,234)',0.917647058823529,0.917647058823529,
0.917647058823529);
ENDSEC;
END-ISO-10303-21;
